feature_0,feature_1,feature_2,feature_3,feature_4,feature_5,feature_6,feature_7,feature_8,feature_9,target
-0.3680160736670437,0.698164421750891,-0.3051622999429823,1.5106814738432885,0.6837091504024939,0.5788859398369341,-1.4592212654217906,1.342326589450769,-0.23303167107123857,0.6350275690720911,1
-2.782846387399175,-1.706489127679997,1.3176976819723825,-2.1509427527867393,-0.7977414984564859,-1.998308920341811,-0.2794329552906298,2.159504775306831,1.9617288631431353,3.867486021390903,1
-1.5208538096920843,0.38334213970512815,1.703973771732034,-0.912539481373688,2.06318341931558,-0.6075949712016684,0.044832252558368514,-0.19480796126689937,-0.392005404013519,0.5087948663045393,1
2.6896374974391644,-1.154616824354365,-1.198926071463697,-0.7908724648510996,0.3586747060511434,1.9253904504874857,9.230973335544114,-5.872051292322904,3.367797054129879,-0.4131472227265243,1
3.7576008409551456,0.8371330799185732,-0.12819824085215326,2.926627515758352,-0.6626740519345098,0.13566815896461293,-1.181198132270462,-1.3867228300730812,-0.9286502634099032,-5.553161762105021,0
-3.9025347404868405,-1.1224091618015102,2.6482642329022617,-2.4857269250823784,0.6698104296701444,-3.5965521472883317,-0.7168675883904029,0.13890723815367634,0.16883879086719822,0.6369609165905813,1
-1.278722497931006,1.5480775548308632,-0.32803530481887266,-1.308712582381504,0.7984368278836503,-0.46332866043718157,1.2052638628220496,0.1389291748392527,1.084066878689777,2.0338653365852335,1
1.311203776209087,0.2777256563345103,0.3877812093623871,1.1238434032578575,1.2125845819735506,-0.9818181980230404,-2.3715554901411164,1.841550726106785,0.6519224661149299,-0.8801107479661863,0
-2.1830713495858483,-0.30906802223636265,-0.3981771222907189,-2.1506490808448038,-0.039201192697753275,0.6763146551544199,2.205584778170576,-0.31522231385757715,0.38522290210113197,3.4338500664119875,1
1.7094090359651872,-0.35837809823226846,-1.2323125260226988,-0.5017426371201752,1.0937656474284883,0.7163677552137935,4.327950708956938,-2.292414757725711,2.251954635688657,0.17705513788136804,1
1.9372001394813858,-1.4914267376560257,0.12129183090008201,1.550155893135807,-0.44547088676687246,-1.8221023037228128,1.7986998007929365,-1.884753828274551,2.4857423271056795,-3.1930210687982132,0
1.2629761169956666,1.822271226723243,-0.07192559294852517,2.788306826060969,1.0551271715811792,-2.0726124033627387,-2.598426514391703,0.6668117155058233,0.5915328044968479,-3.5811519177716944,0
0.2999446884876832,1.111386925431259,0.5292829920311475,0.08428507679105668,-0.022780630445084823,-1.0408432098142424,0.721562386473293,-0.33856287133137863,1.350402670043789,-0.4528060109756641,0
-0.9357722951350353,0.5522618258130304,-1.6459388977685612,2.1955143979844447,-0.025702232509186518,1.938650988071462,-0.1602539162399663,-0.39036764179368033,-1.43606710833481,0.04891617931672529,1
1.446841139431104,-0.4854481339801763,-0.005936426468805091,0.6064870126656878,-1.3380529005349184,2.329121268769047,4.42133274305364,-3.1619794530778673,0.6053315720265834,-0.4190996033843153,1
1.6270532105614988,-1.069785702078506,0.658297225203948,-3.561197784815875,-0.36054902617202,-1.062061816427746,-0.8077024241814132,-1.1461631555535177,-2.2636204459947393,-2.668430772915056,0
1.0706754328610633,-1.1422402519844435,0.3816370677020346,1.7778391512663743,-0.8145025922824178,-0.3549988011763018,-1.4953011760483415,1.7817320689588754,1.3119969451371538,0.026500252237118584,0
-1.0176971407275972,0.559778494786625,0.14602111704443896,-3.6154022824208654,-1.617554530930328,-2.7620421742489363,1.6789755874320738,-1.2798745452079263,1.0705997749508946,-0.046628922838969813,0
2.414237495292466,0.43641023868737466,1.003801889635533,-0.8877596923621567,0.9037327842984106,-1.912234434306283,0.1240636164144481,-0.04786290622317679,1.750434544062412,-1.7590555319463814,0
2.2462128576035028,-0.7466614364206963,0.005836832034040919,3.4948758662439,0.8997203730295341,0.39772779335437214,-2.6016198057132955,3.4671399458917223,2.146199105198487,0.693520083635782,0
-0.3546732189971251,-0.2834620453258333,0.8983055138568968,-4.036535771038822,-0.2909867411001344,-0.03624723553085474,2.7440307528266508,-2.9215416507297802,-1.4455065508644995,-0.46863532222480414,0
1.8433061816840728,0.12390824563606952,-0.6235090134903337,3.2291490317996963,-0.5021715068525778,-0.44087829217524055,-2.0284959429789367,1.9933338040361972,1.7042029990056982,-0.943094066239188,0
-0.28134161867840657,1.0094696724921264,0.17830995631569363,-1.3169198699472684,-0.976169018468538,-1.0115583800114107,0.7471177244735365,-0.5625744890036186,0.4699627844368497,-0.07961710427188687,0
0.7498883073599898,0.02261002381455466,0.47448269625052647,-0.10215328551528446,1.551122589466414,-1.384754130225068,0.32621966660295487,1.236126169691509,2.8242115055515686,1.0702150838765556,1
1.940680568070484,-0.3005156804971317,2.0515034709238975,0.21526750135999706,0.6249536980641566,-2.0887750362670063,-1.1286615924363337,0.32159974873595154,1.1306814652633395,-2.4624992552875407,0
-1.7445450668036497,0.15675738517963128,0.5722653729016526,-2.1667600832689464,-0.4589573337942803,-0.48878794514748214,-0.03801463421506677,-0.43537929088408367,-1.3422964823516912,0.5840538610519616,0
0.8033179310814487,-0.3901206894213935,1.6724060321201581,-2.6567063923844576,0.6715419334514876,-2.0762934415823864,-2.6873169842333327,1.3336373563478872,-0.9422343495137622,-1.1090886022613826,0
1.3309442942848326,-0.4145461142877869,-0.8083195385975238,-0.8921454302462426,0.4040896142169139,-0.07322408092767696,4.976875521745158,-2.367830443124541,3.270820347773756,0.5969204099201844,1
0.7732691196650581,-1.970911088659686,0.862356164470016,2.0172220548564797,-0.3847560032107115,1.6447126078517076,-0.695946201068276,0.22456818555828462,-0.8590236206882156,-0.5043861143482014,1
-2.954552696936115,1.3014869442559946,-0.20694265952511098,-0.3215291120016345,-0.5883973472357426,-2.6184554379852054,-2.156687798717543,1.1423049432554753,-0.1413273959657011,0.15634246150585357,1
-1.1128977953170982,-0.656171647592537,1.0341529977218715,0.2424058022272575,-0.29637267569760684,-1.256345708168434,-1.8152639108862463,1.7273818379758537,0.48138401670973485,0.7787926084494367,1
0.15030522872317575,-0.7541921187951445,-0.560191180674306,-2.9466596393140416,0.0533279658494385,-1.8416239614570165,-3.5561477160376413,1.8170805339007128,-1.8692309420852395,-0.6956677716241717,0
1.7640428892997764,1.3797500638776827,0.03354209382480263,0.7365344928421502,-0.4216547671935536,-1.9668302911502917,-2.671557294149559,1.1227531353811184,0.2582647413353325,-2.6932037815693404,0
3.9371184366888685,-1.0718783600727297,0.18290515945825367,2.7466104526399033,0.010704326716246944,-2.048399248660634,-7.592747164195817,4.066825484801771,-1.0028898654456424,-4.553906099758701,0
1.8143036331305313,0.9216763194775675,0.7027366716094254,-0.5100403826859847,0.2165605471382922,-1.6736216279398426,1.8140276513452287,0.45105623218985014,4.0239033289279735,0.7279762737148823,1
0.7727581036096155,-1.1235103453834479,-0.29554480125901383,0.8587936498087949,-1.9045245195686462,-0.7968273319705181,-0.4421321015799646,0.4824330403879703,1.0870547501981354,-0.6626962377909087,0
-2.428062042614155,0.28671626455601884,-0.6818358775564558,-3.94953394288854,-0.8229015570243284,-2.513739581294967,0.20556281070122862,0.3809001345098215,0.470362033320639,1.875619764420296,1
-0.24509160605531055,-0.7432363667780943,0.933992223153786,-2.5618497580413595,0.5245174345941758,-1.4803475290124173,0.7421006963665674,-0.5281416238973538,0.3957315331608243,0.06457145910424539,0
3.087238108731692,0.8940966759537066,-1.0412947614311003,0.966629125228899,-1.1944585565751942,-0.9286771277270258,0.011226063297753362,0.9649487675312476,2.7849640653409775,-0.8410148840075897,0
-0.2738704307026887,0.41655376162904734,-1.0745147516033553,-2.0199279976217364,-1.3689814857098772,-2.583632738776201,-4.166342470700147,2.0898066479686244,-1.4871336398704462,-1.189574548468476,0
0.45304874290759456,0.5333647089351805,-0.7197588447268848,-0.6362497711573467,-0.1680809844048159,-0.3454351212675647,-2.061747663126231,2.5887687537369444,0.45479123507864394,1.585708804822896,0
2.145986349209715,-0.38670454127544374,0.31932188607293716,-0.7988159838943434,0.39750594509097736,0.2946882281869734,4.094206788661717,-1.918909477639294,2.6778634625428124,0.16936303779604067,1
-0.14164663571386404,0.7183932583473456,1.4698956716929237,-1.6137039745298773,-0.28122874397210224,-2.046197635468875,1.1213008876992043,-1.1484084110561636,0.9829847062906,-1.0016230543980804,1
2.742635088332121,0.7358637437619352,-0.25688522910376554,0.39301544155264545,-1.4322774857320153,0.8913778709967186,-2.58506951644406,1.7546625438564267,-1.0140792157855323,-0.9276103517924095,0
0.3240669246716832,-0.6366176209441123,1.0077935711396466,1.655984051508832,-0.46754654788279687,0.94751259478788,0.9748870265862889,-0.5010695966725467,0.5796731763145586,-0.02597822275859141,1
0.14963605834754024,-2.444332480542263,1.1937736582635834,-0.18498911527159145,-1.2546344849838706,-1.7716206809053752,-2.214880988338966,2.360603147588141,1.2012391534601519,0.5650162122603247,1
2.0778338713864883,-0.12115804919071038,0.948865245446841,0.8736055741981925,-0.3792459077712594,1.3567830731529753,2.408950844588809,-1.0902147302489937,1.423442282948525,-0.09735797700037349,1
0.12397869039607856,-0.42974708628784625,0.831857703613595,-3.893200180850921,0.7217672558611554,0.07896590873678999,-1.0440852532937854,-0.369466022196258,-3.0516607808859924,-0.46685774871686214,0
0.9636911541988711,-0.05508475461707899,1.1446661572756716,-0.4847838115295757,0.5490418113477318,0.4024894497224275,5.021892294155384,-3.2348483831452346,2.1337215199461266,-0.2893226815831145,1
-2.57404928848918,1.1867719039853397,-2.1147648964521877,-5.8784454423864725,-0.25333374148674426,-0.7062607593196549,1.043729236588191,-1.175285480041524,-2.2809567091803915,1.7760287571615172,0
1.5211203455202074,-1.046878502776499,0.628208011796339,1.4830379347176417,0.25840171553463326,0.5821673478763718,0.310841204270985,0.17339642380776232,1.0072699006414398,-0.3828542413068522,1
0.5997240546012659,-0.5171712769561332,0.14745924039754665,-0.5171570152556733,0.039990647464107375,-0.7014463240251572,-1.2178590369038638,3.7019549816474058,2.918908545567316,3.623429186732576,1
1.1131115089429169,0.029739030956155498,0.0655809713701782,2.5145299517612187,-0.43782232443032437,-1.2475097450846653,-1.955587017978308,0.9085888272248969,0.8269879367000423,-2.1836253850057457,0
-2.458379144886649,-0.6721149512375412,-0.04847417771047321,0.1750331386747701,-0.9313989990059521,-1.5074401033991243,-1.628386091412447,1.6628038530274474,0.47599751981710514,1.4411463202758152,1
1.8280557499454506,0.861166235982181,-1.443770055576542,0.8661924661006983,0.47733145642319164,1.410085559710707,2.275325752287699,-0.9780344835771724,1.2862343084491779,0.09199460935147526,1
1.4629100040314107,0.7251601334034021,-1.8100431225280182,-0.558959656353277,0.39376624230404117,1.113500557806613,2.238624878097129,1.1835377108513518,3.0944104666349723,3.4952047577569725,0
1.2654880431390436,-0.3620005389905039,1.2456183122182143,1.9335241075475484,0.46639774924761235,1.758891455061933,0.5456034230581461,-0.5322475222383571,-0.22518244430942147,-0.6469823046820083,1
-0.6743757509121868,0.14701175086615675,0.5851320392637632,-0.8251353408844956,-1.0172549002237248,-0.7650593890145756,-0.39504069685661447,0.38996162249809985,0.058899426801592325,0.4221418712440468,1
3.4323867527522185,-0.24359950775306205,1.523368553129795,-3.262000904668457,-0.31332259200413143,-0.20632950528211746,-3.3816024778390954,0.378797709983662,-3.7303819889761742,-3.4255662594873786,0
1.1643911556018278,-0.36537743585665683,-1.280415803416591,0.40658381253717046,0.18464585699325556,0.9418751781002577,1.8855156463046332,-0.5685482163023379,1.2884270618099016,0.5732714608984038,1
1.3415763643029448,1.1780256831922882,0.8748468271196571,1.018325957058304,-0.1438642738914198,1.599982540334947,3.8543523337527685,-2.129301243289723,1.6994094719822677,0.16076955902885764,1
-0.6183865814942158,-0.01865679377762594,2.1003956109556703,-0.6173288495958991,-0.26516177223404164,-0.3341176369961787,1.6481370098345265,-1.0153039854209263,0.7073139153911352,0.3594387579287443,1
0.41313039768756565,1.1989974816554931,0.8744963283982289,3.024831640957688,-0.6324513939508659,-0.19122954237180678,-1.5818282604313363,1.4226662570962536,1.02743048424323,-0.4678236368450542,0
1.691401191101464,0.6792531857002103,-0.7121370117112932,0.8755247294451305,-0.3492294754153675,-2.0830898215568725,-8.178811095392543,5.03457677856979,-1.8615259488564464,-2.1253370229617,0
-2.2242852962581257,-0.36650780077482936,2.011756445879286,-1.039513202280615,0.2984759569068916,-3.205737581484023,-2.3915742913416764,2.660809159807819,1.507249654725506,1.6331824768739902,1
2.4047747080626745,-0.8583881142065399,-0.2761054479357567,0.08594593204445633,1.3647647548555963,1.1508796167019009,4.975790131903786,-2.5019723750785134,2.832423264392709,0.1381694014122634,1
0.4959949793390509,0.36519790841142424,0.5545285700218084,2.6725614560494413,-3.1956240884900367,-0.9240553049449372,-4.188793490322654,2.7193440506373143,-0.17504574722595456,-1.212972282402024,0
0.7891832515748115,-0.7769898342505827,0.648479326697246,0.7732616750863243,1.461242227246194,2.043159581545347,5.2343018566476465,-3.723490855373925,1.073907383277664,-0.32062307030852866,1
-1.6582610549453802,1.1944648053276665,-1.4267375640444053,-4.676830595784711,-0.4808957088136235,-0.7892970876544642,2.6726742023434147,-2.6433329189479315,-1.2195658551627795,0.3568288943099665,0
1.4860957344731611,1.9699379120649152,1.1247999769778887,1.2475567010000044,-0.19728558300943913,1.64013937720829,3.788876450025498,-2.449093328870841,1.381501948696516,-0.45685417256413924,1
-0.45590055620869396,1.28679100245301,0.014319507797229505,-4.21277135745186,0.15637719199261638,-0.800310043683532,0.9295291404357565,-1.6083662861343897,-1.6786999009090984,-0.4601986833914217,0
3.434749147141155,-1.6850588974175522,0.5931161204003247,-0.5303189195626257,0.7602016326255314,-0.7813219922102815,-1.4305743758801115,2.413984629823267,2.0554602396827706,0.18253204179611227,0
0.27508825953821736,-1.8536912317696805,0.3923182190045338,0.4718839384961755,1.1827773704720832,-1.0866003667758712,-0.884354964766466,1.1628314192459555,1.2432842594052071,0.12383864876261079,1
0.5857632008601209,-0.08203063630915813,0.7433635615069143,4.44884281742003,0.007576659778061981,-2.0609341462087323,-5.000377634043465,1.9119584163471068,-0.41513792973405894,-4.033103427630013,0
1.6221154294964966,0.974609111422171,-1.3009334307640588,2.10890110241182,0.10975340127556972,2.6498232242603423,3.9951913968095405,-2.879881865994607,0.7699290240633775,-0.7359033700376724,1
-1.8611644067450686,0.6392940877220978,0.173594816444725,-0.4897459659935519,-0.44831327504372454,-0.41282737114547075,-0.2670235459845808,0.08527129351300222,-0.5257844461107186,0.7714745997769583,1
2.1816517281667362,-0.6795143155756067,-1.0680638475628392,-1.0468105178202691,-0.3626619713560788,-1.5906700463641248,0.7527404435039221,-0.2055066638462122,1.953343570561016,-1.1322922042508399,0
-0.42206388530112693,-1.7892719485488386,0.26089708605712036,-1.2732121362243247,-0.07483576567329805,0.3397591850966035,0.5408963732379775,2.1851598215914008,2.062704025575539,4.203549008728324,1
4.507355551609757,1.6046906298810326,-0.38188864345932905,4.169923666402197,-2.635838969513206,0.18695992555201513,-1.1400518940821243,2.6734460375156135,3.9298216262496206,-0.5299239839999103,0
-1.1597930144152158,-0.16364583881502875,0.670957572095812,0.298645694438905,1.8359124002008285,-1.3771704849998039,-2.1939445279728473,0.9098438203395526,-0.7003590448062376,-0.7356515404833809,0
2.3176438765231895,0.15180971381551212,0.6461510893561248,0.8408792206391136,-0.9397883083349045,-1.4564628202912988,-3.2699957417918655,1.079912942683864,-0.6828693591699218,-3.3673217099278485,0
0.44928675595041045,1.3907631720334803,-1.5106847034140596,2.1372103834011043,-1.8902406641369962,-1.873650421892703,-3.763699965167181,1.607417177546146,-0.3450536920256322,-2.6327824779891857,0
-0.6843938780048262,-0.40661894506453433,0.6119036661702267,0.6579920323010751,0.080601799015813,-1.5386270737421643,-2.3357648015144314,1.5123811328326076,0.12715936849914755,-0.4199766050657472,1
0.33461497265284335,0.5202820618006929,-2.8511678072466404,-1.2527368997653916,-1.5101601780690737,0.2504808969694188,0.5445099330453502,0.5989584624535929,0.6714956971738311,1.5710860995104359,1
-1.0426979105434109,1.3875896801940337,-1.7642225586347025,-2.577071581563483,1.2744480525552093,0.37498024000923813,2.9301904824235274,-3.491419605942835,-1.749443449212344,-0.9511584281497638,0
-0.9020163224038366,-0.8424305054311236,1.3341294680772102,-0.14461875033819638,0.8448629037751898,-0.8286411736622462,0.5372040944188751,0.7610271825675612,1.7570680396147933,1.672189322038153,1
2.0371504366056308,1.1804283572479357,0.1779210100791577,0.16904476673783653,-0.6382929251113144,-2.1395002914749894,-4.878989003850648,0.9426635032542813,-2.472121352253221,-4.949201837560504,0
0.6238482573115569,-0.26696594618356206,-1.309210352534179,-1.1539868825652073,1.4033805327436546,-1.0350413105547247,2.6321164776847534,-0.6890475895519539,2.7844456851061237,0.8923268805258519,1
0.49322869182986706,0.05880434573626804,-0.21811946065081583,-2.914567594047303,-0.6102823114778584,0.4689384363608735,0.7694119707739163,1.8005836124107624,1.4337912134635382,3.881154978421613,0
0.825434260095798,-0.2235917799038682,0.5148752363294603,-1.3159403822735047,0.6826368812128897,0.14353160610436455,0.560765292537416,1.197953576363355,1.482477343718536,2.143965873797033,0
0.5283292112143324,-1.7128076130966914,-0.48416050526859233,-1.3300041961794675,1.3899850432724044,-1.9042481393253383,-3.519394483333783,1.4023864165563718,-1.5230467898567008,-1.871376882669149,0
-0.3234336319659965,0.39609100485977183,1.97871068423802,2.4679736136012798,-1.390182485391283,1.62022841882332,-1.0732572195868249,0.30382423945877335,-1.2790678451399207,-0.2984647394416539,1
0.844180796529332,-0.26456903260431874,-2.629870835259099,0.12735236025691354,-0.17836431054107404,-1.3641982920674416,-0.8944739088939555,1.825171617200783,2.1308208776030817,0.721816661860276,1
0.22949124955229805,-0.6575415838632674,-1.291843267510811,-0.18180157617477488,0.6660248555449385,-0.23268770039350306,1.7430984300857413,-0.6538562970793069,1.475008454882229,0.45157005938861083,1
1.1604138114067273,0.009770567353241414,1.400554386500802,-1.5815320612595438,0.13077246894419722,-1.2249039326522335,-0.9604728334150633,1.2549675464611516,0.799902556790776,0.20519614434839026,0
1.7653845821699556,0.32423730126634465,0.9457291126502332,-0.028525729837128644,0.6680008739414233,-1.6429937983443628,-2.8784492307287315,1.7082443558068576,0.10461102560136126,-1.7264477606672914,0
-2.2163837829806834,-0.6716437881359524,0.04722252151672714,-5.177815674826935,-0.19967730185646448,-2.131563167751006,1.8233935515269946,0.9515076314904147,2.222651441746287,4.46156844378217,1
0.005544028864686856,2.401070328237232,-0.12088687171277415,-5.870887791467544,0.3509995917697252,1.5645582684099604,5.9101965988746805,-1.6036717891189758,1.7561291542793587,5.1166178539669165,1
-0.8000193503411195,-0.06757092778864765,0.09479495967607107,-1.3888169591433326,-0.24747600804098666,-2.180876264585872,-2.196171865880928,0.9428348241896823,-0.6121257206817672,-0.7831832503929335,1
3.4215415647724887,-0.7228276301385732,0.057955168641172075,0.14125234956676913,-1.814447367262549,-0.7164687169623617,2.6187927211129063,-0.45169039675524325,3.9118920104462243,-0.3930344770537751,0
2.0525679112639796,-1.4183029081738565,-0.08352567618569602,2.452130116192415,0.18593029505716607,-1.6147749093802486,-6.617013477835287,3.9316406200268905,-0.898984552370995,-2.676784444365653,0
-3.4033019458127725,-0.5487467773601188,-0.025749703749578454,-3.5648337172565903,1.4409914934980286,-1.9595305435062282,2.5567788273103753,-0.35022780986937385,1.9038274160236197,3.5498938922029644,1
-0.3019115099973,1.0379708957043694,0.26872299878292705,-0.6924976140377166,-1.3759751853157975,-0.6930161078842136,-1.7369955320968986,1.9274952191053885,0.20175419213260937,1.196055448541361,0
-2.775627105528244,-0.14088162250669609,0.4566659726899563,-3.4536260274386206,1.4137430047628436,-2.845373756012906,0.30538117196599723,0.9067169255687431,1.4799225791386745,2.603933973412951,1
3.5947065162254352,-0.945468708176232,-0.3721345413413484,3.038226062228566,-0.05903983159068665,0.5368592777339745,-0.8167704451915657,2.692168522689603,3.425759007213334,0.6774105033986269,0
0.34319849851014106,0.7765306072377874,-1.203124591748787,-2.4264175435181423,-0.16712686023920295,0.2720848790802002,1.080887868638588,0.9027202079611871,1.1509646325260134,2.7703045510552218,1
-1.251348162812076,0.16752597516224846,1.089937788201805,-0.7080895317677756,1.0296003861898777,1.1511233137213854,1.0451897519157836,0.9571973447112496,0.7771873192739897,3.5524773080556944,1
-0.5860014936242568,0.8211067539633902,2.085327800717563,-4.9708186531071075,-1.6837276933113343,-0.5347459522054367,0.7714206426745898,-1.1693213027149492,-1.9132177288443748,0.384905699895964,0
0.1719757461340814,1.6994199924016902,-0.43319374933425525,-1.7270786754865763,-1.8902046566489292,-2.2261470119081137,-0.011493074087282756,1.6990798368192364,2.807165890964339,1.7677234807009514,1
0.13366658221345085,0.48527033434820427,0.7801577172566626,1.0743249587363535,1.4648661065048172,0.6379078301993089,-0.5197590747366561,0.40467148377459505,-0.21996996691043758,0.03683897085824231,1
-0.06436952477156055,-1.8903418022670535,-0.7863361038772816,3.6433852815420003,-0.3722185096467923,-0.5613935400723609,-4.317381579831238,2.902298196950313,-0.17307934472182906,-0.882543581952811,0
-0.5740522771389309,-0.46609040423510983,1.2972303535117882,1.189864826213193,-0.7922679859637135,1.1364796514871662,0.7685164247525121,-0.6675253819254832,-0.35241884028198256,0.2123169281403158,1
-0.3419076861131596,0.22746726788069838,0.654663962731513,1.1057700316366619,-1.6068579463628425,1.3269999623979865,-0.3895914710962847,-0.0447635272439465,-1.149896557848097,0.04873442072965742,1
-0.8549415263066422,1.6533901164606613,-1.0366364513781783,-2.0325831170424413,0.7502745084934752,-0.5771121252876162,0.7993248038442781,2.0241527088710862,2.491228908928746,4.228662577338913,1
1.3009265262065393,-0.36994417856372275,0.3149101318319002,0.6397251796384091,0.19771537465791925,-1.6399240416191065,-3.900520949727218,2.355003140175739,-0.25636717825847033,-1.6579734490516382,0
0.35430400076360224,1.1984651733852207,1.1210763684490113,1.5517176803509907,-0.9941057342308224,1.586371539365469,3.221060560670077,-2.5323381988759315,0.5341239869225614,-0.6021451634395854,1
2.0357489187835123,-0.3992342192971013,-1.6455770589327428,0.08682279826520534,-0.0635742772052676,1.23824699259043,6.397746764816179,-3.9146397820240075,2.8423021755851146,-0.3595224266487687,1
1.2083124628567004,-0.12790190849850178,-0.01923508911892533,0.44379009744882447,-2.3154453373656176,-0.7477159424639379,-1.8943412812635643,1.4666965525106617,0.3583130281555632,-0.6586221593164752,1
-0.060279401229796914,1.0245044244477173,-1.7756722535017238,2.2119945500532037,0.6480780112135067,-2.4986203190419896,-6.55986149389981,2.739014044155333,-1.995517767327803,-3.539140085990893,0
2.0868877490307582,0.08368981997688686,-0.3489217264410125,0.4176100820242672,1.0659097871516237,-1.5101621268645657,-2.6817146937738134,2.0569762171487547,0.8332012055205962,-1.2869097340913833,0
0.5377935494741652,0.1596777618308206,-1.0331362400785684,0.38540237854214765,0.42256716467424005,-0.49170249553951006,-3.6062704412551323,3.1413703323700215,-0.23110719996455953,0.6337213230947775,0
-0.8064220639564958,0.03304173913145254,0.9720448871025391,-2.4822266198923213,-0.5114228386536627,-0.2164246941560306,2.759237806241441,-0.517423358889942,1.6719105368503264,2.6504714670228466,1
1.4167830025318162,1.1414234246983592,-0.5794930678011466,0.3700615040906573,0.2539157193348046,1.621294019328304,5.302906309270235,-3.4817622051409742,1.7143343097296493,-0.31563842642595924,1
2.779059525392724,-1.2988288180988146,-1.7551658799899803,1.9320782005325996,-0.2824777107832254,2.9610427715786787,6.867122476549128,-4.418318739181066,2.4317847430174693,-0.763421782649281,1
-0.8553183240387672,-1.6759559708658476,0.1396621276864955,1.4329697689336496,0.05530418530522223,-1.6341493098173905,-3.227873695685715,0.9227146092743362,-1.1867092359925566,-2.1780609526276287,0
2.3139387445371913,0.5804197564673585,0.8805628943076674,-0.2473609758983084,-0.5375840551879599,-1.29980839019421,2.1952928521217125,-0.8875354631066426,3.0067102812871673,-0.9632911528608203,0
2.9575347706643185,-0.005902242320550605,0.06828327593863867,2.4499576219852948,-0.027135232619142746,2.012647127902787,4.6234977692620784,-2.1349076343254403,3.1745114556980147,-0.17569337788878173,1
2.1418032873580373,-1.4318006060395643,-1.1096989703470332,-0.05774278186682891,0.35083947442464103,-1.2100902613923743,-4.323024162228542,1.9507019891643096,-1.5416820110696658,-2.655601869639055,0
-1.3842804243253752,-0.9925609153928416,0.0741518959311109,-0.05900140588223057,0.1774864154778142,-0.40672482340316096,-0.9971473555087073,0.8597406770680428,-0.2908072231472223,0.8622666539608665,0
1.3380865079158948,-0.0029312185062886987,0.4771243697879102,2.257978383884497,-0.6916896590824176,2.504049413462077,3.446069315343095,-2.6109003162430247,0.5183718523090979,-0.8001696260119353,1
0.7438227273168951,-1.2052471644989584,-2.441915562924823,-0.2149675354890649,-0.8419765290621017,-1.70690318857676,-1.305440651032341,-0.13674330340661456,-0.2705291335241953,-2.3819242981301376,0
-1.5428593622415074,0.7934524888344344,-0.3577869084808121,5.011733108644704,-0.6736325764305153,-0.21259582922456477,-3.9545509091589888,2.1379667120101264,-0.6485559172486333,-1.0860968564810403,0
1.1597406626309013,-0.3539424825269719,0.5548823050956851,1.7805546121505387,0.6466033975037647,-1.5568507688608222,-2.745396386774922,2.62611409889755,1.6747689826985632,-0.45032069622134374,0
-0.7739632672918456,1.3954404905875524,-0.24304406264474712,-2.841242077625,1.4054286815359291,-0.2815194207055184,1.5484988623936868,1.2106136664806175,2.00295088511335,4.043797423079405,1
1.5904322689029424,0.07084639605228406,2.695488709469085,0.6066281368808174,-0.9496387450907569,-0.5671378797478183,-2.169029089271768,2.356484840619967,0.9825944610590511,0.18322981206516764,0
2.784989661382496,0.024071719656142992,-0.3202756618312719,-2.805435420566872,-1.474245653848466,-1.05881172686597,2.3551353269656436,-0.10654683666715292,2.981819564656736,0.7842974002086905,1
0.7368525709621425,-1.631735399777714,-0.5620938101481859,0.660002183052818,1.6594194988582092,-0.763525829848486,-3.1032735862697796,2.6423026449600346,0.17713711499159557,0.09395479998178839,0
-0.6548768326020138,0.9631647253543423,0.5720856825544234,-2.070777461373723,1.6182857249576108,-0.32687338456688675,1.1210959041425423,-0.3962083360593216,0.1938500252392733,1.1522373606614729,1
1.7604364411372302,-1.0037189970106466,-0.665768455807889,1.6020079008850883,0.4598822437138199,-0.5822340020249415,-2.278485524152,1.9539566699575897,0.8597584520995261,-0.8203306193271731,0
0.7777283357947516,1.4346987329613874,-0.13451512782328243,0.3434746738282889,0.6051153345389434,0.8041633445911027,1.4925848348576591,-0.6940047936117277,0.6975677594682521,0.20560313091473176,1
-2.8945688109531034,-1.2954792654238505,0.9463355628647137,-0.9406603526884776,-0.5143412605706125,-0.37586292330308024,0.8905928622161744,0.40887226980658453,0.6983377298513662,2.8907852319460385,1
-1.481093937720178,-0.8650065001733912,-1.9031432059736781,1.6701762999494716,0.5404240025304289,-0.9838325926365017,-3.5501177204427363,1.8450032122967825,-1.14058786709163,-0.6445455217256739,0
1.1813523111197333,-0.06115660284555901,-0.7499349137782523,-1.842445407884238,-1.3315816613576672,-0.25906711035769037,-1.188534138278617,2.3458092893994946,0.8600038279911439,1.9919072242962637,0
-1.5261316786005343,2.293677076382116,1.266843064300445,-2.461186074473151,-0.989933276576141,-0.5090210964598646,0.020079349939411895,-0.5342092923113608,-1.421537207013286,0.45389244261010075,0
-1.0137418865476089,0.02088172952146569,-2.060054950306531,-1.4281210620293103,-0.8665159110088873,-0.1833428568017833,1.1186838719892793,-0.9570893785457737,-0.34325891528802766,0.4457483343427126,1
-0.29728107261643766,0.7427230614249261,-1.2100329674810664,1.9175449755415226,-1.4055789105072019,2.0281367364821397,1.1998858166599153,-1.546192389069152,-1.100143000728921,-0.5803314576690304,1
1.2396954406742062,-0.9190197910689418,-0.9805463271163027,0.8210538845444255,-1.1046309924184885,1.0265723474787782,2.957918780724052,-1.6217106301386888,1.5306069807258136,-0.06080949282253083,1
-0.10885581927180499,-0.34486025309278195,-0.016094437156061972,-3.4777521149099564,-2.208753389507562,-0.45830889766402483,-0.38947616307733385,-0.8343441991562193,-2.2854392497658154,-0.7569589229177404,0
1.3648801139444302,1.5931210565100329,-0.7681413934931884,0.652633269848909,0.7651239739437059,1.0852936175237724,4.929494987355449,-3.096047617087298,2.1791875099171185,-0.37954285171560587,1
0.2690371709063746,-0.434743063192325,-1.7159390725522328,1.7238932114447565,0.30015374152697616,1.5219589224013688,1.3821024259771768,-0.9301035164340918,0.18493646662182261,-0.012095641080128174,1
0.19853070775840465,0.5945169111701049,-2.0742808203295895,0.6727236307419072,0.906138918091378,-2.4431715195049524,-1.211822152756434,-0.7036541376141365,-0.0016140241292619262,-3.3547755166914794,0
-0.2518215391901888,-1.5817432128345434,2.2424311574609384,-1.0542108089730977,-0.22757931935184353,-0.9666667190122992,-1.2608523432864092,1.18021487146083,0.05227525341181993,0.5234127511193334,1
0.5018045181245596,-0.858524093424465,0.4336526641592427,-2.067888367108213,0.5464872790777332,0.3073172313791481,-1.0035973874197117,0.6184805184454619,-1.3849284561699924,0.3865738708588584,0
-1.229934557799204,0.2950445672486496,-0.7873156222315935,-1.8701616740613551,-0.786250951185374,-3.11407551659158,-2.398464384948394,1.1856554126216579,-0.17563992990586108,-0.6791955110606032,1
0.8770221861610143,-0.9992938076263314,-0.9612704991504749,-0.008843113155047932,0.13535998609221697,-1.8898845791033188,-2.6170620155206694,1.1359997923817202,-0.2064814472892691,-1.957082875022487,0
0.11544792244024249,0.7796765159428879,-1.0204585492088687,-2.862019668975944,-0.595168049907042,0.43804582298951433,2.12822368824207,-0.5500913383109491,0.5031906078115699,1.961275470744013,1
-0.1078607677015716,-1.2409214848171524,0.5614719778717568,-0.13610629841627275,-1.5923727788616056,-1.1798165086022687,-1.2566754386520547,1.38393308895421,0.8012897235466612,0.4136023427010659,1
1.1353641082729982,0.08947552186419196,-0.31472630753852054,-3.4397052869143536,0.7989403953983882,-1.7459803751644296,2.406959131377593,-1.3607015998726295,1.6308710999635063,-0.2176451184336484,1
-0.6256014481686163,1.706462455746808,-0.5411811545334609,-0.7904708809021657,0.6770023973137358,0.6346095956840625,0.052993381318288936,1.633798272295682,0.8443483659674619,3.110752632513734,0
1.57869582610311,0.5197392453656917,1.0331737607434923,-0.31082809316871807,-1.1910931621995946,-1.6506830125324408,-4.885055804166542,2.6619592926651503,-1.3438418226082716,-1.9965502768303542,0
-0.09368159129313713,1.2735407305469741,0.6972281793958297,-0.6778215525943555,0.28715950949617813,-0.7346463540135351,0.3621486785265697,1.5882379741491557,2.336213509699693,2.440634357543275,1
1.3343264251910474,-0.811268733480996,-0.07291096782415907,1.3461376173587127,1.3760064863638541,0.6111170345293133,0.20029031468272498,0.8637327977285105,1.4812496839251021,0.6238012751669046,1
-0.6955701356372521,1.710706652833669,-0.09941428931580211,-0.07246266901002596,0.8569070581843299,-1.4546179198369484,-1.2749577421702558,0.8613155279780184,0.32902904217539153,-0.16800862022492552,1
-0.18582700571488853,1.7654092134731805,-0.0008555995700376844,0.42343137959571064,0.8246072919220278,0.4665581285674335,0.3975021928237076,-0.01657409516266295,0.2038304671967872,0.5096441675688046,1
2.266585912494507,-0.514685383424769,-0.5210292768318966,-1.2333137335702942,1.3985322446780686,-1.1241955871469167,-1.6630826590487902,-0.5317113296357765,-1.5455893379637613,-3.506137734116711,0
2.6193761077500577,0.7540542848457129,0.723022903730172,1.7018308729584546,-1.211361133949532,0.467077582564005,-2.334443170269835,3.737701505654651,2.1030965101936805,1.6048171751563993,0
2.3958230778382807,-1.1280284070314834,-0.03358497517999565,0.6675496689337502,-0.11472151179391586,-1.6098281579808864,-0.3477616396995016,0.2112893464051917,1.8269770205562188,-2.071701723209337,0
1.0230853893601972,-0.5791240421355486,-0.2189222734120121,-1.4102921706784308,-0.3104110382599766,-0.17038660917480108,-1.0110875637572971,0.18412615550101152,-1.1229671260920202,-0.858907419001697,0
2.4855841425334795,-1.0261395775913584,0.7355521354802225,3.294980820188168,-1.248356477711689,-2.9282043426042073,-6.87939825840955,4.0244795469867505,0.2888152921051059,-3.7689438765743937,0
1.1611961696317112,0.19286967649813178,0.8945914825692303,3.171416736959637,-0.19060853575922052,1.8361774018763077,-0.241073764015211,0.39942653955304763,0.21890858694962123,-0.2698871109910806,1
-0.8920318159188056,-0.24223934567906757,-0.05447091709771166,0.8806056219970553,-0.02490268636281973,-1.0902459188134697,-0.08673245060022994,1.2434696476165374,2.1212794017404546,1.4187791827030198,1
1.1049820052411292,-1.4260393293170577,-1.0735110468966247,1.9505815335372634,1.1800193126959724,2.286928037606582,2.9661721638997833,-2.19458852115042,0.3946117523569399,-0.5376040929309946,1
-1.7988223706149444,-0.44125560951006937,-0.8239751584107831,-0.5657778448414957,-0.5248106343369602,-3.5002653848798757,-3.0091430206848595,3.6081456794663844,2.2781618259590313,1.9510925396049652,1
-0.3916805415870048,-0.2611853187979934,0.61758990470135,1.1512106938074276,0.4858344244121921,1.905480270252868,0.6171525357596884,-0.9384860616273533,-1.3510972390003446,-0.05380438188121344,1
3.3341666129695398,-1.2976255371808256,0.7847740305269084,2.7148235517576964,0.9674163511946909,-2.2114321997404485,-7.775601453567939,4.968221412257456,-0.30783320975389017,-3.215286723498585,0
-0.005825449071801492,1.6998330137637852,3.4896476094098703,0.8479310673834255,-0.31731233288599736,-0.12377769109726966,0.9675412397583354,-0.27505915635724965,1.2267350834124673,0.2002261257819295,1
1.0372774089829502,2.739682135421516,2.123990440317852,-2.085378534831716,0.14401170666942645,-1.1178093679282746,0.9420469149423585,1.6165478176676744,3.0562962737372725,2.6166037069113712,1
1.649566700631377,-1.9212610077501346,-0.5360943424181992,-1.733861371241729,-0.08337788958990831,-0.9769736669584952,0.04009604087521423,1.1970004192705803,1.7575263197122921,0.9010911504943497,1
-0.6142731605332656,0.8267443031062924,-0.7987863651708964,1.2738471144829826,0.9332205155802827,0.1017530838284022,-1.7926179548362007,1.4246909042153173,-0.3190494864205635,0.43889167750581604,1
-0.005694545000375251,-1.2202851841396174,-0.6129380027344853,0.3392497557668519,-0.14372636180804266,-0.7105758793087023,-1.6765546831733895,2.6293465689121467,1.464138206005995,1.8074884869472416,1
1.5485319229896561,-0.45346265036937033,1.1470686485209218,2.502405233016699,-0.24286282457205172,-0.5734958690536299,-3.6020665453043033,3.04359586902046,0.7542878594495905,-0.5833384865138863,0
3.102204102038138,1.3224211821038407,-0.6259807525302213,0.8185937703876718,-0.01019412784890688,-1.9420651962330333,-5.018811212402984,1.902219234854384,-1.293740195505609,-4.3527224375619396,0
0.7073911001736517,1.764739752441796,2.9029416285053427,1.8422475305158406,1.6859365539573317,-0.504545488254222,0.34395710931868323,0.009055617286111928,1.6269813700696654,-0.7262707603702415,0
-2.0183011708105543,-0.20006740560382155,0.024577142273143403,-2.725955236657831,1.1270858255522334,-2.23214013010129,0.8707792742744594,-0.35530578406986746,0.807200582084102,1.0342916377271578,1
0.41476521029847313,0.5116663001659018,1.0214949864074392,0.48504814726927004,0.5066873795191851,-1.0986769448462668,-2.5793271944445255,1.7433209488674462,-0.046916056553059304,-0.634553700273531,0
2.2856156448545812,-0.017741834514377944,-1.0715789405176976,1.8365636238895144,-0.22337033778687312,1.9098688212813697,4.1921446908089965,-2.1935856221340937,2.3122917161098977,-0.18497408292508816,1
-0.23827290111625654,0.13373192659534713,-1.8993111708452337,0.8495073288159083,-0.5297938203086952,-2.7464317011663084,-2.4237792214642955,-0.3081371242621229,-0.788291358536001,-3.821866885466747,0
0.9558011064844492,0.21439434738168503,-0.7713575356158918,1.3574236549220757,0.23251003365745868,1.440826811975589,0.8970098533344022,-0.42122260046591764,0.24289662529049594,-0.015500686948104685,1
1.2653332907491026,-2.9310967637125387,1.9731246657865393,0.4907290421532088,-0.836851563487394,0.36205931361133437,2.3953612491356178,-1.2005576550785506,1.702321645548789,-0.17855888329366618,1
1.5498023300289934,-1.6039617514266094,-0.29637189375324985,0.7606283531799649,0.5675933646089623,-2.01067629423389,-2.577198505057644,1.1127107661919076,0.34735507457062254,-2.541190500139998,0
0.17362178479124402,1.333961392289332,0.26658333542841856,-3.723209983454936,0.2785740264381559,-0.8710326207664468,-3.0384484868867663,1.0362254768926462,-3.0925357768540844,-0.7307959660669394,0
-1.6026994637937189,1.5062332353968872,0.3399049296657207,2.2235437731105954,0.7654307292350953,-0.7038393877970373,-3.004277453658603,1.4612358430189114,-0.9460134416543322,-0.6612800978833745,0
-0.8576179491594065,1.0191848538616466,0.08777675152119907,1.351153360839831,-1.163478928827099,1.5168627688889185,0.3520984966363287,2.6040139562921483,2.276609735793353,4.67069532614947,1
0.6560239776887729,0.24245270339136704,0.11933398707211175,-0.9100325552654629,-0.47586306313645077,-0.1312039618990638,0.3529707473055492,-1.318451766603244,-1.051078802678558,-1.6817885644574002,0
-1.157745403602434,-1.805568253985203,1.0009645902889825,0.07744472670592262,-0.41027351238081644,-0.2766369850519199,2.1964988234285676,-1.1363653009142785,1.2979819579715777,0.7909654640510532,0
1.4539661606574046,-0.0017690228592416313,0.46536292373182886,-0.7393847390767707,1.2154887216247832,-1.5628457063546322,-0.46699328275420815,0.2781570206619487,0.9832713705682654,-1.2295820286613277,0
0.2995543427388836,0.072073392136454,0.7703739290740633,1.4961782151791514,-0.22522233836094227,-0.9341047118375987,-2.442322444730813,1.6247523255643364,0.21236027868350282,-0.8098187581057857,0
0.07262832968837774,-1.7480345371360055,-1.1165426433475378,1.5867749947457583,-0.9065072854978103,-0.5628079815015573,0.8650898000015006,-0.371446492009591,1.6287338561642022,-0.4387866500065307,0
-0.3383853665178441,2.2754087236928893,2.252344795981425,-0.8331686336966763,0.3233486563033481,-1.699941251183634,-0.6026611725844376,1.3437246734280017,1.5826822062843169,1.0052607093830015,1
-1.669732050302509,-0.8247780263739947,0.8619275535967361,-0.9739914327300382,-0.22104868266817745,-1.4070579343130816,-0.338119937102622,1.896384691359251,1.8777127663088105,2.8389998555871063,1
-0.48104267482330365,-1.6400976219083032,-2.143995262641302,-1.913192883996098,2.5903744751954325,-2.299411354718912,-5.112254015392538,3.1147161421609217,-1.7260849309945545,-0.3937938412729832,0
2.4554115858407064,0.3112986174303915,-0.7965213077035429,1.3050021988854894,0.3475157982269089,-2.863657057744862,-6.48682774597733,3.6738286655229753,-0.41912589878108786,-3.3621638703513073,0
1.2664333715109684,0.34329769092415446,0.5189150428456454,0.452063998263752,0.6542295064967376,2.4442565882569243,4.606021286687875,-3.4574997421470863,0.32482547092634884,-0.4896740116791884,1
1.021145768456977,0.8333894899614118,0.22659212617799823,3.0462464871008637,-0.9431462779775022,-0.6972640208445002,-4.6123840788196,3.4642967371689344,0.2057709892259182,-0.8100945293492041,0
-0.1463737328738801,1.0088153550438954,-0.6170497881602497,-0.933999060487202,0.9137407408368338,-0.5465964988372846,-0.2319255156134232,-0.0046228182116332395,-0.24373357168004983,-0.13004173819354,0
0.06960103751981594,1.2000455531706102,-0.27124473751674977,-0.3673180330072221,2.559899259768538,-0.332962613749509,0.5193694354991073,0.9142221000786208,1.6708263734954378,1.648110667928576,1
1.2561130836323686,0.03215861956518158,0.7367754089031674,1.2977429132044827,0.5204017627353577,1.4689109515799474,3.588082728478488,-2.331373273797826,1.3663623805346914,-0.43880995442883897,1
-1.8538543143509134,0.2584706853722215,0.4934823189718855,-3.7155148209455016,-1.468665526659181,-1.9075635771850543,0.8254621098791723,-0.3871587918802144,0.15201121127390393,1.2578056904134445,1
-0.6211384857998214,-1.1668292849211088,-0.14192592360688056,-0.5498236653187818,-0.8770011627319106,-3.103606255280071,-0.739367671638418,-1.5326351778763803,-0.4744496522092698,-3.650916714551019,0
0.08392449735597107,-0.09362778596860905,-0.5046319891835901,1.7346128725276122,0.17818927202181611,-0.3105354892252232,-0.74042939311557,1.3681829439497042,1.4669125453916139,0.6399274499869172,0
1.7848967547836014,-0.7645469051075113,0.6459120154192018,-1.2079160531535567,1.191998915532283,0.48598263814928333,1.2182248607357122,1.5076724469561382,2.5651301274686626,2.7878615224011574,0
1.183982674706925,0.7310042450668561,0.476579396547265,0.9365357917632111,-0.16182322817597725,-0.2004345989307672,-0.27178206412270467,0.9682158498069062,1.4668486220366006,0.19048722765800277,1
2.46167037276967,-0.36073055824440614,-0.2716279797439698,2.134670262809145,-0.6663714077047016,2.178220607743646,3.228572940024299,-1.3911820580791554,1.9944982285220716,0.03646288128268723,1
0.6165138805411448,-1.2256029509557917,-1.3357859623848647,0.6804079337893111,-0.554202454952579,0.128041184591964,0.023890919967426677,0.37122209854149935,0.7135245986472847,0.10862248179972306,1
-2.194993871973576,2.1460426806736215,-0.5079213264530645,-1.119150819397695,-1.4065642432797338,-0.6396703498647022,0.6143479989909157,1.9441939488550593,2.2691312591716244,4.369795754969979,1
1.3022321974504356,0.18176889538381724,-0.25229567587847995,1.1859862670047665,-1.002564849997556,0.37647148336117997,-1.5768765779367426,2.880745961674716,1.6490939663271122,1.832182486302276,0
-0.8001455674772542,0.16924826174266294,-1.1602170570327905,-2.7795519196372447,-0.19291717253005522,0.021615209630907017,2.019969890175545,-1.5125037481165005,-0.492512283672526,0.7876870880426429,0
1.0025486524105733,0.21283260712534693,-0.5696328035424871,-1.9428186814670227,0.9240967134422856,-1.6288886018985296,-2.6775568623591397,0.3817535627573343,-1.940714430285747,-2.5202315981078462,0
1.7077772045396586,0.9167682707243727,-0.42024592587123644,0.7993384903581016,-1.5966598015238114,0.6013791909578918,2.319998223583112,-0.5058296515475593,2.376624103235261,0.5237715828685561,1
1.1668253785340137,0.051553182211181825,-0.6131888143874002,-0.8264219302511467,-0.7696127630272848,-1.9832176178727745,-4.308116332819529,2.0453204289933957,-1.3635192709517927,-2.1515612848901084,0
-0.21717709360398407,0.07245312981093784,0.42547139158009356,-4.651436109615046,0.460028085116589,-2.6373073684202915,-4.815661397532431,2.493061745435653,-2.734288668063572,-0.5770450515847233,0
0.6662903045513316,-0.9145649199926179,-2.9982071584904135,-0.2598992887035714,-0.40471705118231993,-1.0756906146433134,-2.8338481648763643,0.18024372759842733,-2.194852288148505,-2.9639460363662,0
2.848356562524874,0.5805281489178395,-0.3149055719182106,-4.305670784660496,-0.1707450883346634,0.42021712860346416,3.785151178118664,-2.37923448232024,0.6164638708932837,-0.1487284336595507,1
0.16229066161860584,-0.13018518848216945,-0.022162684630854367,0.6948222214278925,1.3686507868999138,0.5117279071240376,1.9660155914780546,-0.7608103595903866,1.3742160168606965,0.6243740478906592,1
-0.27293234946461653,0.5955383221999349,-1.970288616052164,0.8576799179291089,-0.6068852617171128,0.25915191270482374,-1.6095822984088182,0.9004525478156118,-0.8455300529050263,-0.12998965383126102,1
1.6537306173731463,-1.2323575043213433,-0.610764907132292,1.6784822449163999,0.8172366189978882,-0.11113346323081608,1.179230811416028,0.4500110614099526,2.907436322849096,0.354437027650353,0
0.6944995448005451,-0.28967445509489786,1.2299774604644524,0.6581921027977655,-1.069443986395557,0.3301211757497736,0.4661890866471608,0.30504614106385985,1.0103561986864322,0.45708467928513896,1
-0.8317804311576846,-0.5223083274730251,-0.9022498754642679,0.29540852578861865,1.3279711693079097,-1.5452192241431713,-0.5255535079745137,-0.4147818315687535,0.03419672990487421,-1.3526223753143027,0
-0.2382683289427041,-0.7333306934278847,1.8289196752065244,-0.31982974568902045,-0.7134334011115273,-1.456366733114306,-1.9987453976808076,1.5612854680321737,0.24371364254265981,0.004190969018515332,0
0.8340883339039363,0.8148253797881114,-0.08599431564531318,0.38858625786966094,0.2645406157361685,2.5182619547993914,4.229076632537395,-3.7991720442621206,-0.6405609183789598,-1.0317228235945224,1
0.4885006991473969,0.9852620705038592,-1.2216478602937484,-5.779070769671488,-0.492276373398045,-1.1712114060282124,-1.3530310011838804,-0.8873907884498942,-3.6260827004213856,-1.693185941223445,0
0.035771623220151705,0.6924495930442146,0.005221415342270941,0.4571719570834354,-0.5913360168023712,-0.5227457675117949,0.2511503927058061,-0.33334292753910066,0.5085249430258929,-0.6008849728491095,1
-0.010725680684687378,1.503861686107504,-2.492120701400832,1.7218780100077584,0.11821787129875717,1.0542408094872069,1.7259745638250803,-1.1303563013022941,0.6527037321317319,-0.046431880452601756,1
-1.2868792045646935,-0.4471502783061326,-0.25213765264941096,1.0418380200836832,2.4729999267680864,-0.2817341650893772,-4.770280157251107,3.6474954801111235,-1.3764092416912659,1.15741951125595,0
2.0753386710020165,-0.2099739613735248,-0.9234649965579527,1.4760202259111823,0.07589463184009229,-1.6023113729319336,-2.600084679332763,1.626990200659895,0.9388386799283681,-2.118281400867914,0
-0.7050530649253437,-0.6979916205382681,-0.10898123136589323,-1.4490388611269376,0.7030552015900584,0.0017935138351790059,0.17340781787895665,0.5642696536856899,0.08057335861814718,1.6649120071810075,0
3.5134643049184153,-0.34995827823602044,0.007255173636000776,0.04914044896327052,-0.1781954217106992,0.1360832738643558,-6.986951858854971,4.678279402467277,-2.401169059976354,-1.3393880101092526,0
0.9757442878327484,-0.1972900891200689,-2.524221680321121,2.836611356977242,-0.4953032426034153,1.1898093112892778,-0.19227558556221708,2.248567006042208,2.507458923017903,2.255350426300124,0
2.944705919368427,0.521465363701863,0.004881240618592314,-1.0888945896446531,-1.078651992451084,-0.9663782022334753,-5.237434950572009,1.1677618776962864,-3.7767265819111637,-4.587888448744808,0
-1.3403140533241418,-1.3204577700840827,1.0370752932265712,0.3060686789926408,-0.07280683292011868,-1.9777926391021026,-1.685891961562542,0.8200185203397647,0.1954557090347967,-0.5806576392660426,1
1.0682490737344525,-0.19823793965256276,0.552644714466308,2.1355174168225255,1.4545182356013244,1.6124532517355752,0.5982063796894219,-0.21823620697643376,0.2987598891533192,-0.17743328525345012,1
0.8167378479310367,-0.9552154704962744,0.3051731831289448,1.8435675868174837,0.7676694887643675,0.9956842085746558,1.3369332221917967,-0.5251053101930574,1.1176491958108519,-0.017056901881693082,1
2.7123586159309845,-0.6685311764253546,-0.2884782028839011,1.7871682262945,-1.2397101999703488,-0.6664828883001674,-1.3581390613914683,0.12710454247856018,0.37049718772987705,-3.121308051471194,0
1.8240781293227895,1.0125637066960274,0.5903198457071825,1.3707629681628581,-1.2577039911128594,-3.111054833773252,0.9492801215487817,-2.6156564748114697,1.622257370088573,-5.402712401440514,0
0.34582679111721104,-0.710340236669095,0.8466316210331553,0.7701241572854496,0.4880127154018677,3.669955914583918,3.5684691603381746,-0.5575231907622742,1.1376991868028101,3.5448949940517664,1
1.8247691395903576,1.060153914745751,-0.3232719397152676,0.223526654257164,0.7395248008042937,-1.7661410581085604,0.09907782588775627,-0.3318951705474271,1.5928612111037563,-2.101852325154227,0
1.4341037108073487,1.0777374176922063,0.6336620212924092,0.7523178155218418,-0.17401311532615715,0.22650508479350484,-0.8267433099103718,2.2963619539201052,1.8824260979612948,1.6570199675513277,0
0.7670349233410012,-2.481512537985418,-1.4351455928700212,1.4690928026182193,0.3835404689576883,-0.24197240358795835,1.6818329254050148,-0.7989413193555357,1.9990699845073148,-0.5007995778431946,0
0.5458138050582593,0.2370049658786637,1.062631673678995,0.6865146995054597,1.4943366208944862,1.755803282657203,2.6635330838891877,-2.5652867679138884,-0.540226177812726,-0.9413501037876328,1
3.263032244030805,-0.643084132454357,-0.3724308530373982,1.4689868579702199,0.028818713528359484,2.315455478190158,4.4843474436353095,-2.3772941824474745,2.2458193397902813,-0.4105930836268727,1
1.7964179851017112,1.252055091558079,-0.5708890002192526,-0.3072166642200066,0.9600376056717446,-1.0973562046765564,-5.354321621590029,1.3648362475195208,-3.5865898957998597,-4.092714882309005,0
-0.25477447544175336,0.25538336538533213,0.7543139687865577,-0.6141455564105816,1.299500767006587,0.45728661300565976,2.3148352648656534,-1.5435000223720627,0.4187222399771383,0.3608147303566809,1
2.464510997446932,-0.5962608845449534,0.931730050970849,2.214718227964318,1.967174962803145,0.7743182674152986,-4.010455592958463,5.144270765953407,1.5706695202287189,2.171083848336624,0
-2.5404441396586943,-0.09118694286731123,0.7164553793160368,-1.7182974023955593,-0.8318077936161518,-0.8466461236243464,1.1598216371737062,0.3696882171432253,1.1104668818988357,2.892950723875504,1
-1.8738436241727108,-0.13938039625977947,1.6991150188707476,2.666632337195611,0.6290379839581703,-0.8019396239665326,-5.921185280733529,4.165777851436987,-1.3023210181928944,0.5288132957566941,1
0.7084891377982137,0.1143834751359338,0.3734453554444396,2.17168395853487,0.968176152875425,0.2027933922256817,-3.4870681443559395,3.51089755043489,0.47400619713058845,1.0063796236482523,0
0.2662301871731201,-0.012588778647906937,-0.5658672319748156,-0.8606595777427928,-0.3579630232291837,-2.5970359352378747,-1.9447748730038612,1.657941316363507,1.1722587862365978,-0.41403740961455776,1
-1.6325284917234546,0.1564220204206677,-0.15044774625148527,0.4410816587679427,-0.10690649009074292,-1.1293612866937903,-3.2933113667517997,1.5768890451730149,-1.5078874770408035,-0.464404307810718,0
-0.8790672676320883,-0.5277873316105391,-0.27835531621919474,-0.04636360032371556,-1.514893499076297,-1.0312796873169627,-1.8233967128907156,2.032434152898981,0.5685620770473421,1.2484894192701217,1
0.700050891406262,0.9922521257553025,0.38581270320864025,0.9605897439356246,-0.9253363714385271,0.4872558566597335,1.6832029478467745,-0.6469024063212576,1.4112221719045488,0.1856486119529583,1
3.0536390232485,-0.2955162932555183,-2.334672448315709,0.21401985637119159,-0.7115554940294971,-1.2693114696377588,-0.4388495821644005,0.8471625277141652,2.114480598799557,-1.3360986787668678,0
1.0683698960982704,-1.3001822433097072,1.3904794772046483,0.39312023116276196,-0.48735293921005945,1.495234048865073,4.064191221007471,-2.6376300251251363,1.1942784651890683,-0.11080933106890527,1
1.6617719576546586,-0.5029710109066279,-1.267788564261654,2.2119553120808204,2.2181609054442255,-0.9959287999374057,-2.4346045009109964,1.7427014982233007,0.9731347985891112,-1.533742281699772,0
-2.1434332960599107,0.33950801348700793,-1.5519074381324354,-4.1646178226469495,-0.815959761786859,-1.726568257460369,0.32524158384282986,0.3817105793695691,0.00870046191814755,2.2277358920793104,1
0.5966728346465013,0.4253731067989882,1.5123657973712692,-0.17743088078438807,-1.1585691575463308,-1.7753583774414636,-3.3651309248382444,1.7592810823873304,-0.6287342568878393,-1.5123430980202754,0
0.3667974181542919,-1.014962413228682,0.47856454040038177,-2.217046837624839,0.02140532153797481,-0.1414072325224961,1.2321928431254545,0.7127479655038272,1.5179516414735936,2.3974071408860613,1
0.9913596800621478,0.7073735171147446,1.1090074365548068,-0.2887401718614515,0.25970817559978626,0.1876879882214788,-1.2037149367976887,0.5637624470646054,-0.8074165090743406,-0.6172208967811843,0
0.8817345500594911,-0.34350902910005643,0.33076289325841235,0.9269093680360765,-0.1492366148317193,0.7009824655350751,-0.5293771159051753,1.1207057119426758,0.5851020840892709,0.7143062918345969,1
3.149071845566212,-1.0180445374050637,0.3739578630598228,-2.451442652371653,-1.2230144614347815,-0.775320918568296,-5.042169333892334,2.0906461677681234,-3.195514130448922,-2.803565991140617,0
-1.0665116246415662,1.3772098071488719,0.7465528516535793,-1.9625113796335327,0.4860175071658253,-1.2018177971527741,-0.12206166057475866,-0.005348259486436913,-0.22723570643816715,0.4132909745771188,1
-0.9026170026720133,-0.841293741624213,0.9533548629223614,-1.2584043553577464,-0.36700279873585523,-3.3979252628061776,-1.4221782299690267,2.2208103657966722,2.5301361784676515,1.1798806872351673,1
1.3133112650611622,0.029508591268061803,-1.1801416044618,-0.6558931477931957,0.07608325081486271,0.590827946348364,3.826091708507523,-2.3029366240353317,1.610720193252135,-0.09288759846869482,1
-0.013968940229056592,-1.2500886750939233,-1.6121135315254396,1.119311599657411,-0.6330354005616816,-0.33973846426623167,-2.4537034984137587,2.262033813656225,0.20515877356522372,0.5752071915234268,0
-0.40656536355891637,0.8217021225148194,-0.30338126813725386,-4.432342598372644,-1.2482218897904178,-3.9570158139962657,0.13120746587388513,0.8090722952811665,2.1971333533067945,0.8994794677097226,1
0.7816178879841056,0.07876622963734135,0.4619817108954856,0.8655337399784304,1.4513090463002989,-2.365029617603305,-1.9638237932135714,1.685789665721487,1.7671762381119485,-0.9938326148623813,1
1.9660274158374949,-0.02152099458265692,-0.7977905543208894,1.530374744972244,1.3460935524432736,0.6156903071044904,0.9994084189991977,0.20670759974802277,1.9260439491693186,0.04647949630830194,1
2.9215262125143466,-1.1836328966144969,0.25138603885751637,2.2618314924204954,2.1927896822643738,2.169075102578629,4.527821842521732,-2.2578823283889737,2.7427885878670057,-0.29856740846461804,1
0.6327549719418817,-0.3786476669000349,-0.18461480150574489,-1.8220328374966592,0.2687447194320087,-2.647741760344677,-5.180724560775753,2.8971571897105513,-1.4769839080426674,-1.4894235179123843,0
1.1837452556616777,0.7482806471485979,0.32193644418963757,2.8819245429111477,-1.8420827576087893,-1.3630768398670652,-4.203781009201162,2.45678043811072,0.10043328298157073,-2.1784850735458434,0
-0.29750239197215356,3.1488966450468734,-1.0184630299249242,-0.6698284123496832,-1.094436049068404,-2.6507459341000392,-5.7422042531743145,2.749377114724254,-2.060298829312189,-2.0156397259655967,0
-2.3273840173959695,0.5678703623375408,0.8091143329550596,0.543153530458893,-0.10906419583791718,-2.2514478088507404,-2.3910332911334846,2.2785907167795676,0.9636175501174985,1.153796271102986,1
0.6722296967425838,-0.8245185534670733,-0.14393338401606803,-1.4433157341893093,-1.4381769033956318,-1.192400840842358,-2.763258556370747,1.079086219284211,-1.5319580305120837,-1.3991625514700128,0
-0.23537662129235204,0.8793465470270936,2.4528616211424015,-1.3055803972169042,1.0383551849025725,-0.25883075195463157,-1.900048123578319,2.224181405095443,-0.21202647678648812,1.7738994998360864,0
2.0544002897263143,-1.2783128203538188,-2.018462428472016,0.4808611900451084,0.8657011788346128,-2.059102092136146,-1.8340917635840233,0.7995667230712926,0.9226243468619232,-2.5282865696643717,0
3.3694111909511495,0.8209033054358575,0.07419057067955154,-0.04454855274619973,-1.4055189311177638,0.6467826504871381,3.8975582017672785,-1.2608154148438209,3.439054166376284,0.25481885093538814,1
0.30987430183482323,-1.0414664449416313,0.16427876433428473,2.0912228495671634,-0.6006433370426648,0.8379906244880274,-2.5640186542585037,2.032222756444976,-0.6003433452107501,0.24675486242325909,1
-0.3241326657996466,1.363556544275729,-0.956998485340265,2.1116768821611025,0.1928215503619328,0.0021600961326213586,-2.8112952970271357,2.32323111620158,-0.09934894759867796,0.3944023742684169,1
-1.0951783083205497,-0.1434200235684966,-0.6428194309191418,0.10558881481140459,-1.760980219842372,-1.251796771900171,-1.2915164625723548,1.9891866978189658,1.3022552810357504,1.6317843478342793,1
0.25002171317464583,1.1421830785395795,2.1673603787432,1.5206917651939413,1.100661847549999,-1.270458211940299,-3.534627801706939,2.0365036691845444,-0.3620044451561957,-1.3193958034030644,0
0.6652684414368719,0.24472791816001685,1.6355541783488972,0.8354637517404351,-1.338682741545504,-0.8221274395797609,-1.7743072844387793,1.6723137115826985,0.7828988779098152,-0.12464521251093044,1
0.08272673670037578,0.5641996880589301,0.3112916502664342,-3.513017743240179,0.16492924878638401,0.9348490342793219,2.7631925427691137,-2.3057148013102706,-1.2112685649253128,0.4651467810230709,0
0.6419050774732258,0.9444771321985024,0.4121092051372377,1.2268130090284812,0.5755087277566842,1.417753420316874,-1.2897578995340717,3.4723852066280587,1.6772100589225833,3.673566231852166,0
0.27339234711306115,0.7813434393694474,-0.9305707077566631,-2.1888089997067928,1.9330652257107903,0.07332000402392036,-1.0973234646493641,-0.41296726678970974,-2.4864829129633375,-1.0871866176280964,0
-1.2134266168383312,-1.5659710486073257,-0.6713238076569781,-1.1570074527325005,-0.4796414053936284,-0.777142809478852,0.32432271620899467,-0.07747118515442408,0.15684731792915318,0.7534709911886495,0
0.6873173150678258,0.6778741863753364,0.07308376479083839,3.0335499175685543,-0.5188301809198854,-0.3259106150662623,-6.034331356564294,4.628002693708108,-0.5724818538894691,-0.10765998422561647,0
1.657233124986504,0.1619883436562097,-0.281370535527243,0.5239539625666783,0.3283885415530026,-0.8633227203804597,-3.1213210736846575,1.7727860213843298,-0.5071174428028755,-1.6053191287199187,0
0.625535800283717,0.6248388021620401,0.44631343147647756,-2.3835912077791015,-1.13770200192949,-0.8827967496672102,-2.332432981240952,1.0225688421415948,-1.6878934969568156,-0.7043999591400544,0
-1.3672547755817304,-0.7004744397347292,-0.08682070928795677,-1.250562773487188,0.542939262004888,-3.3439208034604038,-0.3947716967343863,0.49295189094956515,1.766654573317544,-0.07158956589945456,1
-0.38949815163310086,-0.6016691771074415,0.06899756116248447,1.6017540629281808,-2.122133412674471,0.5164777497154822,-0.9009042876855746,1.6725986482009065,0.8236623347672055,1.546948406345012,0
-0.0494136254057671,-1.1897906460157648,-0.1381681462798993,0.3620379792230096,0.003275907102981825,0.5881279991190531,0.9978752005006453,-0.3850666204101718,0.4268311448278991,0.5218722935597538,1
1.186496655681407,1.2068993489717312,1.9659458520065505,1.3884050898853741,-0.348597716534829,-0.990734606970323,-2.478977851840792,1.8696558667155454,0.6338411378023897,-0.9438270412759857,0
1.0688288725320894,0.2597377466574619,-1.8420337457856046,0.6652279340868321,0.2528944168422004,-1.3328957210660857,-4.902929865534815,2.3223742393895943,-1.7103363870676764,-2.343191743343406,0
-2.222545548360297,0.5873557717532321,-2.021536284703223,-2.3774801496370173,1.4755796296880372,-2.4490045890062166,0.566068001338099,0.7820612437007994,1.8819303970045875,2.2740667987861345,1
-2.4721172878954993,-0.3149411597827107,0.554650939213158,-1.323456515674195,0.5288338337497608,-0.12653024300922655,0.8521353822704337,1.0454602428550799,1.0859691683750976,3.735370248417034,1
0.9895688267181408,-1.4626339528990246,0.29387621185014656,-0.8846034587553793,-3.619537169968412,-0.23328175625721892,3.0885086868950355,-1.2757698866876401,2.2860366837152206,0.5627330065761413,1
-3.7605587547196118,0.9811478261603003,-1.4681381266162603,0.7956951632570766,1.1966525349394779,-1.1184651467149422,-0.7872979586666603,1.381256348816588,0.7826052019436929,2.449961765548206,1
-1.2804016429122487,0.6046388845495557,-1.3796926479329006,-0.4837975840867561,-0.4855118512994366,-1.398931906152575,-0.6903394097838218,1.109628492929775,0.924968227336986,1.1149434286432445,1
3.1407503714462117,-0.8051319883859205,-0.25981653389290366,0.7582524900366183,-0.29444944702490183,-0.561397679258656,-3.459450712198467,0.9012522348191867,-1.5899197549582413,-3.7961672540172358,0
1.6093381924704522,-0.10930869658077089,0.37505281034510035,-2.8997972170312956,1.5377699538871124,0.2897045211678395,2.662732032082992,0.7130324386220102,2.8706982162559633,3.3859940375336297,1
2.065171647657933,-0.17173600889506777,0.9157398191575445,2.262023903771867,-0.665091948081787,2.58835351355955,0.7032054354426246,-0.5324296937913704,-0.35411777707751124,-0.6432105840519079,1
0.772089527137581,0.8327488885850196,-0.3371069725385019,1.0197948065668696,0.3368430229165376,2.3423823596781386,3.4903896021568674,-2.734897766935714,-0.03060337084146325,-0.4014889526710961,1
1.1417324407756457,2.335277786576755,-1.299145941755694,-0.7434206625093095,-0.5707074527238175,-0.37837191232558876,-0.6598414092595396,-1.645353915629007,-2.1897736426688343,-3.419319174474528,0
0.1613128541110036,-0.729391334370174,0.7197829516672924,1.9618962557782753,1.0083544936940132,-1.771475099468757,-4.469505595553583,2.026690775703506,-0.9257431599405535,-2.4350218207506815,0
-0.34568815225063076,-1.7035821602729582,0.5342853792078425,1.3282262718673081,1.1656166491111606,-2.075070187270945,-2.624003232380428,0.5909102560364226,-0.4317677065579233,-2.5273886886478967,0
1.0815850435012369,0.9644174581203495,-0.14323554191355994,1.6452819190804155,1.183535444768603,1.5860214629461484,0.5770575005547094,-0.19218877286607683,0.14256663097022249,-0.05244155395443418,1
-2.05893845446019,0.07931147640280711,0.31133418225071396,-1.8461013441646097,0.054895598514712006,-0.5071070489052026,0.36142525825275373,0.2823697382937571,-0.08132161255955839,2.0042354086905645,1
1.48768051416463,2.0866256153414393,1.450575700819326,1.8130458837377215,-0.43600197022494996,1.8998619823454777,1.5494038473327822,-0.9094753196815912,0.43395103529455104,-0.3124434102876399,1
0.9387836976358497,-0.3863782404371976,-1.6382959142023927,2.0191421717131366,-1.6499153920277536,0.7970049617512317,-0.6610588176689756,0.6392654469393493,0.2817644801407211,-0.3394458110185704,1
-1.4840306556353697,0.41670781964097137,0.46012429163816976,-1.0565979061658508,-0.16679395237954375,-3.5353409706240013,-3.4768960249482137,3.128800402134818,1.163175313500469,0.8238541319105149,1
0.8565618632359048,-1.651683488490996,-0.521167367008148,1.762134398714215,-0.6493180051164164,0.9859326968188286,0.4438451806163977,-0.03919642983673777,0.586542215067066,-0.1275083794489654,1
-1.4065828926894512,0.4481387274067076,0.4207631976917133,-0.5215905116615525,0.9300724593022313,-0.2718364455601211,-0.5211350370195513,1.7829396248299556,0.9345973308028147,2.754109396722896,1
2.001884271566293,-0.3235174434423892,0.4405071726036236,0.5227829910752501,-0.1553415541160091,0.44433472031320775,3.23358055676639,-1.424281970000928,2.551686637252062,-0.09839847421467197,1
-0.892999284023865,-0.40117690543454726,0.7759430787368385,-1.0471594195748442,-0.10510987311309057,-2.202437308666214,-0.6095114481240378,-0.22406735276785872,0.11316388775992348,-1.0658904927337196,1
-0.26674000269917075,0.40670368394829,0.6617784795792891,-1.108643585195711,0.5166955341262855,0.022132962663035105,0.5275124253963058,-0.5375081207217627,-0.4442492901465209,0.1408668667204973,1
-0.7495288116310015,0.5760034500128405,1.8108732335944926,-2.7890289856969135,-0.438068918780994,0.7509659663440014,2.959557686042084,-0.3970985352908669,1.2051580393455363,3.4546989958337653,1
1.5955917247056324,-0.30593985378884925,-1.8854421728240518,0.12317719205806044,2.381982369408583,1.4772179128855398,3.244148239138205,-1.4321267831304396,1.5435226201127032,0.645267013418701,1
-1.3807140302495697,-0.6764278860792328,0.6996362769517311,2.1886785535077036,-0.8615331681829262,0.15671546343824216,-0.4518366779940138,0.9909943772161772,0.884202939075347,1.1877132234887529,1
1.865916319236971,-0.8919192661546727,1.1573322956735501,1.0096866750954285,0.8297041293737117,-1.476113333695221,-2.0622522241836827,1.443943827811223,1.0483611043613017,-1.62288823923093,0
-2.6440562524959317,-1.505127877843057,-1.0810978479371895,-2.284110318859498,1.5651014406085924,-1.7636741493790795,-0.8350966303065817,0.7338445284362304,-0.3451210652100756,1.4555777839415958,1
1.282874779285978,0.13342691465345397,-0.1771848754283862,1.5606824247862536,-0.2814631750493462,1.8700313043220278,0.6999438387455728,0.02179374674481327,0.3093658295356263,0.39465654106072295,1
0.16008583573373547,-0.1815694541931124,0.035775485295785336,1.6299713664759183,0.48913448707453666,0.5687515511927004,-0.021654427051110686,0.5908871766455943,0.8068591521682441,0.5494009934639129,1
1.0011919806589407,0.13851058301773517,1.693750624214755,-2.48190405205153,0.8566877893186128,0.5872430921832712,3.842218774592285,-3.871689896791839,-0.7462439599040254,-1.6437787749169648,0
-1.2237578567000553,1.4470703017347137,-0.4329859088131957,2.0841073018677525,-1.4518736168731694,0.859043984943494,-2.06149796331649,0.7133860162255057,-1.7704381441317745,-0.3673001616223575,1
0.39271347245409216,1.146672268128483,0.9314788266529853,0.538699231877398,0.2785636893603813,-1.3981555402666117,-1.6617419075100028,0.814185547271042,0.2763466303224803,-1.2536816919082086,0
0.555490308981053,-0.8788145790381195,-0.07877182941689992,2.2247744058051953,0.008114698472211069,-0.020338851288927318,-1.1022217205373714,1.470081247683563,1.2345815005438285,0.22474881551847387,0
-0.9995043185174837,1.3965915625222476,1.7481804580692595,2.3708697680084643,0.9579268653362378,-0.8631373777993379,-3.348350851314965,1.7778436746206485,-0.6970052985303397,-0.931189819673103,0
-0.8072452556711615,1.0642412951735265,-0.02764129760354811,-1.1477248502080348,-0.6925449561889402,-1.1907112221549836,0.5623216677950381,0.847266691723963,1.794967133620888,1.8691624533758586,1
-2.7659357548870824,0.6499430178123937,-0.5532421842024213,0.2978850863534258,0.7448110491967598,-1.15293904201514,-1.7347587283909287,0.23912275977508568,-1.4133021177621004,-0.3630254213036084,0
1.1866306023258393,-1.1169803085905285,-0.9735258086474549,1.5812135062681185,-0.17515645435956012,-1.8946292439502321,-0.3717364851691552,-0.48736806298175206,1.3431293381925127,-2.812047697352777,0
1.5651476963873487,0.342399349995849,1.0825103927622437,3.5170284131499625,-1.5473356864655803,2.870202505585558,0.6243107801773387,-0.24450855428655416,-0.00671475535794519,-0.26007716038182627,1
0.2936709816505706,-0.2073438265359958,-0.49406428586035417,0.49199304029730995,0.10567472528083996,-0.457670167820051,0.33519773695212307,0.15437868368432595,1.1354814523551902,0.04174365004472897,1
2.9922316527941337,-0.014375613119645837,-0.024649069343663586,0.3749803090131958,0.5376701182018969,-1.6962652265658962,-0.2469517216759942,0.32252937227749356,2.152835834995173,-2.090444018421955,0
0.6146777267507888,-0.09033230551015822,0.3583866131281748,1.7685921556031197,-0.11806975592214562,-2.529740222248263,-1.1074308031077487,-0.9980609557867077,0.3803520224841759,-4.199745892230694,0
0.0795124375681554,-0.6876846207632886,-1.9748950310693996,4.382114693189736,-0.5792779729461932,-0.05080365161649536,-2.939837518497098,2.2780724253835025,0.6824865027292017,-0.587080071063529,0
-1.569918056673052,0.46002269879431695,0.25142160740464653,0.2375563198244074,-0.04620147110896543,-1.7705639936743918,-3.2430873973123022,0.8133935185926879,-1.8261957786783332,-1.7365669344671613,0
0.08497527531475368,2.1495550892280053,-0.7370016848027501,-3.2891584284785083,1.5084231286249086,-0.9016337462022538,-0.7737458156806079,-0.43948740449478363,-1.8700072835348611,-0.8780644264986195,0
-0.2359367998676989,-0.8335684515025388,0.3978950934659485,1.7322763589678352,-0.4737720477692401,-0.3497218424508226,-3.5399794001022746,2.8288128530225647,-0.2664406542404745,0.36222638001156593,0
1.9435006529102141,-1.1298710165326669,-0.3783926926938018,1.8374856333792988,0.8641143920499731,1.404247728270863,2.4760359891977823,-0.8948333957925554,1.9937339048837655,0.07561656879974649,1
2.227457330603745,0.840918636530436,-1.6794266193847127,4.202519576274664,-0.036902840728767206,-0.6033469815750686,-3.946069707825122,3.0125448291075645,1.139806183683575,-1.7175926503358747,0
0.19868399263625114,-0.2177675245439617,0.8295492202251548,0.3663567655758929,0.9267084730097143,-0.5901909450551412,-0.11951034872083635,0.4833747386444657,0.9865956806057804,0.12465005972789668,0
-0.5324491393995601,0.7690683973394554,-0.18677880407860065,-3.663790962948701,-0.7596591181946618,0.801691913085889,3.997336326209516,-0.8732445440263559,1.5867552703923349,3.8380577422116136,1
1.6835871082308123,-2.544075518734061,-1.0110388627342,1.17739453911163,1.4029047839621902,1.2130245237987105,-1.2354384238538165,3.446824038050823,2.0901340808281015,3.0866712203103575,0
1.1103515845460892,-0.8560010352744445,-0.35923655034770324,-1.8175262875313771,-0.5801452652155596,0.3371387505190915,2.8936507978050283,-3.146369871290073,-0.6206152175383735,-1.7966478510584205,0
0.6005572329767258,0.5977706503364763,-0.007313180268049925,1.2896864310023177,1.4033611573730884,1.312645433054311,0.278907428768984,-0.10725403253936261,-0.15102983368105938,0.02106906702486666,1
-1.1532752083773672,1.3190756280592197,-1.06118769724083,-3.591179439432186,2.138367241978551,-2.795799784777916,-3.5814880787046577,1.4571271017405485,-2.104710644505458,-0.80380863416503,0
2.4876879367893086,1.5274092087643527,1.1094661819546467,-0.3326380606271446,-0.605716916648595,-1.9541783847923286,-5.279469310691255,2.811872154012005,-1.2093825998419636,-2.7151335273715573,0
0.4884610193024804,0.09149142640100641,0.5481383805825634,2.8087658996447264,0.11299243431797523,1.5086600107090233,-1.2948897599991132,0.8512018462017279,-0.5655624711941252,-0.2733498783041272,1
1.2396010893563638,-0.10186535164261648,-0.9748304823479658,0.1430740834882589,0.008873458852412548,-1.8597455058955397,-1.7114542220368687,0.8309370842968383,0.631531933120514,-1.7955245085986606,0
-1.3035588138571534,-0.6790973635694569,-0.1123231172015702,0.09697829610242836,-0.5268458339016268,-0.6602583561826543,-0.17305464435957293,1.6972834858528203,1.7865972461415618,2.565630203985778,1
-1.065837684901002,-1.248240583452878,3.1132516778982913,-0.36373398395662304,1.058695226424739,0.20944346498490285,-0.7762786188517988,2.9852422097887734,1.6701492348013403,4.19862790017347,1
0.797035316667501,-2.647112108055182,-0.3636101362420109,-1.8294383998276844,-0.13655653611546312,0.06593603585392382,-0.3970497207183173,0.35450888367237665,-0.6278703539714741,0.23924392432198055,0
0.7394865573857039,1.3638251736003766,0.00625654097073757,-0.8177995375816455,-0.9746863187175773,-0.852549524629197,-5.520597031006355,4.1643427067708405,-1.4900453871176593,0.43082271915596687,0
0.11190143460615065,0.6770887603403851,-0.27664090930542495,-2.629683270437784,-0.5710793027684546,-1.0053898247677726,1.3939377965206838,0.29642112561319545,1.701686308932198,1.8259134751446153,1
0.5777632208949393,-1.3066080266531346,0.31097634501422283,1.6226175320694125,1.1822403898584486,0.840720840842944,-1.579215077879219,1.2498677127485966,-0.39888040476427,0.006985574930623477,1
-3.9354645669462363,0.04556069771985127,0.9445582824931873,-1.4390752494746009,-0.7289658219887498,-1.7610543102029772,-2.0919111085743145,-0.14182756446433853,-2.6817116100667575,-0.4334636232262286,0
0.8747011532514306,-1.0194778316576736,0.354826829520639,1.6857022349267488,-2.2173089054711967,1.6680200264013907,1.923881106750576,-1.3715658644709139,0.36510661966696034,-0.3849320582919009,1
0.6392562072935111,1.1089802385271024,-0.8323499145880878,-0.7805804822977993,0.350350320805497,-1.0240534153888816,-0.9037348282043359,0.9505460323644994,0.5747430401665177,-0.026139307657695055,0
3.615513065631008,-2.4266179602311997,0.6507397040931587,0.8484214857805008,0.3747785308586731,-0.22076289576942976,-1.5908886924784156,3.0569853173576687,2.6755188232960228,0.7330555708147105,0
1.7062603594934738,-0.45019500330053314,0.9529814950227902,0.5943231303539123,0.4214471827301903,1.2381136662048455,3.8435741796303615,-2.2034180084981125,1.80748405317211,-0.1810962441981009,1
-1.4993175352144559,-0.1856795921842839,0.3726386387632,-0.5385635552228952,-0.4592261105352324,-1.4502411155944712,-1.5061809984917063,3.21656220358149,2.14486756604834,3.4381377952894385,1
0.47488083263439873,-1.7481878472406622,1.1692196043476297,-3.1591068523993844,-0.18016619384139337,1.8134605639248198,4.8797814535124555,-4.123715102286415,-1.1078281810827193,-0.12499447541620536,0
-0.7357747488766526,-1.560013095298083,1.0943608572807824,1.9390872831611,-0.4048296410783314,1.5350386753597847,-1.5986483378583027,0.6861674383849403,-1.7123505848650993,0.07964803647604217,1
1.706933879802466,0.9766664952266192,-1.8521032545245222,2.34611980271631,-1.2815334474735183,-2.3538691149774476,-3.3731438662241624,2.0468299301535424,1.2864084236311455,-2.567830515173825,0
-0.29599919129257046,-0.8152656243595809,-1.0957739331099479,-2.4256254396365735,0.5557017395395832,-1.38711519486024,-0.20083293217630027,0.8575024543861992,0.7241612410364804,1.1985401965063818,1
0.3072979996213995,0.36783819339889656,0.18481416761224878,3.0029025652441783,0.4672036928277625,-1.912184151630055,-5.146879159867111,2.296267990681913,-0.8959735466772496,-3.0533213148326066,0
2.0520617366495477,-1.6178451497568869,-0.6388206348223144,1.3393030276720626,-0.37136212933189056,-0.7648427879840982,-1.5150309832424598,0.11136729082759733,-0.07235507572262456,-2.875891048937993,0
-0.545932784548677,-1.3015463831853458,0.4279666733564731,2.133990699251944,1.7557905435329837,0.7230626626159301,0.16136018186085363,-0.3137798204439488,-0.015375820268387796,-0.25866846826965467,1
0.9708630158894076,-0.016875005724353236,-0.5356480725277246,0.14313702016125485,0.3200775621770699,-0.2928431673365255,2.2219672440378133,-0.5987428807077617,2.418432839520297,0.4671103938338056,1
0.4394179005133696,0.062215074428531726,0.11231835996165258,0.4684235916998518,-0.031222958823870196,0.35326671643971475,-0.24033451148080742,1.3801631635038891,1.170604505178341,1.5221157621263326,1
0.58897588458134,1.3232269477749123,0.7352414442896228,0.9401304367450528,0.2060869845050001,-1.2994222119002676,0.012154289741658076,-0.22364900116983266,1.2355075626489058,-1.3896823185144511,0
-0.37921123995170003,0.62400913211282,0.01022547425274586,-0.48282979443109353,0.48761536727790644,-1.4083868716912358,-0.9154501199212997,1.4080569619628358,1.1949299438847039,0.8751077308145595,1
-1.228033565412572,-0.2747844358000674,2.3836753807382025,-2.4927554957442246,1.4238836901560672,-0.3535398179389212,1.5895137103576957,-1.1638232074148012,-0.3373257235051401,0.8786398269942762,1
-1.1678147222465718,2.875789884094662,2.735675704938641,-2.5522841220033006,-0.32185213791070033,-0.7558968562065592,0.43481391176537526,0.28695507466810455,0.13877104421048914,1.7009617486229123,1
-1.284658798334288,0.014082859801776095,0.06539482043495345,0.3032442344296533,1.276297389532607,1.360748243731512,-0.0438609133315663,-0.01919287909970402,-1.2707179688246608,1.0821719117931343,1
1.397934760245442,-0.4681576748475779,-1.9003008344173675,2.389695907506293,1.4658451589835841,-0.24226841784504782,0.28823988391510763,-0.35512648412837167,1.354294261340936,-1.6591557484999135,0
-0.3601545026683699,0.5521186852449957,-1.31649613930369,3.168138013810577,0.08358736538447735,0.3182089307814977,-2.3678345391401514,2.4157788891150442,0.6521220134659986,0.7955163712212016,0
-0.607280517923011,-0.7652711290778673,-0.7210725979957165,2.0993653566026307,-1.2012768987579148,-0.5368258494629782,-2.6528119833453854,1.8148983977032027,-0.1149246238597732,-0.25821422984030706,0
1.524156741315435,-0.7929312963688351,0.664686050262168,2.201650238782065,0.6428079888429726,1.170318537038906,0.5408061241878898,0.436125963388021,1.3723197485996113,0.25014780147741783,1
1.184720631961691,1.1426489868487453,1.6292081188074055,2.998295998702842,-1.6884768330888253,2.968188462026844,-0.7533593459535568,0.25802349781918155,-1.41546659856226,-0.4039098134875041,1
-4.029247785527243,-0.8069263194902846,-0.9243571318584792,-1.1185515921220328,0.6414197688667168,-4.647100959204587,-3.2994330851592917,1.1662098371621448,-0.4599093036450266,-0.930787147136497,1
1.6987180806800861,0.8687260250438161,-0.4396558551334833,-2.422089915129761,1.39420825461489,-1.0348904445389218,-4.302467845460176,2.0482897973636596,-2.5276980363521244,-1.600121904681887,0
-0.20927583563652885,-0.5767478254688776,-1.3583772685040414,-2.7968511105706364,2.257907698801984,-1.5270427551417365,0.571092041605995,1.1920273545741682,1.9411605017461726,2.33466299931844,1
0.5481583981063894,1.4387631124233622,0.9834764405625623,-3.9552029641210424,-0.4403966431119995,0.4736171155709523,0.30610095557777955,-1.906659587795963,-3.3200379398859003,-1.4541490278641258,0
3.7206243319069867,1.7176476866808064,0.3411796290033564,-1.0113663141497504,1.3471592934086047,-1.2891776882424317,0.6029742695311863,0.7328119422901213,2.903714687957084,-0.6118272286363163,0
-0.5507763651532707,-0.11389685872120985,1.1566532095497886,0.3486317261109264,-0.40151313290290563,1.5178626899713645,1.3151571830078108,-0.4148989502876106,-0.055421123694829655,1.4097478812202544,1
1.0750889223987585,0.03622057046526678,-0.7249029262599724,1.6303759602702794,-0.517622744420836,-1.9288739720123416,-2.2950818794456826,0.6905013160816217,0.382797623674472,-2.8302873822076187,0
0.7365006205406015,-1.562234856650264,-1.3547416592922763,0.5510249723764166,0.7504960325257349,-0.02517426629081454,1.3803403138503911,-0.6137273515620961,1.3373112284621984,-0.16550849773731613,1
1.5040541730534565,0.9173182278766948,0.0015093991782153475,0.5733347154824813,-1.284129532581842,1.2859668896186265,2.580556855813481,-1.6660466684126771,0.8295957360456587,-0.4138148883708457,1
2.707636224259757,-1.57640980780968,-1.7539828207421797,2.6323860894932967,0.2310710744819205,4.152182288137101,6.358048111190232,-4.726767365620578,0.8854848930688178,-1.277633786206718,1
-1.7259260043692652,0.26044992516951804,-0.02930551667137811,-1.4994161109027395,1.1548151195135978,-2.8141653934383837,-1.0075519942883373,1.583757563794375,1.6271263582637179,1.3800619365585918,1
0.25257187072985476,1.4432835324486173,0.21265508171988973,-1.5738346936708028,-0.07164041289092338,-1.489447635686492,1.161476965273986,-1.0080292815043728,0.8669153100414184,-0.7429215134058542,0
-0.008614287566300893,1.3287414300992495,-0.45102611861540615,1.1912323568472374,-0.42801925570870175,0.45873915563427703,-1.0767776790562043,1.9579718652482885,0.8982614738682453,1.6787986686565552,0
0.4810731500593949,-0.1359479580576741,0.7845448725745642,-2.9340407671256408,-1.0756904249224142,-0.8786686266820385,0.9700017486321719,-1.851604237642241,-1.1334515744922082,-1.59550838950682,0
1.7301528624116014,1.21972587292093,-0.11565343298540094,1.4484768733915168,0.33892938479967777,1.3724829905838678,2.3188571931937454,-1.1533072281220123,1.3752494433759885,-0.22948600254850937,1
2.218096753556961,-0.13025810743674918,-1.2062156831740176,0.22745054076020188,0.7224739109091558,-2.231020355888738,-2.0675019341175394,-0.00873231331664659,-0.11097495355034392,-3.9509323937768084,0
-0.40363631916842446,0.6910992500686718,-0.46528178375082174,-0.6058743991645106,1.1972120351038775,-0.9542685575668461,-0.585080572783251,1.5960761219280823,1.3785379944956961,1.6640004190087037,1
1.3214817665875087,-0.36081014917830184,1.3886097868929361,-1.156423315172886,0.6587608578241063,1.2380991982743508,0.1567365532221562,-1.3582221902898173,-2.27239651697669,-1.6003378636678027,0
1.1880033167596646,-1.4204972858182259,-0.42652244809009326,0.7796567040141842,0.7271073735155452,1.0501737472990829,3.009527994243604,-1.9181638046536844,1.2370112232152484,-0.38214418410796047,1
0.3506144549476322,-0.8114652006233829,-1.863472815908306,1.8589760019963577,-0.028634524995832824,1.9498846399083147,3.0448525795544716,-2.2378142356888873,0.48061796709525695,-0.26855130221842743,1
-0.3733712108411342,1.3194413356711556,0.6513841605059241,-3.964917365433517,1.882865749640369,-1.6235630524937443,-1.9882554504449865,0.9793215276191688,-1.607191609997305,0.12999038816442968,0
2.3916128471730254,1.3020030937586895,-1.1876068675257494,-1.788642519242825,-0.8602686289293175,-2.1329219696552153,1.7140373664698758,-1.3348719944325822,2.05871833376614,-2.008976583349955,0
0.18298647136732216,1.168596592795489,0.2974486052239491,0.44536558215618693,0.3913177662105359,-0.37133323996427847,-0.0631238559490623,0.612542495099748,1.047831561400299,0.43492862928911746,0
1.6094979282365656,-0.14704806469804693,0.26436192795818286,2.5982371574032497,-0.76224777776055,0.16865530716409305,-2.4135756305385705,3.0385411758840837,1.6059007372851248,0.7135571557318318,0
0.3143547183667549,-0.5643615535611595,0.1829733603052616,0.4974021051353307,0.28487101741084303,-0.03190381261892372,0.6558617695729937,0.6208336238350722,1.6762148786577709,1.1427255998638444,0
-0.39186781513679314,-1.339267121988083,0.8282663567889997,-1.4778351872029614,-0.6380730352667855,-0.22292749235112985,-1.3053036402897908,1.9452327431319398,0.05174088738258731,2.0454753713381284,0
1.203309239291333,0.1324149765536345,-0.5437411103659249,-1.1803986313412171,-0.007095859572590296,0.749931935873523,-1.6472540286172697,0.054935626610346455,-2.5427148073242276,-1.3564635454204559,0
2.572115140451128,1.135046561869691,-0.025838144716133032,-0.027686775153989762,-0.19162591565741793,0.48812666859726783,2.985329659283762,0.16669039990879853,3.815069188562753,1.7735562978475885,0
-0.5777124727599074,-0.657796769596215,1.2833859762413429,-3.807671096487697,-1.170679283503695,-0.539238974593794,1.311107733903904,0.7068772783676058,1.0878901277032735,3.171514977518333,1
1.8170620341610566,-0.5423190856848674,-2.4654939933130136,1.4520158821499582,-1.7339123969769745,0.006099836402485459,0.34041587714249893,0.645340294631791,2.017367578554441,-0.08469057540819346,1
0.9375757093989384,-0.847046819168613,0.2920904179848597,-1.7832016578709613,0.5789655930842613,-0.19000094763784514,-1.8731247989597568,0.6427211808126159,-1.776919658240029,-0.846789750193601,0
-0.4963325404794119,-0.29792540895699365,0.8048388411714839,-0.6970868172844665,-0.21520086081834872,-0.6344403296922738,-0.6687518776023685,0.7732047058047329,0.13528205339905897,0.6491095063357194,1
-0.19075016321157956,0.22875558021718137,-1.2929813522351876,0.9574355290296587,-0.22304411329846785,1.5846486643296425,1.478385960415679,-1.445597279679824,-0.6781579406568217,-0.19225674949234672,1
-2.1863162969873517,0.4719104151741429,0.2440657104931369,-3.943220190642157,-0.08556184173385854,-0.29884390756985924,-0.9686654429649091,1.4895186698097878,-1.312863115085368,3.207000701169751,0
0.18277706466668375,-1.72383445100243,1.1764522011048124,-2.458996302293104,0.48470175022428375,-2.9384624749255197,-0.6266816046622189,1.3882673144287572,2.042257954402467,0.6730121247594792,1
1.4061603666723475,0.5506149637757695,0.30784383291718953,1.2804443376862706,-0.17659369379737352,-1.7863737098786328,-4.713505180035975,2.229576339792967,-0.9453544255991574,-2.8257701018490833,0
3.432134037029028,0.7682485771525432,-0.9408220741920303,-1.6907387955803475,-2.091651903364375,-1.088709829461013,1.5409136877421201,0.24881013584711997,3.0058809315225408,-0.05879132577185435,0
1.1756328988286238,0.022099323550935804,-1.239023260309863,2.250518668242445,-1.6461963003787083,0.18710320332644126,-1.9144178780639565,2.4940337607278282,1.3678929339861978,0.7080433668460584,0
3.068979856451371,1.1561357486456394,0.9683751663534794,3.755232442027374,-0.12610241655815774,-0.010869542524577613,-5.328297563308052,5.031450527820684,1.243057490611115,-0.17508345569700667,0
2.4174047186795518,0.5082764311900971,1.3438214295481254,1.3444869596698266,0.1616789110029908,2.2642864924595507,5.697089223282938,-3.2650683440566635,2.5064325822724633,-0.14705096039929252,1
0.17161027351153524,0.12488728990101115,0.0051431414744674145,0.43256526409342155,-0.7589265408192374,1.3571347356814758,1.7242587875210142,-1.503957531621023,-0.39810652157205384,-0.20273107056405498,1
0.7848633294551703,0.894290528046484,0.08002708834754667,-1.3088294966477536,1.4015781389994453,-1.0245572525159814,-0.32732832577273313,-1.0096344968585607,-0.9615539232654349,-2.191245742449273,0
2.391460250844245,-1.7488212394787468,-1.1538036932359073,0.5978469316665345,0.4587228452020665,-0.6605927879757123,0.049320132255443995,-0.04535582340034683,1.2812795136107131,-1.6575993138475953,0
2.0166938195787196,-1.569472453051818,-0.9349240814388441,2.1064381818645765,1.4297352661900702,-0.09646274826684276,-1.5493429607381148,2.182062724927041,1.8158583926359133,0.0865545353568086,0
0.5708148011190918,0.4237396768413433,0.31562233082838287,-3.0869891071148543,0.32663196225679314,-0.7391815737199888,0.8027534184112596,-1.5325513625636016,-1.1333233541598644,-1.2445149694584547,0
1.436570353611665,-0.813454723728982,-1.4952545180032015,0.3456541421261532,-1.2378334701453404,-0.4421865220487897,1.1152366389155473,-1.558659305593968,0.45119660768648573,-2.192979920280077,0
-1.686875111299814,1.0593425433607495,-0.23739712676564328,-2.371341850368205,0.4605658786015438,-2.296811931425724,0.006837994762825163,-0.220951412858849,0.21531118565457263,0.17777774221267417,1
0.015288877519607391,-0.049473135323638895,1.9680352393081826,0.3722936757370736,-1.1939822700424956,0.338642363367605,0.5770880162578517,0.8210992814413258,1.4018013823045978,1.6926677468103861,1
1.0198826659300373,-0.31967310745946675,-0.28160380343382274,0.9972793400553639,0.7032417288224121,0.3642464917979378,0.6322916663237143,0.21003995618636817,1.2781116958123215,0.23454902590479534,1
2.0616151860722214,-1.3568241505532372,0.24572839181969625,0.5125809077586014,1.0984186438710222,0.48903604133300926,1.1773864145375081,1.0674808539939,2.762048498958543,1.560845665125638,1
3.197757898652471,1.4441433207128669,-0.5618846512624851,1.769750099589372,0.475201627947098,-1.5946652598116835,-1.714674975054496,1.2079522480609792,1.8822126543945652,-2.561829349055455,0
0.31773359512350374,0.4497284755061113,-1.2391280239022682,1.0022777824063336,0.9570368301362232,1.220221459542598,1.7142911791344253,-0.9620062393281574,0.5002533805159572,0.2668373028348104,1
1.554337330725387,-0.9706677673827739,0.26026272991097116,1.5712848655053238,0.5584845207792332,-0.364879062930625,-1.3427259729336927,1.7913392618405473,1.5401850254775187,-0.02113205663002693,0
1.8560361238227925,-0.3443633306768606,0.7164531930526367,0.840357902820581,0.4274993208920174,-2.2415877484936155,0.2178431783484036,-1.084440683438415,1.5378564708193019,-3.4218679119322974,0
0.4347350185956299,-0.0958713062625303,-0.5812391970261442,1.3074819293664974,0.07667120561471819,1.7785325645779593,-0.2790961698088235,-0.026426648165753908,-1.0845164563479428,-0.07956564617777015,1
0.34781818114831964,-0.9997430516452073,2.0358886435007544,-0.35110760615673,0.5791629425114344,0.21981439855964957,1.8163519555624443,-1.018241823168961,0.8085890927298022,0.18371625765157384,1
1.5929195562443845,-0.11705532308526423,0.6160542355371026,1.522586099819689,0.3034422502910077,1.6998238303942987,1.7691108419933648,-0.9319096183943073,0.7278024736668252,-0.21451015090765085,1
1.4497551076721518,-1.1464540161028787,2.7998241463378313,2.2506497030512467,0.1946480039058068,-1.1302816510164178,0.08567367689964478,-0.1733602601185309,1.932890224017742,-1.9513832351086244,0
2.1609872416142153,1.935177501963806,-0.7958740858336678,-2.3913158422029572,0.7576285725975442,-2.465603294681661,-3.0652926172205723,0.12268132281492616,-1.926037706465261,-4.046243142547372,0
-1.3387882105236553,-0.25228972837061264,0.8881757470134929,-0.5382784935293179,-0.2773340202006641,-1.099886793873197,-1.0389959724752726,2.2743051600518953,1.4782390584683536,2.602728084684698,1
-0.04235030215963065,-1.0245980464957776,-0.8927682428617922,0.783988035700987,1.6829248645598713,-1.3402253217177644,-0.6977647895430775,0.867162254910089,1.3804010492271377,-0.15200024352568312,1
2.044900289995124,0.015568274812603318,-1.9788681601400961,-1.2254536347891958,-1.2050891663637544,-0.5469329772939207,0.19327320953607968,1.2620699953261267,1.960959417912976,0.9800320796536226,0
0.5492671402818667,0.23016532200719958,-0.504595558749045,-0.09334552055311651,0.4306701193507018,-1.5138646144805352,-2.5425165333836617,1.4788364333660606,-0.15325547342608226,-1.0672994702657703,0
0.33716208532938907,-1.2205159520884334,-0.8071875693361718,0.19725690830622677,0.1791337902429902,0.7044786024777467,1.2432553476482877,-1.0219432813554552,-0.010855536330584004,-0.2536941514867375,1
-0.5872768041631908,1.2938846414336787,1.433214850447274,-2.070355002935032,-0.09567949575639233,-1.6219531836635337,0.1289662767719812,0.9963368560767042,1.4841457633055946,1.6380311592488743,1
1.0216772624897836,-1.367005278394882,1.1832613194239208,-1.014199976192189,-0.5059640909787979,-1.167937704619445,-4.293752354166123,2.9766811479288986,-1.0911311786736937,-0.3732105380801608,0
-2.6440239496698448,2.52432696755967,-0.8706387270186103,0.9768781638188133,0.13995758970452596,-3.120475922849981,-4.050714922134932,4.099330052828182,1.688351392496249,1.9139863439142897,1
1.4227262420462252,-0.18738931935650738,-0.47416168549832216,1.9648884997979712,1.709942050999601,-0.24605483876181133,-0.5216505955864911,1.3547282759810126,2.053205976034076,0.10762002650367346,0
1.8708064918867047,0.6941188538511088,-0.7773887684381586,1.414268030300279,0.2011890594004428,-1.958296576034736,-4.688533866131994,2.0569571993559976,-0.80979890149008,-3.385699980381628,0
0.7560984168357874,0.6901337767224391,0.22087622608652624,1.660906989843366,0.7067084702023088,1.8154375581493039,2.7022685672125224,-1.7443906280269261,0.7220536925487241,-0.09230764797036423,1
1.5803984119704162,-0.6063205852377572,-1.0935586856554882,-0.6995977263084643,1.8123562925094931,-0.24792069521119897,4.7048995370572655,-2.627229159051165,2.9502108336285193,-0.2526180724178316,1
-0.5121317322767847,0.002271270365516016,-0.037477428026958505,-1.5252026739641058,-0.1449494504225805,-1.9433672279078134,-0.9841814701746682,2.202045293535457,1.9209460171595767,2.0276229960818535,1
1.525767280978819,0.10651657632390796,0.18773481527053326,0.13515687437722734,0.4892874738498093,-1.6782351614481956,-4.03928980537285,1.5839624335609592,-1.3213850544546841,-2.8554604128171444,0
1.3645612979725188,0.40517254459739543,0.2674330349504143,0.9990616973241631,-0.5486495621405001,0.10304598100863016,-2.703689850686216,2.6016778777643066,0.21919982928508097,0.35357581536846505,0
0.21558383571679862,-0.2896871727535511,0.18300995037398718,0.1437165259089752,0.9387431750565721,-1.366288533514656,-1.775837227969572,2.2631977976226487,1.4379478620247357,0.8698417014852428,1
-0.3279673106301342,-0.4865312708925418,1.033299000054421,-3.3089276394394047,-0.24865568356527437,-1.320321309792214,-2.9298254902681036,1.3102308467111763,-2.312851562220679,-0.2973521239737598,0
0.5425198864506633,-0.44885715967470863,0.059910439684482286,3.5901376017946385,0.8272248068737484,-2.258252991717911,-3.8946290218588904,1.108047372435455,-0.16605584377370186,-4.025316149181059,0
0.3271650303414164,-0.760651829016339,-1.1972388392996314,-0.5277542840767087,2.0595428218659446,-1.8329947377521179,-1.6145357105536857,2.099325657580333,1.5769248462277767,0.7001502633312704,1
0.17876011534455793,-0.17660171886594317,1.3768376228188624,-3.6532437079894344,0.195140049758993,-0.8192863453357215,-1.9325143604252895,0.28992663287665676,-2.613169845286159,-0.7982872534213338,0
0.6533440916821895,-0.052085761646117223,-1.8007174883715154,2.255432545496446,-1.6547849517952353,1.5960026413344803,1.2023682473737827,-0.6605553816662301,0.4907751017082246,-0.09204245314544761,1
-0.5761072173576318,0.06445508322799433,1.0738418279516018,0.07251010268160263,-1.6036437308725953,0.6733592456466027,1.3850210835436139,1.6427576518850793,2.680288293954913,4.0644147639077834,1
0.7845560445344704,0.011557922771419234,-1.2634846050611068,-0.19244090205510278,-1.3120488770737155,-0.1971723153172653,-0.4383650440262478,0.9783876029474086,0.7724216430169107,0.5492218063965773,1
3.051499773652157,-0.2606231311382364,0.26632157530136463,-1.4874381757350392,-0.05830046226307204,-2.262715672448711,-0.11371474198535603,0.20633767577708273,1.9295298338344835,-1.9301800808923513,1
1.2933625601524543,0.6322213684854999,0.8019079171281337,-1.6313869154865128,0.9589644432802982,-0.5849654632058896,0.9248036923332629,0.4391036451085588,1.6461163237823984,0.9412992674518386,1
1.2616493843978625,-1.246830520143283,-1.7397453324806809,-2.5178969590947196,0.7813915011823453,-1.8962259773405337,-1.1497442029436935,-0.9392075567377076,-1.5174321873144108,-3.116995672235188,0
-1.5434307335854718,-0.20329250508088953,0.23736300547130496,-0.7701754343659231,-1.0699608578550825,-0.6227737741205449,-0.2643842009102227,0.16621185941118555,-0.3122775917858518,0.7090644801799346,1
-0.7640930472473682,-2.256413898350012,0.5781983077870861,-0.4287524683111039,-1.226380271756487,-1.086239223692391,-0.20953115570470182,1.413600140398801,1.6986078536485887,1.8197488023031292,1
1.486938307621512,-0.15936209930464576,-0.6370871999386887,-0.6926203670054789,0.5780705978080088,-1.192309689909431,-3.814362470473398,2.091130620998717,-1.2156325313247909,-1.5135110162370016,0
-1.0149898079319986,0.09000028297732356,-0.3719472646945709,1.0851438337663188,0.6908871287623843,-0.6363780429786294,-1.2974872210105848,0.9865033615697776,0.1787050020687787,0.19946296630614618,1
1.7493559320412713,0.6349129212136558,0.8739744760317137,1.1636172008612313,-1.5339193555362345,1.453115813353535,4.167539855035655,-2.5826957460498567,1.845638051162883,-0.5010828039937946,1
-0.6204277386301169,0.3215702326526785,-1.0063702630140052,-1.3717866060077295,1.9391847007126581,-0.5739267824051891,1.2042416336343105,-0.03172616098788672,1.1184472985159144,1.4326351198973477,1
0.8926301961031753,-0.06242813747513088,0.2305980188939099,-0.292266409467004,0.37788228228123144,0.035063285261407895,0.6647323032449054,1.0068966664577887,1.8792682748313996,1.627595600647551,0
-0.5146035196491576,-0.014381681509604524,0.1659181710960416,1.0337373702863657,0.19698604998941163,0.5294957573635437,-0.771298671159318,0.4115451691295129,-0.5862898533961287,0.11630495864189244,1
-0.8261233128045726,-0.17011807523122538,-0.942013330118567,0.6462935300581016,-1.4551949957935235,0.27384264754875254,-0.3237497329925077,0.2547063991893872,-0.26312243893140086,0.43804542109307937,1
-0.0555406129191196,-0.2026796750711744,0.18359472430730595,-1.2645719902058077,-0.7092717171438492,-2.3226473900537403,-1.023317318433503,-0.4151524794819883,-0.35414616649767505,-2.1130893624628757,0
-1.5214647289421723,-0.36897665151337017,0.9373290724340834,-2.5647361653297533,-0.3846916248072168,-0.4276646486458041,1.3671035873048287,0.8067663642027956,1.4131874418638362,3.5652493190635615,1
0.9601075886930199,-1.0090361636684972,1.1823501319889367,-0.14701582206588137,-0.36684031774047227,-1.7871745058244493,-2.921134541314314,1.0619073217201325,-0.739558800429198,-2.290412556124335,0
2.220302804187283,-1.5137375821749355,-1.9564074511792362,0.5374675162055966,0.1109447982453347,0.4190334079668012,-1.5279219030956122,1.9255200691220633,0.6559431950456163,0.26476538165014263,0
3.032471305347058,-2.217314784660689,0.3529530848137524,2.526140387443262,0.039933046556253286,-0.69271792353038,-0.22177002074303317,0.777157885581351,2.7134645779456017,-1.5779609914285284,0
0.6198689355402933,1.5642902635270133,0.6707183224357742,3.389529326182208,-0.0994724027795285,3.1396407541509608,-2.719564532813401,1.5274471954528632,-2.4619396936465088,-0.1038488900320482,1
0.3418982953313797,2.380991489339341,-1.2108740331176684,2.0857613361864296,0.37493286844768214,0.40384412473234876,-1.985357126691882,2.560469440185154,0.938543494228147,1.2923878716175443,0
1.0185778216236934,0.43002207415017135,-0.42364400961303694,0.043357909033493236,-2.2029309113576905,-0.08946280644693982,1.2609014562531227,-1.4161570924667388,0.29338905400041493,-1.4288450738431215,0
0.6447666336214743,-0.4147493167088482,2.2749884135364646,2.027798896172097,-0.04996879081053281,1.8212272673960128,1.340814824786758,-1.004090164439647,0.038536459775640686,-0.29126918982403827,1
0.7318280828376693,-0.9529710249382074,1.443641475179593,2.311771471366629,-1.0261763079634616,2.2424849619819733,2.131773009738987,-1.5392167393328422,0.200080869590737,-0.28001953714695477,1
1.3052959839545246,0.7929034666922938,-2.337296287244784,3.6651071723562763,0.6783182731341613,0.48097573497625823,-4.3076551764789555,4.308618082909496,0.8491738107593818,0.8338832670253365,0
-2.608454958127725,-1.9708008160932078,0.06205826470539632,-1.5269107029892595,0.6482465433674083,-3.3700086749421527,-1.6723576643516183,1.0533134179077026,0.5137261218757856,0.2720560834095178,1
1.8514383784216437,-0.07115603179572852,0.34322571871700347,-1.0579680519663104,0.3599926394206753,-1.1794554066085203,-3.7849822502023582,0.5730423675299903,-2.8173830153946415,-3.688953778371889,0
0.5192292730703403,0.5484478486844262,-0.4848399241688649,0.03600346604475235,-0.5527147286079154,0.4419457607556112,0.17460058643917112,1.549628018283451,1.6133874312864651,2.2307393550636005,0
-0.39287124816638763,-0.550880043204996,-1.0283217820401684,-1.3708320914018626,1.6718358587443891,-0.2068776989914629,3.9790089991728133,-2.854951561523168,1.1432448764278327,-0.025005038638394556,1
-0.5489021267421559,0.9032093341312314,-0.9369942289200422,-1.8419486483222953,0.4563130579586909,-1.4588666457094717,0.49672804334163473,1.3659578753125778,2.260690102824108,2.467970985798247,1
-2.806032652684296,-0.5313177112619316,0.9835983231147025,-0.4921249644750314,1.5006982776594644,-1.379788339764147,-1.3609708577124178,1.9669828748742935,0.6739334941476645,2.4997949728758715,1
-1.8207194583482313,-1.6116895845554704,0.3605988992629755,-0.6918116902759359,0.6903029280919347,-1.228946882458815,-0.6584238730858992,-0.016260374744398343,-0.5367681495949626,-0.02922435270073614,1
0.3840285907591997,-0.36696159452816834,-0.32097516939919124,0.16580399771512844,-0.4351787726987831,0.31558800525589226,1.726548547348451,-1.0927026068724048,0.7574420216114823,-0.10854861354575925,1
1.1164916024438236,-0.8783327991137353,1.927688056490815,1.5777416805471396,-0.9026286254062197,-1.2305085760920995,0.38418924505949353,-0.2218704011393644,1.971301273254455,-1.459667632678554,0
0.6473432266097394,-0.16462909752818766,-0.715393571239174,1.70820707856888,0.21717637258489192,-1.1728734862033798,1.03274674509833,-1.0094838996874218,1.7918659423758814,-1.760581329416226,0
-0.13178556575182898,0.7734489466366704,1.5363451472193685,-0.17837991834692601,-0.12346770792446907,0.4157158736328308,-0.40170451348098873,0.20344113259699992,-0.654892307777672,0.21924687432079665,1
1.9361038900890053,-0.15213588679357515,0.24991899402434054,-0.5089561314741223,0.7111257601086451,0.011626400273766269,-0.2984812748577531,-0.31522577255202466,-0.4139912842678649,-1.5418677609054707,0
1.6005775466974344,0.13363319318873396,-1.147490415073775,0.6072575286467818,-0.4125260725372831,-1.3380336110326578,-0.06378867722146792,0.08750574779127684,1.612995967914056,-1.4634842837049804,0
-2.3436491552460206,0.2445087890551595,-0.7752694619753632,-2.7748052426487444,2.1470984705430554,-1.7132338033009427,0.8084282959819967,-0.789608875242698,-0.19526146458711935,0.7707479978870792,1
0.9275260917935143,1.5520950076720532,0.7062831431437482,-0.2358247199974195,0.40439952092816306,-1.2557460423721887,-2.9411818100029947,1.4321702221270423,-0.8144815890039963,-1.527050677647173,0
-0.6683028117018289,0.08089442498171512,-1.5654731623141587,-1.574676556391803,0.8651320911599828,-0.30825365398115545,0.6511720880880111,0.14152155244375886,0.3812734065578284,1.3771098480115964,1
0.5484644341083397,-0.652299404494563,-0.5318947428632855,-0.3331820107798047,-0.8417222679965889,-0.4702645930464372,1.2132762797960677,-0.7322553948478714,0.9827387014607585,-0.34600234002966096,0
0.6417589898939413,-1.6892409229827003,-0.869368250231262,-0.320123807813699,-1.1640049100033534,0.6654639516178888,3.892122180424641,-2.375800720342944,1.5228199585843694,0.14770872459423437,1
0.477520699769863,-0.2910193172430512,0.22728888284546345,-1.2215727762854875,-1.702850560955932,-0.2791542333787558,-1.1016268615622005,0.11900416809860581,-1.270521490903909,-0.8488331418404018,0
-1.6446367384515215,1.1711618481218093,1.0385605581135338,-0.20935653094691453,-0.051595886695763676,-2.5074236059332593,-1.4282393500205692,1.9595136499122474,1.8048484823354738,1.2942608039175625,1
0.19536918611169884,0.15584301556104116,-0.3960059346683209,-0.27754371849246673,0.2139423010789787,0.7279503041684836,-0.33141407052592864,0.7776530506152679,-0.17146862273025465,1.0746687776249442,1
-2.2226210848628374,1.587225753825556,-0.9681310092523677,-1.256195832058469,-1.0406595794171818,-1.4739167138203837,-0.1965733127919926,1.1057971418007735,1.035247579343268,2.183284828776375,1
-0.9431085006737487,1.6178267235679804,-0.8069782666399364,1.1693017288748722,-0.23801908044889125,-0.6708618534049055,-0.9504060029242112,0.6466902828487897,0.2968049544289675,-0.041753662557358594,0
0.603979359352917,0.7394018150232046,0.5145324663418078,2.3311249165689345,-1.332818630339381,1.131922319215602,-1.3312104006027845,1.171606150487774,-0.1442928488443591,0.0452437577078727,1
1.6811884061724178,-0.3832646883357892,1.474971431581151,-4.030389637190376,-0.09624754594503522,-0.8738903856623121,-4.043626877262969,1.464512835501166,-3.557857127884942,-1.6986983844878314,0
0.5646077161596244,-0.9412931361365815,0.18074021532834086,-1.232005584688448,-0.7409566670561635,0.33273037530252303,-0.5313159556934988,1.0809359536786485,-0.058957058187592115,1.2118393443143292,0
-0.752121626566775,-0.6842085748240915,-0.6922824693857184,-1.2838023040558348,-0.03892295418009306,-2.3541307569979883,-1.2875725227680432,1.417356720553098,1.0988945642324104,0.5519471169607042,1
-0.8455252879744422,-0.9605374335913761,0.39531805332085235,-1.2755171587206964,0.6747579975700542,-0.31733903071433933,-0.09126595034822874,0.5242836797252342,0.005460679147997194,1.2675899741836405,1
2.201004887710652,1.1070142239824061,-1.1051730810190554,1.269651343280176,-0.1232980464189985,1.1612726925972536,2.714259991641977,-1.411843763329577,1.76016911991153,-0.5237812200905714,1
1.6637480661118746,0.39034874889595167,-0.6538033597937238,0.36121420004807914,-0.3709455018546202,-0.5893021897371671,1.3204468660336577,0.24774723879330862,2.728897873163449,0.3247886652861916,1
0.6736868387265871,-0.5760059204952394,-0.1493467286627817,-0.253317177150451,0.7983132369011378,-1.064442507931916,-2.5844319230224984,2.037056290256389,0.01317612483849162,-0.1568347860073026,0
0.5195122746204184,-1.1466051963455226,1.1221588504151059,2.2744916562350426,0.266085421067041,-0.5832172685956594,-2.7920526205671936,2.17730244943855,0.46443118579895715,-0.5072207775724338,0
0.5110521986038471,0.35441226171086265,-1.542445083515727,-4.154523202103839,-0.06008556737978037,-0.7345275878160747,0.8150827993728507,-2.4563846370637896,-2.4912757029550634,-2.2169351757155566,0
1.4389690724752104,-0.19324244245896385,0.28682824500187637,2.754183254574602,0.08494807836662877,1.720107958378598,-0.1977777087692282,0.6268229441449094,0.5009454054741319,0.0025254190055070545,1
-1.1950835389936694,-0.5985461518916502,-0.269940227621031,-2.835794669483932,0.8042110316696448,-2.3961658370523145,0.043815811201998046,0.08412880117825738,0.5907440720022822,0.4643080724603063,1
4.050024807429635,1.1908885364487696,-1.3966249658369505,0.8947513640573623,1.3406662306033916,-1.6776429129407155,1.6357712052239224,-0.8360169824186303,3.5303121053319524,-2.70946228502042,0
-0.028847664502642978,0.575349547181206,0.4090293980124951,-1.5967665614641873,2.3687164651947503,2.649608461874324,3.139812739850685,-1.0616414756603212,-0.08145529063440926,2.825409698324473,1
1.5803924650785102,-0.0049014769304754294,-0.9621350557828677,-2.5911752538477453,1.8492046824691233,-1.7974557486609166,-2.0788572628435236,0.12713354727623338,-1.5000691465934708,-2.5463629173762894,0
1.3711010554210663,0.16899143141433093,-0.8337509418377196,1.0298367053576643,1.4765300374527022,-0.28404062279262354,-3.120964255640042,3.2070498930694207,0.6712015806808052,0.6554843782462519,0
0.12554092230531022,0.3550476714550934,1.6795018425491917,-3.545173624125917,-0.30049656562514065,0.34745899392463175,2.0144638808268684,-2.2960703005444025,-1.6224037454865354,-0.44187840294666064,0
-2.8903500128147908,0.3273197427278892,0.5096838407462164,0.4874477659683074,0.6078915092165353,-1.8384653083458748,-2.43407784360736,3.0619596003444944,1.2677224967799074,2.6812627787421786,1
0.6007874171737047,0.300659448885967,1.8063571593725565,-2.232148641497406,-0.1276261786504852,-0.47110548913583683,5.546301515579391,-3.0197370553366727,2.874528458904426,0.7292354506425877,1
-1.1041273247962349,-0.022411863793875927,-0.4521430175905827,0.34744659272946676,1.5625324135478098,-0.031897837236549265,0.3267731163676567,1.2691334161296735,1.5857042675039952,2.5102069071640294,1
0.8582761282037312,-1.949534351137355,-0.9802875507378687,2.532886344156836,-0.06532352227941156,-0.38630581500585437,-1.7494321979708496,-0.050254127370535695,-0.6261093448357389,-2.8499132669810767,1
2.480280854245905,0.4534284892223496,0.06846306437172907,2.9282911796944546,1.8563277133624871,-2.9476785030003123,-1.2486091674384698,-0.9110761551088165,1.4859735848436206,-5.615760326007982,0
-1.4118442990684477,-0.44847523098891556,0.022189938606687668,-1.746657207445684,1.363305800938278,-3.196738276386024,-0.5911212817380231,0.9849603482946178,1.7486129097650802,0.653523707962686,1
1.4458615891856013,0.6445848930713157,0.07429896277471433,-0.020989916760030702,0.4147005139839453,-0.8800249020976622,-3.8564016254806535,3.2315103446577953,-0.07330874963150691,0.02119804466348212,0
-0.8978335903282595,0.8291414805583857,-0.34590472220400376,0.021998958682513114,-0.04954601779552097,-0.19391356401957338,-0.3322504014088485,1.6738278515977112,1.2998262209258984,2.405940105254006,1
1.0001652182803518,0.1463059745402124,-0.7372466703760234,0.05065450581315356,0.10849833926309564,0.47919763924195424,3.3995659540812664,-1.9534122032344308,1.7575382531561865,-0.050381120608490544,1
0.9842733312704866,0.5905023187952785,1.3108827266886962,0.051449756635647104,1.5154796656876108,-1.224333392778556,-1.7393045076352724,1.3075603132042133,0.5275858663978985,-0.7336698050758282,0
0.9199862448249695,2.1171815399897724,-0.5009905968099438,-0.07927248649590912,-0.955211809699693,-0.5612414764174023,0.22169358074319423,-0.9955798741093174,-0.17626736029732148,-1.8747023652655472,0
-2.955330441623798,1.1395090852038305,0.47902687132962074,1.7279848479068765,-0.9537447835110242,-0.8170246627923495,-2.273623985261802,0.6028252489588886,-1.4162650271765567,-0.4564793777229949,1
0.5224279180759253,0.6336985153625104,-0.49286782267190415,-0.10751118348299904,-0.9307543502498805,1.5465066003958934,2.740550227146513,0.9039854840441257,3.0039817934742694,4.088627771382591,1
1.2778070306476677,2.2057863526773978,-0.38496652880844884,0.034737501959026695,1.4356447200992184,-0.5546565642301877,-2.711371801840769,2.842456299370048,0.5720671927235539,0.6931629140508883,0
-0.13445279084294115,-1.3744301068469618,0.18909763054717318,0.03635118339061605,-0.4048836100592911,0.1608944317172245,-0.9490294603655911,1.179617613466613,0.0007271982964993651,0.9377023443358874,0
-0.7540415619286244,-0.7871235503202662,0.480815773189125,-1.2716995933174207,-0.8239174072841009,0.30445861138734376,0.6268844578664313,0.4543765945956818,0.3143022048680455,2.0179500999700597,1
0.07765244562004114,-0.3157568372191886,0.6014415936106075,0.7299713540899764,0.8726539356295474,0.008669559299605889,-0.6776133492122343,0.6351503143087696,0.16633216615406943,0.06843537967529419,1
0.4093721010046273,0.41864231743030594,0.5431751897660483,1.416252129512698,-1.5844211281771077,-2.4115490271410556,-0.5216740019240993,0.6870255086999781,2.532547746718485,-1.092402563321595,0
-1.7306713802868878,0.35215976323623555,0.53571874834145,-3.3679327412238504,-0.16415158480821837,-1.7112469949471447,-3.9496351511289713,3.476757123145077,-1.2895411699965915,2.3828405792423903,0
0.5572282107171862,-0.4121039499732385,1.3871907131863401,2.265057898656204,-0.7306095413814279,-1.1411592788682474,-3.690991467455521,2.2708487109027606,-0.04616790648846969,-1.4199466133165737,0
-0.633948723515275,1.107982511053644,-0.5157374727634082,-3.005585134549521,-1.0411847851742946,-3.2147655474654404,-1.383079994824892,1.084309746970872,0.6738108158000764,0.01844372776412524,1
0.49576557674452404,0.018099964323894817,-1.450418241232103,-3.9607700608449448,0.961085968241973,-1.2472326743433029,-1.7588082222812584,-0.10256865294118311,-2.5431698631160398,-1.4557627478906954,0
3.7670421706412784,0.23111327104951215,-0.6706762364050985,-0.4378317280399009,-1.2447227969187662,-1.0542765609251998,2.209168709830729,-0.3860289636489347,3.628820793440649,-0.8308851258605225,0
0.6498567239525461,-0.42074514889806713,1.2275795050671234,2.2347290350809996,-1.7457359145765963,-1.6749472690067662,1.668581398931771,-2.2571741770595093,1.794183543651984,-3.290475527130267,0
0.8788822806214698,1.269266272924928,1.0054503350780786,1.0478591935522787,0.2673544374262525,-2.787425831659494,-3.550522788336992,0.8416710112896288,-0.519190477573257,-3.839313581090698,0
0.7094558991996202,-1.0223096560479346,1.3154402182249612,1.8929461856638103,2.2725276138044332,-2.024176761506896,-4.883597083447229,2.1518787678398255,-0.9790047183844963,-2.9900063894983413,0
-3.4699180664139995,0.713597488557311,-2.1956724413257467,0.741394943946116,0.014611180300383027,-1.3287127633000844,-2.6162371569509673,0.33977356854901,-2.186275020481475,-0.8303247574364541,0
-1.6178215707818855,-0.103116812655206,0.5365994334273445,-4.062771479562513,0.17647664247949113,-1.5143281437790153,1.9591406341838482,-0.631446247788104,0.8289810235870632,2.0498386725619873,1
1.1889020517734377,-0.5951497782664485,0.3291710222650008,2.0619988675983483,-0.9077499505561069,0.597808484377816,-0.883443273530956,1.0416198393075429,0.6674976844153008,-0.195357955285404,1
1.878178499117682,2.766497489123994,1.2709411935773276,1.5898161013106304,-0.9921847276391071,-0.8694589697945014,-1.6222524186355693,0.9091450026634199,0.7630799635924421,-1.878684547519155,0
0.44609885202120236,0.6288061507847076,-0.1483321063012,2.2082033983187204,-3.1202495468984583,2.8330603729180748,2.380285447183508,-1.9863650039004284,-0.5244832615785797,-0.2639582099499595,1
0.45561081029001305,2.1208329953340357,-0.27348423330496235,1.5225616452464483,1.8338038593637813,-1.5393768684270914,-1.2693699708851824,0.1727020762327619,0.5442686394516204,-2.146256750801508,0
-0.6307678351808733,0.5414271305752033,-0.6715650880005795,-3.374491137526185,-1.5423806084462635,-2.581511577563659,1.0112457610484507,0.28844856756363013,1.9794932408326213,1.373573249265701,1
3.023068047223109,-0.986707685714242,0.6457349470842716,1.2416532543956056,0.07152204427778032,2.0021338015757326,3.6902431594630847,-1.8823927054157523,1.9438756149948462,-0.37230220433990696,1
0.3145101507126238,-1.0146776252897303,0.26743788000512814,-1.5588339109722664,-0.744947659356444,-1.3014503271152227,-0.2270143347498769,0.10673090032794519,0.31533638430008115,-0.3636072434417544,1
-1.6188824079568402,-1.5758885285575106,-1.0943038805934107,-3.10604367824861,0.4351880749310681,-2.0990889094774223,-0.13304761787440264,-0.8965855212851499,-1.049692106212393,-0.6496737955914996,1
0.36394538208850125,-1.053130882905641,-0.6833033288473127,0.8300044814920368,-1.8312586378117337,2.944777938789378,6.292353111311009,-5.070393631077556,0.13705303400387847,-0.6864444710409048,1
2.2571162354039163,0.3695131163164241,0.31259223015353105,1.0077004971669294,-1.396730673228127,-1.4632137765787554,0.5081350685403516,-0.24850892101170952,2.313598654595844,-1.915663163135529,0
-1.4395016651434394,0.7134909550395123,1.9188980845533383,-2.7173532844280257,0.9315450858532519,-1.2522807104284033,2.2165556496509122,-1.3617500187628733,0.711122572247334,0.9356809742192937,1
-0.05421291898698488,1.024655190284435,1.1453242656988951,2.2630484140939755,-2.9306252724774917,0.7488728903982925,1.14312945832525,-0.663678411238377,0.8881352033150229,-0.15376181737087427,1
1.7945152251798788,-0.6889647558534987,-0.342554518749369,-1.7492332638633266,0.6687277509012801,-2.3009568452696563,0.9691034240549553,-1.121693642138685,1.4280462983933264,-2.1468057308505615,0
3.6728863643194933,0.7991014640218883,-0.6955201502034049,-1.2301348931762273,-1.3692020000844913,-1.547328684644055,-5.960036476655397,2.89251130273725,-2.263370106716766,-3.39546362879733,0
1.0785566302517968,0.5824976279287521,-1.1984572935988032,-1.131175761952857,1.1646880949860372,-1.4889888089831766,-1.3674809748653955,1.5480159452309459,0.9829342433335797,0.07030383793192817,1
-2.0322064325606486,0.519016980640679,0.0031928483930527213,-4.045330591219847,-0.04806484377381428,-1.5551573644680912,1.8549149778769978,1.0831433079446011,2.429172680933484,4.535581931861442,1
-0.7825632938142417,0.7564145480524449,0.6074835600168066,-3.0540315992898774,1.3199964485196727,-1.5494671141870495,1.7779112946002988,-0.35471303500514373,1.5041311039236467,1.5832364302562285,1
-2.619834370206183,0.28601615539704284,-1.8201492150456389,-2.289902964874764,1.1377530422910016,-2.585318853789532,0.43054036163092385,-0.6972209288872562,0.23298681265084487,0.21253736246837573,1
1.249290195052953,0.2721992597537909,-1.3403841850963165,0.9697985616272411,-0.21440668474875849,1.3158165714431713,2.060359156525026,-1.436772836472279,0.537744933314275,-0.5113673149346524,1
-0.5940013974751914,-0.13679182482424398,0.31661088485229333,-0.6365443950859655,0.38219921192012235,2.1865529796171432,2.910194678984147,-1.4779146821311073,-0.20716663670105784,1.886148960330381,1
-0.3702862018408881,-0.12508053197001676,-0.5400143385700622,-0.30865359813475,0.4328185412653227,-1.0975852413134404,0.16112131209714567,-0.12835966212001426,0.6674151656104507,-0.23821727868727136,0
-0.3033778161389389,1.005998339632682,0.9152219625044209,-0.4599074918908941,-0.05973756981298445,0.16274546661195277,0.232526685768072,1.1022779296561842,1.0473202548502336,2.0803409499171144,1
-0.8553992893902274,-0.020155336347329265,-0.1299047314984712,-3.4409179201923283,-0.6803677664898552,-0.0003123634665035402,2.3829446282345375,-0.6777563985750903,0.5471266445925241,2.4576899505023464,1
1.9237495085924565,0.8408189056757108,1.1616069404668121,0.6777645163357577,1.0589280641174017,-1.840130853376948,-7.3573610923114385,4.9517111930745354,-1.2077611204530676,-1.4826567312286787,0
3.0886512580386665,0.8473363253542434,0.231107168513459,2.133134417974005,-1.6593624592297702,-1.2882638856056237,-0.9548832664240741,1.0365697029560221,2.4547464466939983,-2.041100553215308,0
1.0031365429748718,-1.219735606326348,-2.0035304194121597,0.9708415261339471,1.0142669879699076,0.8222122818390221,-1.8835901935344184,1.2956771469050998,-0.8281967777720897,-0.252159583956446,0
1.7383009701771734,-0.0986221043341575,0.43813657214145746,0.8412151483741266,-0.7905992211312695,1.3249611170588518,4.487426661981069,-2.2422512195961293,2.538152965968452,0.28800743335134443,1
-0.35315197139446597,1.8210197732551878,1.9975117034922045,-1.0389179860112154,-0.4707974897078709,0.6356909583868928,3.3175062121190546,-1.660603631529542,1.1309312219048042,1.3120762258948668,0
-1.7248975807811475,-0.5168826360841203,-1.1361742365255116,-0.7657808895283147,-0.19534099645859268,-3.430753991543255,-2.425997317190071,1.9718018528004717,1.1385107399464964,0.2253888784412452,1
-0.4734939055229759,0.07093603807778562,1.1605811769046714,-1.1839098312917153,1.377495904468828,0.2991587557113915,-0.22594705892468198,1.3528893389982848,0.37307742333728855,2.355519231757479,1
2.7986185550765184,-0.6139488594002418,-0.07079242518472023,0.05640890106349861,-0.36409991015970355,0.3928437552382332,4.443694446154129,-2.0778622981583044,3.3092134615633926,-0.25068141155649226,1
-0.7485095748810506,-0.5578478552534369,-0.748585152673294,1.1139936154522876,-0.41182859732470173,-2.329063975996159,-1.6385614611300308,0.8016066026700559,0.9298587551091408,-1.2183214874717698,1
1.4406322317145472,-0.22317224097286925,1.0291608274696276,3.65509123586038,0.05704168467895999,-0.8413105541149326,-2.099968647903457,1.5492880624362595,1.5237416729583804,-1.7009565687581145,0
0.8124493386132482,-0.9232417043709195,0.24088560019550218,-2.64325253996304,-0.5535820109362976,-0.45894626755008683,-1.4260327029544333,-0.1349856531594973,-2.22044770019499,-1.3698566080338408,0
2.4635269782425673,2.13508200893013,-1.0201552225268866,0.9382211684456259,-0.7154255205767448,-0.859744211816431,-2.256794527935351,2.415447534524437,1.488067235735289,-0.46034381581827905,0
-2.875142991889935,0.03733507711071247,-0.027916923967480682,-0.8084343306704843,1.6240197994726442,-2.6820970714181005,-1.333451848885952,1.5293595226273096,1.087473758282873,1.4763920600916312,1
2.2394730623620145,-0.8799683576065088,0.7754095344039733,-0.7483706795936891,1.5449046987091442,0.35744005685311997,-0.7959168575916219,-0.6395150776036747,-1.5950459783376214,-2.3757070710622514,0
0.38122564853539676,-1.0712222864955514,-1.0429690333437662,0.08142159823783368,1.3193687758229597,0.23511800304815644,4.117817258785357,-2.366568193597067,2.1991220463614556,0.20474407904903347,1
1.1739505078416932,0.1349610569154279,0.13131683316005388,0.2535285804038554,0.624600518224056,1.1447456100790974,0.048348651636246166,1.5272048305736077,1.155940664172458,2.001733363514489,1
1.3169771886759953,-0.6072104429957799,0.5628109699500876,0.7486468774501602,-1.1286963336068758,-0.2862624563299818,0.5521383282978787,0.7206209608396346,2.177759859635017,0.5135745013515405,1
-1.1670179122093964,-1.2818521573795725,1.4794614334697658,-0.3133096132751392,0.6744654244910979,0.04080643315677379,0.8500137339636199,-0.8609564888922973,-0.34006979436370033,0.23146331261324465,1
1.113302604049507,-1.2667207021315745,-1.974011955045982,0.9053600833212885,-0.6691427506673333,0.8672687926712954,1.534919920677186,-0.757033222544977,0.9203504250980549,-0.13079044197815476,1
1.6308229552957307,1.1238932901712488,-1.1579956366942243,-2.2019511997524983,1.0736102952456577,-1.8189327465039908,-0.2608677091881156,-0.8882628280547968,-0.3018481296139731,-2.4989954798994964,0
2.6629766083706667,-0.8352383651250496,1.9229934548284913,0.14011935709483336,0.33719442250856185,-1.4242259754512543,-6.459405433219531,2.216826726005209,-3.3550779401527877,-4.565109841659782,0
-0.7764540408205931,1.7405212298373929,-1.5878747688613812,1.9058818632871282,0.8402168599640815,-1.2994219072607887,-4.711838187406698,2.4334883041861772,-1.372014492917697,-1.393664545335618,0
2.596411563251487,1.0429936246590428,0.044961761758351496,-4.004423804818645,-0.437327684847254,0.25206617217473637,-4.346387463248245,2.0958631871437117,-3.864077570817218,-1.073875095060868,0
-2.411083729599776,-1.0044511413844686,-0.6628706096290684,0.10474171527511045,1.495201274428798,0.9018578270554836,0.758574121075373,0.33719692189384465,0.022189382157143278,2.7070230297761015,1
2.1898388339905113,1.393802351143269,0.8813644317524277,-2.923987837630669,1.6434762709769233,0.9552978690324359,-2.2061253571429478,0.14838148101588888,-3.654361738175778,-1.681472014207569,0
2.166999479214624,-0.7168080980752114,0.9950527466570456,0.05839305744912693,0.287435751696084,-1.406135630221529,-4.221743226306239,2.1528468231618376,-1.0211156187581008,-2.4104239737760564,0
1.413837910664571,0.11762398407484267,1.4902968916692982,1.3720726606661813,-1.162895316247801,0.16025687561549784,0.03328940872174226,0.8270687006358537,1.6160251982936245,0.18785805056378815,1
0.3353546957127842,-1.5793719075375352,1.686012583861031,1.874486530953672,-0.3815835486484203,0.5960220827180973,-1.5775974299855204,2.5450813091727413,1.1660848642159336,1.7679679253945122,0
0.30134741405155674,-0.6717136568774156,0.578809109784556,2.0190461533725506,-2.2041733854125187,1.470185440308381,0.4926723378331164,-0.30735100151307415,-0.03077173661434851,-0.038788558118111695,1
0.9311990539039229,0.9598239527423692,1.6739581096660563,0.16912150378048396,-0.5775570245230115,1.5878348659606587,2.74495887269682,-2.0118129851419546,0.15043529611603856,-0.23150830388424537,1
2.7250980423509397,0.005182484353656514,0.27545109836331394,-0.11126937495322431,-0.07825521553347335,-1.0659745074455538,-3.4786436527678903,1.831836498934028,-0.6900175090871774,-2.2985356475321126,0
-3.526814276155144,0.3845668539420678,-0.26089226948679867,-2.082020000581589,0.061097635289098715,-2.762811773525236,-0.9814635630054743,2.149027547096802,1.5688056280048135,3.268667144480386,1
0.34102783224942224,-0.5060102892035697,-0.10098034615933793,-4.224397167408212,-1.121850825000477,-1.6914826714417601,-5.01429872511661,1.6492892067064586,-4.252671573422955,-1.9163983228450636,0
1.2879774494941088,1.275280993218131,1.027286169739685,0.47452276151264317,-0.29005178328421694,0.44070492044738707,1.6840569852999314,-0.8296957387393187,1.2141536129500028,-0.26019115429789164,1
0.27863119426415783,-0.35188217414045164,-0.09808541239626974,-1.479085845181306,0.9333207846519014,-1.7859377561562164,-2.6002412966992745,1.8365973740911044,-0.22259480557941524,-0.2445786208196921,0
1.3626758598480992,0.06773039361612657,1.1128842530120984,2.0314093703297,0.2310154145762398,0.9010913469966392,0.7501775769575197,0.18482474526863357,1.4506736276784027,0.09418105795099056,1
0.4824308971987108,1.0347608071046908,1.1559719901158712,-0.8017208756649077,-1.5360816755659061,-0.509482846891504,-0.004074010800075617,0.7497498478006093,0.9680145745223693,0.7870789076767815,0
1.39556408047628,-0.9367373553060163,-1.690319025877201,1.3994006358192939,0.3510011542248495,1.5039335399150962,1.7573082200669585,-1.3339701856913269,0.3511514054203114,-0.7377367904681366,1
-0.02248939799207328,1.014847728147081,-0.9454278641443407,-2.5095298200006004,-0.8760028902037027,-2.6826708516649376,-0.6376691875751095,-0.6600464512968167,-0.3530579924815853,-1.9673596506922661,0
-0.7775327883479839,0.6547472191614669,-0.47482378421047405,-2.079090397341838,0.7531941940567736,-1.0210380800499792,-0.12695420181660882,-0.7025935311746783,-1.0667669478611221,-0.6020665989442077,0
0.8179167092041226,-0.818002250319816,1.0937852635274434,-0.9112326583767983,-0.8871688489050034,0.4545417008224828,1.0943537367973608,0.7504787338076767,1.545329348594496,2.021327857373749,1
-2.0556093714831425,0.3905465704266527,-1.0366873137998296,0.6362057557179521,1.080440696112888,1.2208743258425159,0.8809271108383775,1.2312346127155738,1.1325260953256757,3.8816248935969626,1
3.0264393136000063,0.6288712544525031,0.5916247232846588,2.147616594487774,1.5538331422956793,1.7387260402749953,2.85720760148263,-0.9226930144968236,2.519710278502483,-0.11099596920547108,1
3.3595815932886364,-0.9150837506108667,-0.5409272285948689,1.6902565092336066,0.45063433992680635,2.211093783143732,2.9832186476233757,-1.2955810609796568,1.8333492227333195,-0.3705557192064748,1
2.369264341522986,0.9999443433110298,-0.9981006602355318,0.42365522537490263,-0.026414999087045726,-1.6824743087478353,1.0121140148933534,-0.7511523695626474,2.3413666477001858,-2.174176077522565,0
2.0864541168452213,0.6992510888287639,0.6729799604696928,-1.1289585497988601,-0.6658509226836544,-2.1236302037636063,-0.6137353373668147,0.15032828053217961,1.1034598730852951,-1.9939060582588437,0
-1.8619068555195568,0.8596300943629369,-0.642324717499428,-4.196615457551037,1.1789867406346337,-2.5254433437405313,0.6541503937198129,0.15426701140170263,0.7976239673923848,1.7266749615886618,1
-1.6430282598197854,-1.9038895341252002,-0.3997279824149245,0.03529845677666854,2.1201597078736754,-0.1342161952209897,1.3293594297072486,-0.304751693192588,0.9339861076783456,1.5043317343035947,0
-2.4889242991100167,-0.7654864541360713,0.10846814483876122,1.6472029980751866,2.1416979973638197,-0.3994782951527167,-2.102055968195172,1.3846512591824214,-0.6406096233669154,0.7472400245054693,1
0.5655132245602408,2.2082504289968408,-0.7132320106245545,1.2147718368864047,-0.6870450659553086,1.1192479178166697,1.3100028913976531,-0.8658543423886675,0.3493620260693737,-0.17617712686579362,1
1.578037167569942,-1.2020033392056921,0.5794330929655631,-0.2812248442577485,0.7668608673967203,-0.5461476431491892,-1.2283697220501433,0.7979910823308118,0.0935934214884051,-0.9213724075898438,0
-0.09827515183922264,0.8220617843060168,-0.9260524618792649,1.001145586175762,-1.2318587110719776,1.8199549796917949,0.7784084958299458,-1.0398293868269908,-1.1952622708819,-0.19921875980483297,1
0.6487643225097135,1.51319168432021,0.18977761392638479,1.4184713994281626,-1.6557345104979544,0.9870375692948615,-1.45438503698099,1.2304478992177286,-0.4443056323489154,0.16807158226227065,1
0.3115781271740419,0.4824182247247532,-0.9742095738891192,-2.0880143131918762,-0.45440651239148844,-1.4846821754586716,-3.7889790799855962,1.9416547964124962,-1.9159699030012833,-0.8754331291263734,0
2.6561954451802827,-1.7473053686323792,-1.094666539179358,-2.1950471159254605,0.10220450942045464,-1.001830151287553,0.6139585096258541,-0.08655033840318516,1.1645166944129717,-0.7840610373406953,1
1.5014281894112185,0.11020687923412407,-1.6235870856348384,0.6107649517726275,-0.21865885725176532,1.9623256256322688,2.9567637765796007,-2.0081822973963703,0.4146132396098404,-0.2813517278795461,1
-2.1002258404562633,-0.6004698164031986,0.56824371113879,-1.832305679502833,0.01415947951850353,-2.5243119573581447,-0.5720899372440214,2.426177922089165,2.5728546835780346,3.333641816844607,1
2.0420801555478554,-1.4429897287624562,0.2886656165459601,1.1396393535284397,1.8579341453614433,-0.1993102510799326,-0.6130039857605362,2.1668047761377256,2.595145382010064,1.0781867408459103,1
-0.580945070757187,1.543877161056002,0.933180772362211,-2.652129416071535,0.4540350958756309,-0.5813528084694644,-1.160741281128023,1.383763921265846,-0.5783443857936992,1.632598549468773,0
0.8909888982882307,0.11837588533238683,-1.0040408610202272,-2.139729311300526,-0.5327575394612195,-0.34534327575345025,6.142353010570668,-3.3289310631528366,3.2439529627771897,0.705381304652506,1
-3.0427915803839447,0.31341205266384853,0.7667121161322208,-1.132652200906491,-0.744311787757107,-1.1616608318137762,-0.1895140140315546,0.843114711020293,0.39256707540111924,2.337409671507925,1
0.820762218312519,0.07383257979777495,-0.24936783834808848,3.3969691556502024,-1.1300003760924564,-1.7937118660600673,-6.14438270096624,4.559436768151205,0.48927624709769013,-1.0832721147936146,0
-0.03141033202515686,0.05726211434034541,0.5132522896942462,-3.236627145945561,-2.0102742675983114,-1.036710057995057,-4.56648665607213,2.1603341445490756,-3.418150571225001,-0.5971911764915259,0
0.21293092067059005,0.8805145741964782,-0.28353987807492004,-1.8325992481887403,0.6128210444429151,-0.6239273240692995,1.9539199792388653,-2.223578544737169,-0.23760430904619922,-1.2878878153048738,0
0.8692839812244147,-0.4043653256803252,-0.17554791863099908,0.698883738843044,-0.12503728432039923,0.5041922545477042,0.8065511209591797,0.02786098676826798,1.0383827055131598,0.34511806290133024,1
1.1650143082857554,-1.8159319960198228,0.20932685149187039,1.3002368985280415,-0.5056883931084507,2.2394367170076874,2.693993711262108,-2.0195113740024357,0.07308974692512993,-0.41691802093482405,1
0.94404405795072,-0.31244014178677765,1.9116989388605339,1.4466654857830084,-0.07196565296958614,-1.3591326515523656,-0.7193500754494387,0.35255410729274816,1.3118268309901522,-1.5624648739207907,0
-0.6806603574163097,-0.4878711748161698,0.4461557379622669,1.013392302290447,1.1709307785954146,0.3061893240195056,-1.4365127420168748,0.9863969180052845,-0.6308094389635799,0.3274150819830092,1
3.7238695901180208,0.8245151560185962,0.7984770104452468,-2.9657902792063497,0.5194888741480125,-0.32542861448712723,4.288391944352904,-0.7131502248459136,4.177685691912995,1.5162739581297722,0
3.366816388162091,0.07987605427022527,0.5440149383064131,3.4038656092444266,0.3615990341455025,-1.5936346962886654,-5.0789928738668655,3.26836866100787,0.8163240582331618,-3.1465130001346906,0
1.1959400121618242,0.1000118741213807,0.5448068412694402,0.7758970521628376,-0.9983351894961722,0.7166292468099584,-0.09389060521243461,2.179557423169427,2.187825141907591,2.4599772066255667,0
2.1513972808688013,-0.25078506603645556,1.8955024193925007,0.6827328625291307,2.541641059840153,-0.7231745743130511,-4.961942903280189,3.401304057498371,-0.8529293716268745,-1.1816303246943123,0
1.0292873359344867,-2.4809745673016015,-1.132876867847411,0.5379277202859625,0.5451694612222437,1.503587217848414,5.696472372414655,-3.9027357598918893,1.7871499955470374,-0.4545240876393463,1
-0.46573360759085647,0.7840896324124739,0.44817732718093745,-1.200503404382613,-0.01295434828290414,-0.9113017909350957,1.6968011534795362,-1.761940395562505,0.23726556374309915,-0.8117988545745674,1
-0.4584198642300832,0.7749349594220498,0.9444634456286217,-1.422729626983353,0.5438089064632462,0.3050121364596212,2.021779513129938,-0.4754627721598843,0.9577481497982462,1.8367901762388805,1
-0.5766069477886382,0.11669856322580324,0.7509916217780057,0.16799959926706332,-0.1612166055924357,-1.5209948059291523,-1.3535159475722869,2.012446464668623,1.6001178242910452,1.218311010172368,1
-1.556411822221765,1.2611455222174035,-0.020856111561143437,0.32092963841274225,0.4429807482001637,-0.725005272173022,-0.012157319592221827,1.7519699150887413,2.0996530869489707,2.8258626929438355,1
-0.9589578576632192,-1.43715378981121,-1.276105673706229,1.0999751013526562,0.37162963803304055,-1.145097364532742,-1.8850272748854848,3.531869570458532,2.5453428694095988,2.9839279267005763,1
-0.7849416626990705,-1.591324606721872,0.2613790660348003,-1.6356296349034416,-0.3591561876613128,-1.0186116665107583,0.46141785351912,1.34633895313835,1.8935507068056725,2.6627606049169814,1
0.4648144929645768,-2.2830103724248696,0.08091522552712062,1.426782255412531,-0.16820529063211465,1.1444605236925276,0.9243035206643375,-0.2812686636764776,0.5511139668513267,0.3073067090714849,1
-0.5252622157885489,0.4316085228765972,1.4025460222205832,-1.129814998946392,1.2495949332371197,-1.125528368830566,-0.5521036884763787,0.5921660847613968,0.2792557185708777,0.4157077046460921,1
0.46513578081838636,-0.3442030790233886,-1.6947505248528592,1.1139730710517344,1.810534841351558,2.659376499661189,2.4216915052616086,-2.4191183033675174,-1.1982758130936437,-0.6348087720964808,1
1.7691341140203463,-0.7036867654919974,-0.742279685508737,0.5884333144652952,0.7445896031071664,1.2334316352046886,4.148942600858765,-2.313988648099778,2.058068858384902,-0.09916748791486667,1
-1.258373829778673,-0.4108334265721668,0.23152783030047383,1.7936555835071988,-0.66758289705895,1.3679840751494625,-0.0018730751028123633,1.064769055525389,0.45571872263463564,2.2394614294788022,1
0.23963444023071512,-0.6483411841439948,-0.17513175563934363,0.9757133965159372,0.6721675822523486,-0.44386036606625145,-1.147774224599353,1.4667247171868842,0.9573177256288272,0.4782674145655522,1
3.5042531305036944,0.21668758147199288,-0.5271602352964028,2.1866290451472548,1.1132103250442176,-1.4520202860180844,-4.798622257976516,2.3270507960613926,-0.364586004553488,-3.9107926094700622,0
-4.461129260247789,-0.32512999833242945,-0.2657873368998263,1.0954969581058993,1.1599622074410596,-3.216716611693139,-4.873992669057613,3.1342753354107433,-0.5635667914828728,0.6894446730043186,1
-0.5554584116740204,0.9015884492222208,-0.2656379293122753,1.5197644542396382,0.2987553119881882,1.3073441271664135,0.2188672434364168,-0.6292987313641323,-0.942082065823717,-0.2382462205874665,1
0.6638369823544257,0.3133631511417689,0.7308322351949248,-0.10142148980254695,1.3417202887201152,-1.3967220344785802,-0.6155300545140853,0.25838271124167567,0.7212729141730503,-1.0820435163006143,0
-2.307598039720957,0.8948366881445676,-1.4472793731982214,-1.8114143415539559,-0.7279811584459457,-1.2676512232119386,-0.18133108802252587,-0.09217997157445801,-0.5698509237936986,0.798711112170189,1
-0.7004385847655854,2.045893295523032,1.2123844528897523,1.9146941144219127,-2.0145375914856953,0.019498854267100962,-2.541623916762621,1.8922954094809277,-0.41186532695164724,0.27769036510595496,1
1.1619890120083793,1.2503091888975149,-0.33865918778936765,-3.710833105902912,1.4731587573144636,-0.5638499955540959,2.768844925773537,-0.12545735779582778,2.3522327549227824,2.380181789131309,1
0.9286230922860038,-1.9678301230925799,-1.113266268792409,0.7238482965728987,1.1411994149084022,-1.2825671732964952,0.77712007378846,-0.6237355821030173,1.6819888691549216,-1.3841991468916182,0
2.6124019828025267,-1.2376427261280285,0.6555673984218366,-0.8000571072482192,0.39147672077115386,-0.789129637636152,-2.309178548252802,2.8629140960285375,1.2299683713927276,0.5164018444715741,0
-3.1479575341266086,0.45305156626192244,-0.23937394244873753,-1.8100130213740115,0.0436279710993578,-1.9672778033599205,-0.5121641500216612,1.4158572155413842,0.9418623579927577,2.7363116647055468,1
-0.24651164696485317,1.018318594558966,-0.5959467111162355,1.2163553037579717,-0.028526458109744773,0.3222401583283401,-1.5494178529387088,1.3220640497512228,-0.24695152469688186,0.4325297656841889,1
0.8808125396034657,0.19932619610515928,-1.40300106702754,1.071435724837331,-2.0679592873527577,-1.003669820776823,-0.09628848222764562,0.12126442580995445,1.36600774904002,-1.058999584273361,0
0.9905352040328803,-0.01965001220148896,-2.7061569997716033,-2.067817932347315,-0.5148659103564028,-0.11231943746768569,6.983195841739037,-4.234408293578781,3.1426526412388367,0.2120585157182732,1
1.5782861737935168,0.7910754438725505,-0.6805180722834149,-2.5880567827800642,-0.9136686974462381,-0.9330089933775592,-5.554380940021153,2.7133097419200656,-3.435322503911849,-1.6263440029024578,0
3.8308784563867824,0.665567197875302,1.314740264821312,0.9555428831433511,0.9601638968056067,-1.4093528244536682,-1.534003267515206,1.695625512505504,2.3028439394944344,-1.7554915050355329,0
0.6840556569523408,0.7173234939267886,-1.821856901770366,2.1349121131587734,-0.558075932285895,-3.1018808415544945,-3.337433308032969,-0.058876902273723886,-0.6181299112038801,-5.22065549131794,0
-0.8139671232592144,-0.40260254702296555,1.3624464238751592,-3.0661480310897575,-0.6126065402657834,-2.4884727557949464,-0.29025702900906153,1.3130929752048182,1.5561811828042487,1.711888064716195,1
0.9324401366729725,0.40719991580648,-0.2369591399441459,1.3874694735093889,-0.8058609552534246,1.4796951673427157,2.8411735100305586,-1.7063679529450209,1.1101587944769522,-0.07885237657289376,1
0.009230455521130665,1.6851671320478099,0.22734486471158466,-3.4241923315784293,-0.6644311950343323,-1.5053763193978043,0.7266680585618793,-0.17992085195972485,0.4976198925173556,0.6179893480941573,1
0.34207957948963275,0.8890021156230895,-2.053829440163577,-0.013466441786098349,-0.41994423956869936,-0.48877348993364134,2.380293475098949,-1.0873949879005296,2.0334624490536903,0.19841044678777076,1
2.0700769273634885,0.4676162799442456,0.36101400468125744,2.9293615128661563,-0.48653903455631425,3.1936545717861686,2.1436356219379977,-1.8229287682087782,-0.2474743219937019,-1.0929376883438369,1
-1.2204191641379867,-1.60040439852996,1.4447108845233778,0.24122802807996213,-1.110159643645336,-0.501437716843527,-1.5967096332741126,0.7691157314490578,-0.8506368735392424,0.009852441201088772,0
0.17903953343394874,-1.467771340655257,-1.8799117053720003,-0.1283305871350109,1.3834901644375224,-0.7530338857181131,1.5056603062093437,-0.0005239948627583368,2.2768492494409402,0.944623785987796,1
0.974933802612043,-1.3664632710364661,-0.5442654980966511,1.905232742377125,0.2078824286333278,2.5706568851931904,1.0101363856902077,-0.810638386658881,-0.665384276972206,-0.12876133986229965,1
0.6179236160809971,-0.13102042404249964,-1.1798716805474392,-0.21102958328288834,0.6254783881772652,0.2778260149826772,1.1213552341582609,1.1364077074179104,2.321296014502943,2.4299485758698873,1
1.045740247538194,-0.47007371980795604,-1.013597550510733,-1.643065790789471,-1.1002243796808588,-0.6056322274745007,-1.2325194299411155,0.08741526268680755,-1.2336275329297044,-1.3250392686683807,0
1.7809108212339866,0.740904633051127,0.9847346857512055,0.7000694044323317,0.2297589919427541,-1.0431641604680606,-0.3037126634547126,0.7514842746242036,1.884534763482919,-0.7378560411500195,0
4.1519402007950585,-1.3218271117477924,-0.1499634011101363,1.1500231615911414,-0.38930562075357045,-3.03145010389668,0.5316696366360704,-1.3391339320838762,2.8715545008481316,-5.072148610532572,0
-1.554867066370737,0.11951288540670313,0.7628291455859143,-1.2766134059273646,0.5273482352810756,-2.3620114465456847,-1.447882406261808,1.301634987295425,0.6165230327699037,0.6489268564303742,1
2.004251196527511,1.6608549116041296,-0.43730622618779175,0.10009930801120515,0.09899805762479688,-0.979610286554544,-3.4567475766077735,1.512407916471299,-1.1506594994444466,-2.3788741524456403,0
0.005606135410926361,-1.662199495723507,-0.596758318019291,1.2187233705586655,0.5188439229401117,0.3470185891398978,0.361097757383621,0.16752247353711813,0.7818917318968008,0.3840401347671575,1
1.3851598791580435,-0.8668585821680357,-1.000701436779549,2.5083973524933976,1.0430704919703606,2.4988283065690373,3.7528816378068472,-2.9013959872194155,0.6756666873753487,-1.0255404474614704,1
1.7728783773559227,0.5792129424360255,-0.9320368655873537,0.17985495939256024,-0.17972636478580264,1.3321544612329006,3.453587954301497,-1.5876851727019532,1.7921175274104613,0.446994887466338,1
0.8214654736547697,0.12463934394784838,-1.0018987506741357,-0.27909440836340693,0.35972292514357795,0.3025070166631634,-0.5842381041332825,1.53491323057815,0.7875073364475511,1.4127037268609852,0
-0.9207704494606184,-0.8298567681375087,-0.49187971578071743,-2.726203065028556,-1.3200585659077924,0.2725154688941136,1.5140125563770115,-0.47581863949108505,-0.19071070315093386,1.9422264757837715,0
2.6966030891188026,-1.0752939033304105,0.014320402204858777,-0.3324479369056488,-0.5051094154115093,-0.8141690195545839,3.305103384133173,-1.2150389604186493,3.632687068602968,-0.4098018842796239,0
1.3402188310543088,-1.1836923420361263,2.055220968516346,-0.15563509448047497,0.059312765419377855,-3.041111613135846,-0.7165986830524793,-1.1680652149843342,0.48751827721619345,-4.184634553297794,0
3.189486284270809,1.083441303347885,0.1896473970119882,1.708643392479312,-2.0354794285511777,0.8527255369670592,-0.006417164954589884,2.6136260419140434,3.4483973416609266,1.9574930422564554,0
-3.386222087184434,-0.6015839795487117,0.5548575935630102,-1.1231422326866558,0.785916086903764,-2.1301587552491505,-0.33689851730509235,1.429673152805278,1.4771071458332892,2.7849431056018488,1
-0.13341400750037558,-0.9804528959686019,0.052812202494263556,0.2707454099147226,0.3516375673328582,-0.3671527580644225,-0.08488236233978935,0.5534275019039387,0.819845455095354,0.5391288540733257,1
1.210824403213897,0.45267917616006303,-0.43044733867642976,2.769592117148108,0.06983160829428585,-3.5828338596060787,-4.246643330702891,2.3050355583295867,1.5113323429423615,-3.355307628640602,0
2.064175646417778,0.1167548178384844,0.4531231087104852,1.8953595289874463,-0.6458124527580007,2.7506359486314733,3.7699633151638956,-2.3282913718651432,1.0336201712207616,-0.29004563160063146,1
0.8315801766534258,1.7168459305521968,-1.0382307304919214,-1.2121946314371432,0.7758975489914652,-2.2671682185427002,-4.526062708495099,3.0263810510298694,-0.6046939019686426,-0.8284841654631174,0
0.6621622966711174,0.13394029593058274,1.3187013557682354,-0.8038394247674139,0.5099516667426873,-1.9913784833037087,-0.4688330011744659,1.7755987559432072,2.645429661112533,1.089718295464379,1
3.4505927223131407,-0.28976909672896906,-2.0222458092034,0.21481444904356883,-1.5924872056449197,-2.072954620550527,-2.5755096280800847,1.811823154481508,1.3625010127158126,-2.409450349044642,0
0.4995093768488703,-0.021264052012147087,0.8346231822478283,-1.4468012211001238,0.5224641173900957,-1.237059080132425,0.8998395430116782,-1.6322096171269513,-0.16329448733202412,-1.8925660231112322,0
-0.04081118004425843,0.536653206277333,-0.9834197923409767,-2.2066091563200385,-1.2273638140282521,-0.4757978678346627,1.358591603239226,1.0063245258808682,2.124893203741723,2.978343825227247,1
1.3854942702928454,-0.17976763432824605,0.21733684768254632,0.6799000685834459,-1.6038669547973994,1.095195133703216,1.0916455473530395,-0.5050507504269797,0.48495137508041264,-0.15157597119827676,1
-1.704440301393252,-0.46587784477974814,0.11148481715107776,-0.8776323892103204,0.6819688604934749,-0.11091144593541291,2.3321271874162885,1.3276290815915681,3.404883508081767,4.934886818764901,1
-1.7309601193718205,-1.1986001519629408,-0.17494736099589125,-0.5596456398261362,1.9329566907526607,-1.647430808359844,-1.7454385767495662,0.20982865464856737,-1.164151399225624,-0.9255196642095498,0
-0.22083774517226762,1.0980235492601698,-1.3719413505485563,-2.289071444624043,0.14510379388362948,0.3589033064643927,1.4737557406268322,-1.8805638788198658,-1.433312424712885,-0.4790208492008801,0
-2.3952175408234133,-0.609478192509407,0.2234542861390162,-1.1412791185811844,-0.023477077188779297,-2.8201945468933642,-0.7589553630123174,1.110630192094755,1.4015986031138123,1.1818911304571147,1
-1.9878381814373574,-0.6220434744420537,0.003092701675185356,-1.298454541491101,0.5297299040236267,-1.3583361228177362,0.4499068808510947,0.6265393248553721,1.2305724428366407,2.024615803954872,1
-2.5644252332213204,0.2780294675789354,-0.0759663790646399,-4.149669212368394,0.6600409565708283,-1.3768160517074697,0.9936588029522473,0.8923955126209593,0.9501874196653155,3.883577273605326,1
-0.26068658767194686,-0.14463799478756567,-0.9024383611615057,-0.73194588208357,1.7590220152037213,-1.1435466876858602,-0.31700671341841374,0.7363826311189492,0.9206233791129362,0.5807561810637942,1
0.04669607503494122,-0.6696704597370643,0.6406441757628246,-3.277704275806172,-0.06323557326745641,-1.821711590847696,0.9307327868136644,0.6102780488767314,1.8497084231782608,1.7082661887869293,1
1.0535243376243821,-0.017171438588209225,-0.5248547799343276,-0.09021553083024991,-1.8177453874985223,1.1274926484370742,4.390253894142952,-2.8267769401704026,1.4620917051288962,-0.1133564525460016,1
1.372948734921446,0.753075565832127,1.2507886953628862,1.0446994996043415,-0.6228263745532341,-2.5594508013920443,-4.953704440508061,3.106966747121375,0.17077484439754054,-2.0649240590151634,0
2.2882700118792574,-0.8789920131961103,0.5757967128909325,2.469446028173347,-0.6925857199104988,-0.613770457616687,-2.2628709960228046,2.2135729901434322,1.6154749420986656,-0.945439566341568,0
0.09559113392358465,0.3153314706444249,1.001383145660648,1.733178079694805,-0.2539283100109162,-3.202537959594394,-4.410920806799308,0.6454444029950945,-1.3267596741090197,-4.825434063966565,0
0.9495542169957059,0.030467406804004168,1.5807270423985165,2.5147250018339817,0.43373239402801883,-1.374793386512102,0.11555266257089365,-0.661746929581619,1.6234659996430851,-2.525364758233299,0
2.105776310990634,0.5973604797329994,0.9521602235241249,1.026345360742716,0.6282947190876064,-2.1183269011032264,-2.2562988611987316,0.9226984577337057,0.8257948029810211,-2.9178163967712174,0
1.6969393397067667,0.4493766390248095,-0.9287565596886601,-0.17018001680100592,-0.1381804933322729,-1.3711264123596698,-0.5366937084041451,-0.5090500411184444,0.2117042908063671,-2.5746038852757605,0
-1.1083534131950645,0.6608481338784317,-0.04235015603246924,-1.4570204361360148,0.5201670887293468,-1.2339802240344229,-1.6116665776056116,1.2425968474715066,-0.43466862992908384,0.7229796653846913,1
0.7023175261278405,0.5175309627246585,0.6437137296826219,2.5970301806555582,2.1752668788798832,-0.330515822940048,-1.965874854097902,1.6102098520238912,0.7952527102519691,-0.6392520224699897,1
1.2192757554335223,-0.5876116834101616,-0.07187652958566514,0.10651904788917277,1.2931917687021603,0.6338453782933597,1.0258046422003295,1.4332988437052097,2.5131761800184242,2.527146988556082,0
-1.996081550225922,0.9604844122940904,-0.7564039912677225,1.0949055807812011,1.90518491022359,-0.45997061164318076,-0.7417053771979819,1.40405416266788,0.8910603138343522,1.836333332070494,1
1.9328050863534887,1.1786959847192626,-1.884330018952845,0.3161279008943565,-0.2367438476519242,-1.2633744032455343,-4.563627631985688,1.0216139271717763,-2.6515512380922317,-4.175067360286832,0
2.218541412959997,-0.9445294576993009,0.9014020901613844,-0.8801571568566318,-1.763723876486993,-2.072250015101142,-6.392638070727094,3.5796630413622643,-1.8640956601073229,-2.3972735644339536,0
2.0504262868044423,-0.005622584426260658,1.6550683418264938,2.4575110909838522,-0.5048153650986971,2.242749403937058,-0.17935039780919507,0.4055151439303031,-0.06404826558238552,-0.30007194217722216,1
-0.6335320054279386,1.3077227069761872,-0.681243948494123,-1.006397605991616,0.017995461854860437,-0.46732137793275375,0.677544246343663,0.7773737179850146,1.4086180172483713,2.056550705374837,1
-0.337727551953798,0.1588646731198175,-1.0186537813026597,-0.2498869189633025,-0.7099652740337309,-0.917603966088502,-0.740569137114909,1.6762507361466639,1.403976897200488,1.5306593173006573,1
-0.9716612818100301,0.5359553424434758,-0.2182809861481987,-3.0854322133218672,-0.5121789855063287,-1.9498240328446235,0.20845909544011343,1.2182137925442742,1.5832360028584076,2.3307749125450203,1
-0.15975988533842655,3.77748997612812,0.14942137069267467,0.7051995611590225,-0.6146877925374229,-0.4818497575178198,-0.9469770577883236,0.9018524160341059,0.43554869139652874,0.12124167375776494,1
1.0220222333467137,-1.1546521849035831,0.023675056330267077,0.5067433002201944,-1.0758659254889664,0.8003291945160943,3.9362213151706884,-1.8728024722902215,2.390294614832268,0.5422807522905937,1
0.24634455950578538,0.13882475714133868,0.19337521056786575,-2.446647026813779,-0.157513987790085,1.2322895788713941,3.1284015736340063,-2.4139563859535773,-0.6935469219894342,0.40661411074830073,0
-2.7405704137811737,1.0796981834765567,-0.330445464599729,0.23898435846805088,0.07204143598613004,-0.1721817973209394,0.4582795785342167,1.4099464933790995,1.5644391559975932,3.6143637225397143,1
2.4997308448915483,-2.403239790981312,0.4436168006413885,0.5990477738517954,-2.0304135758161195,2.5904588683565493,6.039911232827409,-3.738060446938681,1.907673513436858,-0.21791661483556637,1
1.0165704445720833,1.7729838520970223,0.6892068696490764,1.0954608365233622,1.0254067251419892,-1.332034246947944,-0.6763955282181685,0.2281776915539967,1.0983953524255667,-1.6334623020125203,0
1.2005263945257165,1.2856924464791224,-0.2847904542827663,1.3178410816547865,0.17194140317400342,-0.8256230473907905,-1.6972973950292645,0.2753435911221007,-0.27222044019232516,-2.398833955556307,0
-0.4187482795614319,-0.6175077949031385,-0.1964474910457107,-2.8590847301209834,0.16827298131919224,-0.1742264798929315,-0.4148175131765268,-0.2592492189035751,-1.7720398095492267,0.14127077945451427,0
0.7406627618005889,-0.9831431262668516,-1.0005526347347284,2.5791737713537692,-1.2034524246244487,2.1694031409969305,-0.39229001832824334,-0.2836742679504164,-1.228916319007788,-0.8504883219459373,1
0.31475237308536674,1.0694432755560228,-0.1902321072394553,1.3064438733528942,-1.7600527801528132,-0.1805165215479274,-1.43701907882068,1.544786669695604,0.6515498177387018,0.32256773176029185,1
-2.9297020225192094,-0.12679637412070588,1.4735038550299198,-2.66386112660675,0.07160766226722236,-3.2410448789339017,-0.8028422839550828,1.4322871827333814,1.3090432503542981,2.071087262710972,1
0.3527915268484716,-0.38713757665058196,-0.5006813998088716,-2.508337593789747,-0.698273796231372,0.21468095625738104,-0.2889994048557579,0.3861384162297945,-0.9376989768654049,0.8385411863763288,0
1.6708662186454162,0.20351560371854796,0.7766424893377897,-0.6401411172011022,0.7728340492664013,-2.1087680806644755,-1.05462339438023,0.16838543783850757,0.691016341212348,-2.2652098407622825,0
-1.1218588547103079,1.1204162316812527,-0.7442460611397718,-1.4526681904092715,-1.21329195605392,-0.46586939986542364,0.5395527413809025,0.5893422458320376,0.7750160925739265,2.0337333397369886,0
0.23206487007717325,0.08568111164060456,-0.48535131078557103,1.7997134143809883,-0.2516894907690534,2.581135623058435,0.7978179746138285,-1.335297689341437,-1.673120039055902,-0.6411585241329532,1
1.9960791342257804,-0.11003342425971001,-1.6352658859898688,2.2173314400893362,1.356046346631442,-2.162925630109045,-1.409940284795407,-0.04617464041003694,1.2379229258352595,-3.7929778940959937,0
3.3656474755724686,1.0795235160501695,0.6918287913117352,-0.10915665480900127,-2.28091210820784,0.960591101709195,2.5133416008612603,1.2635436714456363,4.216629765948005,2.709917035887068,0
-0.9031717830970638,0.680176080063276,1.0574531394341933,1.8484416502187737,0.3177217350129339,-2.4082488682441605,-2.9302426078056842,-0.0018134462744407998,-1.0863502177026452,-3.616288263798458,0
2.8165486136599567,1.0153815223840665,-2.0827162606895335,2.0255575978681817,-1.1719209327168651,-1.6449332981070688,-4.201041897606026,1.7207068615132644,-0.3868342782297983,-3.925639262884872,0
0.8647416950107805,-1.5861688669408667,-0.8182319835023398,-0.6924639211797954,-0.111927250405041,-1.4322153067027896,0.7174291410622008,-0.46915879313956843,1.3453262843724678,-0.8908080669360039,0
0.43402781855358374,-0.16023078346551933,1.7014237404403703,1.5946776902731719,0.844853590025043,1.315761089356781,-0.4717970514095359,0.4344660151115485,-0.37576672984169557,0.12420420774884193,1
1.5393804421423951,-0.18096352391090428,0.7143299024856388,-1.7160037105721426,0.9021997058040736,-0.33443542858078446,2.2111741171068773,-0.4281516431218555,2.057281786422355,0.8662446949631728,1
1.9341688907689487,1.4099046552689196,1.8876865790080442,0.41910466858289586,-1.2260675264464345,-0.589300819767567,1.0564863063009495,0.13113711958006968,2.3905150481304775,-0.22062378688736808,0
0.23211805869303126,1.7508410716500276,-1.233817801774028,0.27074171576525285,0.9546421221064131,0.5892216206296641,2.6870947805046845,-1.5852937535885618,1.144860065742808,0.21435489482652764,1
0.21250681573231733,-1.4434144362585513,-0.038905100420539226,0.1471026380551279,-0.16018356623500876,-0.7397911144797075,-0.29942084555637244,1.2015881154554364,1.5593914092060146,0.9534100763812187,1
0.9404985871150958,-1.7519635347055817,1.8018480256358902,-0.3325934270370543,0.8776128145279906,-1.009796250191906,0.9071692306483584,-0.3128966427822881,1.561194873144951,-0.4569618029803621,0
3.2029407312292655,0.909990347594524,0.5891552112188644,-0.3261051357872642,0.5574560004726746,-0.4500461959702139,2.362464297501032,-0.02266541086106666,3.6411224622718867,0.32252756318740333,0
-0.020601726431036305,-1.8153707896967453,0.3128133167436986,2.0095541825436003,-1.3296826073926284,-0.837692434664854,-1.650909997356372,0.8038989844875236,0.30979015897631756,-1.1879531241671348,0
0.7766952309701494,-0.18177923278010719,-0.4214622973621976,-0.46501063375489116,0.7125794466100616,-0.7538312218484012,2.353440953612502,-1.0376982111136965,2.185664774673448,0.027963552626786774,0
3.8622261202150754,0.8521995130955187,1.2487012727080387,1.081145795092919,0.1704963074522855,-0.34748842241059597,-2.5495414084925896,3.5356284189933587,2.3137788962958563,0.32077737865541284,0
0.1890466832148795,-0.8891107160670026,-1.6818144538663589,-3.5825560911779286,0.7252398504962689,-1.0492658983510916,-2.804791481774398,0.7096089611533216,-2.975697698419939,-1.1002843807450997,0
1.0243902071229993,0.4859183394591162,-0.9709848652156902,4.009268154940115,-0.6882235578279712,-2.0816586786397218,-4.52027279973206,1.7383717318527712,-0.09122203721389432,-3.9708512887143805,0
1.0377119460590363,2.0013179568661594,1.3177766977259247,-2.350206202949013,-0.17951678623153824,-2.1232311174570757,-3.964448120454315,0.20230007323371446,-3.3739898581781365,-4.024404609282731,0
1.4332417127191746,-0.32290444596664075,-1.2131506873002398,1.3463203295843695,-0.29548073452660994,-2.298326982282703,-4.703529040741651,3.2505849913239264,0.5375414465818118,-1.6414529878186888,0
-1.3805426338969629,-0.9905749882082076,-0.11180928233577364,-0.32810997143913034,-1.8658857479785826,0.9372880774778576,0.3506764195130486,0.20504414320960995,-0.5279135390932415,1.7710413750898368,1
3.2653366830978627,0.4552082481016471,0.1696168067176415,1.4370831186158326,-2.9421258106806167,-1.7174367752436335,-1.2373921667060388,0.948373245302593,2.1426641535552546,-2.5056989423443703,0
-1.5971391851862538,-1.480665778696691,-0.20818714378121492,-3.9090717496703475,0.2321547681635336,-0.36941102457895436,3.583343635081815,-1.9364983531772735,0.5421654945313388,2.0936320477918695,0
0.652483092494264,-1.7693614013366434,0.9494956552807335,-3.449255751815976,1.4411855668059204,-1.7003096808051246,2.6744089714424106,-0.7743950282831433,2.394990540023283,1.0997127070598487,1
-0.9410145507701442,-1.1132230564770607,-0.67815904304702,1.259201695662493,0.6771831431164261,-0.8257097838380292,-4.125522645664464,3.3141511691486967,-0.41832808169609725,0.7983168408299077,1
0.5605367241112706,-0.3094710746994398,0.01936732748731335,0.26005957524158185,0.5827305583275634,-0.5055628740319602,0.8817026398622093,0.15903979308896188,1.7774750511982214,0.432766787589408,0
0.5093538175316563,0.5574705280918698,-0.9507909185327753,-0.2854465357517002,-0.011758058393880949,-1.9127963081819865,1.186684084675211,-1.4542890943113687,1.2856581090894197,-1.9810717520379106,0
1.5682886812652963,-0.5841510598010923,1.9922734717416066,-1.3019150362720437,0.6931615178029368,-0.7531651185276804,-2.144531880408334,1.1838811961930804,-0.7807614387421953,-1.0104702599056332,0
0.5288627092772076,-0.4062243293734895,1.5896615658433906,-0.7493036322261271,-0.1634989587288872,1.0500843142852694,4.261425327864712,-3.7173910337027047,0.08117261789210573,-1.0684642243218192,0
-0.6749282394442826,-0.6934630283464318,-1.821350209142141,-1.2681561278967917,-0.44519171214701,-1.9199223828324243,-1.9840209163793476,1.469883047999306,0.05718158200672929,0.1549483740446943,1
-0.7064748240311016,-0.7930683907128941,-1.1306565105457478,-0.9301144762881048,-1.0099957354457663,0.5398376271675851,1.7187525275936326,-0.028207563100535182,1.0251649162079373,2.293006964978965,0
-0.006986321775221516,-0.3066876363767765,1.4889450601163348,2.119172053461715,0.03690533855301416,0.6195487899050688,-2.6443769881103454,1.6424977176663438,-0.9976783504196312,-0.3074767464640423,1
0.25324781121503714,0.9335733354482981,-1.9469685957382254,0.8089417117139788,0.6169967809590753,-2.2767946096331455,-2.393693838007323,3.7391628714822627,3.1962280301400914,1.8093077176360985,1
4.312755523876386,-0.8643077150294702,0.11533979039383678,3.7020244406098337,1.7835000132962895,0.25856483922085616,-4.8670921461814425,2.7545810167048463,-0.5220823109516461,-3.4426707179739866,0
0.48308944331522563,0.5602975015318421,1.5039367461662614,-0.7491597699554133,-1.6257425823246754,-2.007365548985694,-2.4401029377668615,1.751547923610155,0.355670474588901,-0.6059060528099002,0
-0.811661440051934,0.7164073912990427,0.5708545641151014,-3.639008895997267,1.2145474420049598,-0.062041970112662104,4.167276630361962,-4.399081899090304,-1.2906416459329986,-1.1606869210129616,0
1.251053944752251,-0.4427715566861966,0.9803386702177634,2.3979622083968795,-0.21080832450621106,-2.3358901025245933,-3.9824273851709955,1.300048801132998,-0.2861869411653635,-3.9201304446320826,0
-1.4913299319807765,1.2999189780618117,0.3949217672080263,1.6523911466754695,-1.5197678828100394,-1.138769650272681,-5.3731741189402875,2.7547103573706173,-2.1757859463449982,-1.0337296282883082,0
2.020781339460687,0.22894024389627662,0.42393231161354816,0.32889028442973567,0.2398285379235732,-1.5881266251287132,-1.3724200211125583,1.1007993885451597,1.348505552042943,-1.4470480856034293,0
1.372152157735796,0.2774532576559205,0.1535485542601713,3.543096830070283,0.2075196377161215,3.0448421462866513,2.082852397610006,-1.8498815927012497,-0.16949950912494738,-1.0523222538752646,1
0.8020482688953826,1.4280708119024874,0.634080936752976,2.3161536862927212,0.4073971776443704,-2.533849823030457,-2.2774762146254184,-0.24935745660408504,0.06864760088202648,-4.419649288031061,0
1.340207318787641,-0.8430385264380745,-0.4634083344985053,0.4884952885601439,0.11197676608075031,0.7958643758709006,3.547279506917153,-1.9310193328308602,1.955765864011071,-0.03801404670277485,1
0.7403340325445089,0.11789407276334242,-0.2802281820987568,-1.2313928994514984,-0.5587182538539862,-0.9992483092257484,-1.5709791306643555,0.662657976695997,-0.649424660559689,-0.9388384540679924,0
-0.6434635670100082,0.09306677628155917,0.6755618979049025,0.518605732691926,-1.2034140699711293,-1.4132772290185773,-1.1769364160679594,0.26120863714407716,0.019014928482274818,-1.078176247076509,0
-3.4486311317736904,1.587375666946666,0.6651656439423783,-1.7627752878593463,-0.9336976911315972,-0.6729750687618181,0.7345696301331891,-0.41942016491099987,-0.552764478473619,1.9618149053715694,1
-1.6741592631778701,-0.26050775328163955,0.8990096064679136,-0.41792789720555545,-1.0926284944280082,-1.019505527789705,-0.813069038866803,1.2010194906677547,0.5293960844477064,1.4771802097276445,1
0.9868967310861846,-0.9011400512018701,-0.7252854787770965,-0.07829836591995765,-1.278636704557792,-1.791668756059335,-2.032439131089189,0.8618703039922879,0.10462794507803108,-1.8216265779007785,0
0.08957371887910992,0.8044109709235767,1.0842152041413629,-0.9829770495042895,0.006266239915073867,-1.3511674037632573,-0.09923749912241098,0.4996262526991577,1.0673210247373304,0.24149619104916395,1
-2.586617842591765,0.8259770564370071,-1.3219563219303276,0.8910790993365096,-0.6009219329203157,-0.7158021703095676,-0.7905639075844731,-0.04355262274263527,-0.6900688676739519,0.016086100658090137,1
0.573451482204653,-0.10192437697238589,1.6566137147072568,-1.7755632207325136,0.21457835371221973,0.40810834240900395,1.7141319666541237,0.4819793916905819,1.6326619415528878,2.515545849627947,1
-2.346496239360901,0.6586218087487499,-0.42484098276342286,-0.061711192790473546,-1.0206677299017983,-2.3378595731118814,-2.3622958899737077,4.075110333494139,2.696362067264137,3.8110391801061376,1
1.2962092769694875,0.8099330151167708,-1.1036692709671903,-0.9498406656660947,-0.9539161419959209,-0.8731946039688079,2.595762820052133,-0.8380483420706067,2.7004189468193536,0.3306239671565905,1
-2.509707272670285,-1.156812095652981,0.7381925158806075,-2.314147586909497,2.0589856957943367,-0.9157978522342143,0.8042735293549964,1.3381941919233022,1.5464440930579406,4.038196936293695,1
0.31327992982409125,3.3845388598946484,-0.03672313763077546,0.7114586518210586,1.1085315772530144,2.2395273996783818,3.845391099755175,-3.2002981912626507,-0.2523360270060322,-0.4723488966359739,1
1.501547023234017,0.35682849865796107,0.10448654160568759,0.045613185548989965,0.2816017539623824,-0.3303456480168996,0.9394527962476753,0.1525085162512707,1.846467518392354,0.12961683062380894,1
1.5951913427737314,-1.0691176606988213,-0.4380185617930879,0.3340794070312646,-1.7929505772841936,1.0204761013669221,2.9093787247896556,-1.417271777021131,1.5941552411959936,0.12429685454489456,1
2.407593707581646,-1.6158441299088375,0.6849349394011915,0.17816420398242117,-0.5925982839474283,0.031680747940641796,1.9604021348220013,-0.20594301514086577,2.6336206670466256,0.19022542809463855,1
-0.28016383976688375,0.3178376319746965,1.0336471776787366,-3.234761395640284,0.1697713998342717,-0.6215711560319896,-0.22047848384539906,-0.01430761846260964,-1.0694275682820464,0.48962472970834975,0
1.3301343755071895,0.7601208090554414,-2.244860266589254,0.8345669702381325,-1.51763740478641,1.4855217848133766,2.9336134686128053,-1.7455933937051735,1.0586527205870035,-0.10896716240563252,1
-2.34302599630276,-0.4636238546099987,0.44852527859203944,1.6132247918733404,-1.659169687533271,1.449538162627991,-1.3696008139867908,2.3867870233812813,-0.11795099193812186,3.508154717272818,1
0.7893883962845422,0.6677815605961868,-1.2515247542153443,2.450869499338361,2.158634915835072,2.577484596679084,2.1951692686964357,-1.910710140368597,-0.297307370279543,-0.6644958803295316,1
2.0102720978071784,0.15968796121003587,1.4842990909183178,0.785659255272428,0.30452974933012356,2.431898067946534,6.59501297852926,-4.459098286956452,1.8674646963682746,-0.6040259599016871,1
2.617054844337374,-0.696286082911922,0.9249578945057592,0.6650533043457254,-0.914047320840518,-0.4282394219047785,-0.25647234217984227,1.4160997749493007,2.35265857376554,0.07916028484173096,0
0.4913498027567723,-0.8350562251726814,1.5866683812059905,-1.7180859227528722,-0.031991096536398415,-0.6953967598919333,1.2021189687713123,-1.983894875455725,-0.688262619160535,-1.81392821102174,0
0.472675808832567,1.282847553046021,-0.24470165672857286,1.7954494289365508,0.07264421304330575,1.4677548733521417,-1.7650028813882952,0.9258805420184986,-1.3749411449881337,-0.33281724368816706,1
3.406998114470378,1.1015546500565505,0.9200138055422513,0.47370860548375004,0.9091983490293388,-2.4146531055888993,-5.825873484884635,2.58271941208971,-1.2157336423690264,-4.379049812520201,0
1.2917067715548374,0.6008689137235076,0.07968878144473109,1.5481145160699605,1.3596767365019493,0.8372976800354116,-0.1918270990098341,0.5252838069774866,0.5779900220332125,-0.12653648422478395,1
2.5861620713451305,0.14512033292760365,-0.01923676106405932,3.1766974763284503,0.8668210859166574,-1.548881324269486,-3.7721109100750696,2.277819405935376,0.9836521075201213,-2.909331827182229,0
-0.31419174128258853,1.9240334998004929,-0.06950594997902164,-3.199187138052426,-0.04841325921206709,0.2981258960082729,2.25075385069279,-1.799169953505817,-0.7740379818132769,0.5705898054449343,0
-2.0598311821587227,-0.4370322923294635,2.19327750306061,-1.494485649759917,0.6461402606020927,-2.007297124928651,-1.8923374608944556,1.1768664022093793,-0.4842289546034062,0.5451857882979309,1
1.0996398192831565,-0.013783411986730233,-0.7823374710664194,-0.7325556797283124,-0.21087275318943097,0.17857252549781777,4.20324010454639,-2.013058496371708,2.571636193926724,0.5946463117486547,1
0.6406135201733159,-0.33383207446018304,0.6850693709324386,0.9848283326596294,0.6576356647244124,-0.3560272234457764,-1.823637322635989,1.7514378229410026,0.5111755997328902,0.11454668718544204,1
-0.7953069266344948,-0.20049376535647676,1.5697275392410768,0.7476149847863738,-1.6524045853927698,0.33669507951456124,-1.0650502208160255,0.4080013594612888,-0.9541291076324392,-0.014091105465948314,1
1.7109035928395446,-0.8803647133665949,0.17196282285843462,-1.0796996707013078,-0.5779155259724277,0.1355385415286361,0.9415104515941657,1.1526742650432145,2.171371522430025,1.905582220896591,1
0.6032360481942425,1.1891600128447566,0.9631090120434588,2.6207837303177435,1.0303287322501544,3.0096422540321943,1.585758433802104,-1.8784801258149282,-1.2632503571656493,-0.920970083632133,1
-0.5825922688278123,1.3527081646970955,-0.4153992328349966,-1.4594827083319775,0.33238948905545945,-1.5836942905418963,-0.7632007364736687,1.4039533397404345,1.0856623359158184,1.2805239852935277,1
-0.9794240081114953,0.11792507680331835,1.4129175737918527,-2.6639218986563016,-0.7448868587480999,-1.7940168905941,1.3286708470093342,0.9482120804678155,2.6231025706211777,2.900762041111899,1
-3.4262764616210943,-0.2606433360551251,0.15232988944879264,2.1180053450820524,0.8317939252957322,-1.2909623802321293,-2.262330941097612,2.374388778262902,0.8226634009444502,1.9595724446872829,1
-2.778804252006919,0.12160681456946391,0.19674126045260296,-1.602324487941843,-1.6120096035916003,-5.472882866991751,-4.2164127967435965,2.892881976099681,1.0102537640648444,-0.18595893627919977,1
1.8484171529897262,0.8332245281449644,-0.6656055779091222,2.2442980542691826,0.6884984655791221,-1.3924553952475067,-6.036020879103368,4.049668954154377,-0.40210968563041116,-1.7515907990178474,0
-0.6063628651496521,1.4713243367159607,1.4855307290178366,-3.0081706533125265,-0.9767764478332219,-0.2671312272408003,1.8413651513514804,-0.4241074163793497,0.6080779852553304,1.9863430865327238,1
1.1020957651595868,0.8952873269005954,0.7142508458989006,2.291139222180699,1.916408812398578,-0.8728016118622678,-2.9659931389360206,2.2747682424975184,0.7243884789341717,-0.9447783414035583,0
-0.3322181533347679,0.9169294538718386,-1.153966190889869,-5.531356654576509,-1.2498039072751423,-0.316448780116125,0.5236371082981698,-0.8886484508874062,-2.216602612361314,0.6665891083836751,0
1.3492774292711118,1.2119540526648163,-0.7258343041374581,2.347867469584824,-0.493357969058513,2.6949291023966335,2.6605800639866186,-2.2823815361514486,-0.14549650355945198,-0.9796605773250078,1
-1.3734436894136088,-1.6632344792394895,2.138282316458755,-0.5077087428943141,-1.6512538430900197,-0.9100915448240068,-2.0001606900199573,1.3427749053842986,-0.7261124499504614,0.5500205800815112,0
2.1430162853198897,0.40615883013056386,1.4896352833883448,1.0966982510458585,1.5686021064379236,0.5575337628584497,2.259443704104934,-0.5886918875690899,2.4659073018055206,0.04128899228765264,1
-1.1858098074155181,-0.4881863780695798,-0.26575124088784435,-0.11154818061988458,-0.9487840855769527,-0.35077121539691225,-0.9136003370412901,0.6263921493780309,-0.4521966426294688,0.547552606349917,1
-1.651647795540731,-0.8185447897918054,0.7271793158035581,-1.855674462528334,-0.02223855383509401,-0.5528605581646642,0.440326052980362,0.6902306288487873,0.5578045157634677,2.42003575238525,1
-0.7109513927656601,-0.8773510038092717,0.2419691680554044,0.12912965000377274,0.5979135073989382,-2.106762600477856,-1.2790399045144203,1.6796611744815642,1.7303325221066777,0.6486112186477482,1
0.08081053801810545,-1.7591221951140201,0.5073768827634214,0.5421310761347562,0.04085672131381844,-0.8784599783862868,0.7658446143309142,0.20831541949167232,1.966326534975329,0.41091921416225236,1
-2.2445178389605966,0.5281585217116831,0.8370510042355225,0.20020358688123674,0.077974461818732,-0.3541278622186723,0.757482831989835,-0.6059131114284895,0.05168710202581683,0.7495838010293047,0
0.7969847263027294,0.7665447517711645,-0.42292834500272886,-3.4114006451386567,0.04179908472949723,-1.1946729728714005,2.848499145209546,-1.425942850213747,1.5893120158818204,0.4765645063785337,0
1.871916415029184,-1.2990356362655615,-0.848554259014613,0.4187270744908421,0.6843025841384672,1.3451560930411008,3.8979435363598554,-1.9627498250517652,2.013285504127457,0.20905398457346067,1
3.3229239118197973,-1.3177985324194006,0.6728948662991454,1.2689082300336332,0.5292100439110343,-0.415685999202724,0.8678251395535589,0.7727733706532632,3.3506868001170926,-0.334559424211827,0
2.4734081637770213,-0.08855005154301071,1.4787115680334728,-0.5539113205811992,0.7202586588327751,-1.9510372978025505,-0.8228054498191487,0.5246048132445273,1.4277975068469702,-1.9242082246989656,0
1.1733060887812918,-0.22448215446342795,0.9880493146133418,2.9070552241498486,3.513676313065459,3.3020969640231135,1.5346233310355166,-1.8328840665769155,-1.2529140210886256,-1.1383495561464214,1
3.041103225061535,-1.253003319348715,0.8182179165456491,2.2646930251705655,-1.718203895546123,-0.434898522539948,-1.3587747653100302,0.33785760024561917,0.6699096768858961,-3.0172245685636536,0
3.5981024101411934,1.1747976933816309,-0.7659040109460482,-1.1045945605383358,0.22735992012082787,-1.8313790838085173,0.39275481808843415,0.40588336943994274,2.664470774332435,-1.397004962690033,0
-0.4547117464868514,-0.07333400222239998,0.24189379463840782,1.5772366333123102,-0.08840507423815364,-0.036173214348999005,-2.295486912592287,1.733665375504069,-0.32123442650572054,0.21151615721005412,1
-0.42794679907847755,-1.9245938786319685,0.6079155485728651,-2.2948193026698394,-0.18175317352578932,-1.2396792739483755,1.4345427670074506,0.14087687356808432,1.7593254102168987,1.7316143264082522,1
0.6676918088411515,-2.4495920378914326,0.9271029658316023,0.4359264879226402,-0.7071005858762134,1.1285736840335097,3.119122780483819,-2.0018250806669413,0.9682340310626496,-0.019378834123997494,1
1.6721379406310535,0.07657993120346739,0.6291798578745547,0.0711943572357806,-1.6290932886306528,-1.3781568976143699,-0.059415022640527004,0.1494276886653595,1.5300205598295988,-1.2894959205039218,0
0.6040397406942953,0.2586560299831514,-0.12951692306300036,-2.0898006831363167,3.215947243111665,-2.2278127872533897,-2.479446387540971,0.3712842812435728,-1.4265540260189904,-2.3769082995887447,0
-1.544367565324944,-0.33313433015792104,1.0802927581214419,-6.224842435936316,1.244731167430424,-0.957433574095868,0.45138783893743306,-0.612196727416702,-2.075325648677767,1.5039408364102949,0
1.5783321634672154,-0.20958776620291633,0.07801307445558936,1.2584776428908555,0.2902750174592024,-3.358850111240009,-3.919216118988353,0.5704263654830303,-0.5555880589610349,-5.190059384078661,0
1.2114598140451442,0.6552668888528668,0.28183150156650727,-3.4898287423599723,0.6513867121868381,-0.47247107717355974,-1.85511587804121,0.06855262634773562,-2.710865355199366,-1.453504794726292,0
2.8844954523830943,-0.6770232850807263,1.2169820392052504,1.946069398263893,1.411646503919558,2.2298980157674073,3.4489722908779155,-1.9317250848051792,1.6759846219476526,-0.6663827078998085,1
-0.27468922303870813,-0.37832244799109405,-0.14511856333613612,-1.109132223704016,-0.06695933390142567,-1.274204063625578,-3.428216089146948,2.479510679026832,-0.8756264147340339,0.3259767442788558,0
0.12140533161144507,0.41793466062350854,0.40329874305178615,-1.8127309640230989,0.9002590232205655,-0.897918163129474,-2.152965252230058,0.556297560883324,-1.8611646309366892,-1.0951051659499935,0
0.3185613052990808,0.5131472038994898,1.2199329755364838,-0.23485766294264465,0.6947049704670458,-1.3693162256677467,0.8105423544266718,0.20565752204668764,2.1475082753695784,0.3167053253496333,1
-0.3212250897049824,0.7842615695024255,0.13987822377301146,1.5572905518149995,-0.1320396864822392,-0.3640219404679248,-2.5037451491701894,2.152618694640688,0.14315159111051157,0.41129946017061714,1
0.22748652728059193,0.34147673904707876,-0.5175334889131944,1.2281898867440793,1.402581417043068,-1.1823568575717962,-4.494411774612132,2.989205951715305,-0.6507001865291124,-0.7107906229393595,0
-1.2033836865607097,1.5645751121996672,0.6946441783379123,-2.828088352795681,0.9974631423862255,-1.1580760693279455,0.9751547969160325,0.2538488202125363,0.911427462683666,2.046989089413706,1
2.5304747406371066,2.326189058863616,-1.1432864667343514,-1.6202762324469702,-0.7779230308329358,-0.8119477280375944,-4.7157330788646314,1.4094466980908542,-3.3378586438044135,-3.382774297087606,0
0.20744918917056698,0.3621361125491255,0.1802288241646462,-2.220037496629744,0.5972420907518813,1.5787402335466196,3.8501103040853755,-1.6333836530702643,0.7591506826618828,2.2376257469560343,1
2.54661133966879,-1.0875140136176797,1.0198338123847552,-3.929162798313154,0.4845230229456296,0.5441226209259036,-1.7073795933151692,-0.7673995422581501,-4.017498988767711,-2.6177128968285084,0
0.5996480316661819,0.9244908185733717,-0.30448081739030786,-0.6365442459563493,2.7437091693368596,-0.7997630808436998,0.03185377492288414,0.5511564418903605,1.1077881441327984,0.31727633023104307,0
0.23239303121721522,0.5701473246469615,-0.98870611557405,-0.8142611888348738,1.2842937430602945,-3.244842377876852,-5.752494806202992,4.240357860921524,-0.012325239586549297,-0.4283384777010895,0
0.8859003779596342,-0.18590069517566735,0.37698370092659567,0.41778906277500094,-1.804407722497076,-1.6961063630029185,-1.4658152640924988,0.5332898242124466,0.5011365451648961,-1.8172412289556237,0
0.643834798321907,0.694999668887765,0.4441164261684147,1.4190276489270532,-0.5364541150229348,-0.5367463103855609,-1.6628655529653946,1.6550926749376669,0.891468598333474,-0.06780719226983305,0
-0.48580301922932256,-0.794064730343127,2.047768790586787,-0.061713512013725436,-0.20737120693623548,-1.490683942945816,-1.6222089040570737,1.0319014726177327,0.18860554807867702,-0.3589197467973754,1
0.6518503940504248,0.08316008339929655,1.1572892423540373,1.0251435364327954,-2.2555209723316882,1.0282115136251821,1.473890004730455,-0.7364121981319697,0.6887889038554138,0.11452160717301983,1
0.20978637384727195,0.1400593061162479,0.3407676757274373,1.3156014567653305,-0.5272430277356126,0.08447711091150412,-0.7643875326098576,0.6699019206722441,0.2947334353525938,-0.14325216237000454,1
-0.8353985132415491,-0.8073294029214,2.7985659120309045,1.6438221976887437,-0.0006530739155414998,-1.061760563383153,-3.6229001420688367,2.9501759836280868,0.1220337979411118,0.4807171266637563,1
0.8217706072591112,0.014040818007840617,0.17352802613449572,-2.7905859478946295,0.5298100656836389,-0.03016814745089258,2.2596015454035063,-2.7396668013498036,-1.0787164769407032,-1.5487243989601733,0
2.142391594812772,0.08738031255296189,0.6402749485134016,0.4018679287447149,-0.7568111256825973,-0.638697633465557,-0.7107099977978331,1.7563621252955341,2.1343729821251,0.3714427782167077,1
-0.34855873957429506,-0.9602529244189619,0.4518975861164713,2.2759738201265303,0.7873580466943357,-0.4038556330621862,-1.3181469978727385,0.8355483006371442,0.42254713526907417,-0.5701580069132218,0
-0.4840953987684926,0.5066156599231009,0.2440076296495193,-2.7605680560281125,-0.23219199489833087,-1.874818069202586,-3.611067558609771,3.219978173353366,-0.5305905561960096,1.4698274837590033,0
2.371467128923154,-0.28912429678450113,0.40654029375198053,0.3902658903574786,-0.29644951459805774,0.6999296810442304,1.976997230598298,0.9726693254740768,3.4483832375075583,2.0957687600249386,0
-0.42850546933133915,-0.4317743279329833,2.1434843878526117,1.3335301625534393,-0.10079716865163538,-1.1338768396320007,-1.3398223421616495,1.797047033720689,1.5708798832672288,0.7221946482660422,1
0.4666651728168085,0.2684125798529064,1.059638220644354,2.4409457887700734,0.2922960126139994,2.0892533196752416,-1.5810670697762725,0.3350215843197575,-2.00241584269657,-0.8928780943044935,1
0.6406351422983937,0.6057587975500438,0.7500617971067234,1.4510427205088867,0.394598935358264,0.3889103617966124,-0.6672073882943746,0.8987799239305021,0.5675814018190082,0.1388926315797539,1
2.123749412463532,-0.002662187982655652,1.285693270572076,0.9607805375844243,0.581920189438312,0.47859597030578216,1.9196123568034213,-0.1667752023372735,2.518840234019848,0.34188959645407874,1
0.35704238511706254,-0.3442015976650044,0.9123865736422752,2.740377483562334,0.8756049308219175,1.8451135127246179,-0.3373283029135442,-0.20135941322526207,-0.8689389033273838,-0.673124149778994,1
2.4084739542640037,-1.258368594304883,-1.1463526088450813,0.3431356985812942,-0.772833460036299,-0.736211721831258,0.2897612921230805,0.667657036966474,2.262080562548012,-0.42799368895609097,0
1.03184717569468,-1.287529174059209,-1.2025120409708805,-2.8963641426230096,-0.18478670874805977,-0.42524325569309174,0.5143732317115759,-0.092758213274724,-0.02450697545974445,0.36188710552535763,1
2.034764268696965,-0.7953836793707056,0.6694853551747171,-0.3878073146019372,0.07268612506370074,-0.8077060071769293,-0.2643833878441146,1.157559933487953,1.831404325184486,0.11277607759591007,0
-1.4688040198079693,0.8153014226602041,0.9277562548475287,-0.7976729673870175,1.142001638082349,-2.0072260853768986,-0.22124607675973626,-0.31750114410375585,0.2731384607752285,-0.5459093143185504,1
1.1677408703090657,0.9205737054833188,1.3432289012964824,0.02290110511664567,-0.5274444556279309,0.6383585496995091,4.4089567541362165,-2.674683287579598,2.074133359683562,-0.17902338085786412,1
0.4718468509514633,0.0817527464644891,0.04348692860380232,-0.9917212037982153,-0.27707588805595107,-0.17131579957616028,3.594782487378442,-2.0121726763676664,1.894287348452729,0.29521212920415824,1
2.8431400772221895,1.85160907703945,-0.5950987410478299,3.475059719014989,0.7187082925761192,-0.9274002650024669,-0.35473225328488306,0.4348513314675776,2.688601660841734,-2.418616369503154,0
0.7230944455323551,0.7309593663135436,1.0643735818970168,-1.7396613509784986,0.4517422157590722,-1.8944794299252925,-2.2881503530307,0.3925913398655003,-1.276124879108156,-2.186995954012778,0
2.759222530162371,-1.6858236362126073,0.38999838747385573,0.44269214191098094,1.264508281227147,0.860598413963939,5.052096679815608,-2.2713277033167882,3.590268807778237,0.13384669709829677,1
2.3172350903532637,-0.6498537937817882,0.6650059156350103,1.8006277260195263,0.04098432823524924,0.9931184987902659,-1.563344575739246,3.520426583029754,2.3342052911701368,2.329565530323186,0
0.6268836122633219,-0.7532515846590415,-1.4968719232406782,-0.79140312167117,-1.6029935627107097,-1.808555458194307,-1.566885707340973,1.29541315890831,0.7511761661804174,-0.45200769215857084,1
-0.6056968137859129,0.19483095711623527,-1.036845096146613,0.4992262214664287,3.296717537444139,-0.9342792737584467,-1.6888621646379955,1.9415098378321427,0.82207056405067,1.004076788044345,1
3.2187444975709214,0.6168130787385951,1.3487876228401647,2.1426115503787875,-2.063938429603112,-1.2106868669503266,-3.5054123713273144,0.5979895437643488,-0.9421215313673209,-4.927884823302199,0
1.3363189320678424,1.3160559602096273,-0.4490401927324806,1.8304675360421578,0.9053230960752856,0.6173968276690214,0.622985848298323,0.4838791450821913,1.7460533333443382,0.34349604418711027,1
2.0056383156313107,-0.31588100484938014,-0.142547237861408,-1.6733486125785924,0.11808109989878969,-0.7809299294583177,0.7845760644841477,0.18393014973302568,1.5175283510721997,0.03113081502131403,1
0.5613858450357219,0.3894400177170319,-0.3240334108451713,0.9890097109610234,-0.3656113189940691,-0.9994937027856239,-2.1159331009792437,1.5896819250614302,0.4710759169171156,-0.6021380241502557,1
1.360797550073992,0.7301060979994994,0.8562393195989401,1.9358907754738905,1.7255194045644981,2.348588999123364,3.401724756667687,-2.1645928361686133,0.9323877203447829,-0.21210933524902875,1
0.8683379797005834,-0.33921311906995527,-0.8970953004816778,2.7580676914327316,-0.34178037492148444,1.338178928333119,-1.160813416671971,1.485707897628751,0.44309985195430646,0.4782323224302749,1
-1.204366274682279,-0.4011203061709095,2.071132593760768,2.183484649586698,-1.088354451073005,-1.892108957079222,-5.755848858558198,2.294232614318439,-2.2665502164015923,-2.611919549350443,0
-0.4816985286055848,-1.065083382649938,-0.8479103127088908,-1.097316672409447,0.11145319721527233,-1.9794818763898268,-0.6461324317707272,0.9562127659431461,1.20751812565201,0.4477560272067994,1
1.5057524134911375,-0.337502066157465,0.5621895306852417,1.587818238578582,-0.8095673868458734,0.4655750304670916,-0.2552948892671553,1.7966538547433983,2.16620900170477,1.314377596845226,0
-1.949800913470891,-1.541566171854868,-0.9032637051054866,-3.6468870048459765,-1.701064270926387,-2.8489099129377964,0.9442279608383911,-0.04225734797279346,1.3497451964059106,1.4740035480822693,1
0.8180774868436491,-0.5744024706049964,-0.6473206015015319,-0.41311880898402076,-0.6175076902303165,-0.19646570827063603,-0.05899487688385253,1.350067440141494,1.5175914443480685,1.440401910695013,0
2.8421379496868937,0.7953302717885513,-1.7833234851885762,0.21853234100711483,0.6811469645654931,0.6035376059306153,4.370392866639352,-2.0883548173927644,3.127881843051808,-0.30354260469051747,1
3.096540345694008,-0.13964364124158132,0.15977013611188073,-0.35931629068699433,1.0387347441445698,-1.7939342536511846,-3.5673948100748847,0.29761078607489433,-1.8469508387580245,-4.948296605688714,0
1.3112852217187105,1.3146637309753773,-0.2728833027596277,0.6578068797775736,-0.8394178106597178,0.5497182046159794,1.6950559250693753,-0.8347970659934887,1.213695251196782,-0.269893195860022,1
0.012615515307248026,0.9835457924075637,-1.1074607803497711,-2.754786445225169,0.3803018024448286,-2.427909611444998,-3.9505816910733866,1.3386714540045785,-2.3413952802698703,-1.93773290690316,0
0.9350908506666384,0.3710312159860168,-1.1693454637658045,-1.4876197519565184,0.36698575655102667,0.24264672458219994,3.3303592639390005,-2.07603796166405,1.1415156160874365,0.0430345486468035,1
2.063477958473286,1.0490007010654008,0.33010801011515206,3.5146489458723646,0.6086563386341333,4.183469967933496,3.148438544195364,-2.5387059215071455,-0.36219552112402575,-0.9340291871160098,1
2.042584149376587,0.5597480275899028,-1.436060494836333,2.0592336168923726,0.13313564624990556,-0.7861351189974839,-1.2289839359803933,1.4105104391062018,1.8837228008812794,-1.0015685955482514,0
-1.3087324400719966,1.8470672178884158,0.4108338077809825,-4.244937503558656,1.4115117885397617,-2.393038725354633,-3.7067842640944124,2.785173230352224,-1.4485261163072622,1.3539111831401076,0
2.531211385394557,0.38802180529863045,-0.7917242738890955,-0.42631540229623033,1.3955415800780508,-0.34939114029677065,3.4892727337638214,-1.2621581687765067,3.37499841624032,-0.009070647319698756,1
-0.052897214729813014,0.9371155079842594,-0.20312173627250116,-3.0513772478605663,1.3154384618571806,0.5464421533470281,2.9662894019285493,-2.404135047871182,-0.6523103765157388,0.2918008990017797,0
1.0222480647361263,1.2372216428843834,-0.9012642255798817,1.7368345111071462,-0.49611677818152405,-1.4096470005951984,-1.7084445853536234,0.6906733113534036,0.6946525050576009,-2.094827444226322,0
1.1235596875284046,1.0975622504266707,-1.6211277178462484,0.540437034498775,-0.9473285223137352,0.04233300207164814,-0.45928770871081315,1.0966029667138688,1.0438000043407523,0.43945967216603776,1
1.9318896720968781,0.44092170941588715,-2.558876230187336,0.8052620007857794,-0.5336812998656861,-0.8934192519515147,-2.041605176414025,1.9143279892547782,1.0658525047738754,-0.6825388333915958,0
1.9334180229899611,0.8214824391716363,-0.2756707504917144,-0.8423269727507714,-0.2826252795480116,1.5488048595066297,6.523480825674019,-4.158761066161728,2.1330770222144557,-0.16870782547458676,1
-1.0895433785498205,-0.7402360104949621,-0.4998103420224061,-1.5376128992252442,0.09066013311417374,-0.9392468250429657,0.18023068796541536,-0.41123656007234954,-0.3459028921256604,0.12755043084592835,1
0.33658843890313994,0.19529665595685236,-1.4769688615746857,-0.5316207489721962,-0.49730722022471474,0.4021797202577363,2.2099107141264662,-1.0482787571429955,1.0223037518034372,0.6167370883704468,1
-0.5407986171860932,-0.5845914456550211,-0.8440900609951246,-0.9731522400487055,1.7310983601060217,1.6714516461638995,4.97207597438817,-2.5922267329852278,1.2664011974174745,1.9841830612953315,0
1.7413430280137026,0.8914400467341643,0.44406597792336067,-1.0910432959563612,0.48050023313565854,0.046523334048591325,0.24269034897509517,1.7090747928829495,2.0184847846869793,2.017213934830613,0
1.2030276322062494,-0.04912272262259028,0.37513607217556344,4.706232475058524,-0.16863290969190903,2.887655604114303,-3.933004410476981,2.4500737088769355,-2.0805708724482175,-0.6204268392664316,1
-0.7262927934717752,-0.0010805572549957114,-0.6040322904454045,0.09462507455898339,0.03492913375477898,0.024229906493930642,0.5676203902166732,0.7365013898070959,1.2611568765906642,1.8773019034580356,1
4.459173623027796,-0.1864599430161923,0.1490311263440168,-1.0027742885672075,-0.31871610879204393,-0.17713477886378426,-4.034461310460776,0.5516174020543463,-3.2420148225186574,-4.839803763114545,0
0.4018975161500504,-0.7841013735016077,-1.6630555148805193,-0.47175011396226285,-0.4921575747920368,-2.4232706485488578,-2.2441608658752816,0.40034815869132645,-0.4287686986826311,-2.5241310918051285,0
0.5872152206144794,0.2931555559996933,-1.0197365473416686,-1.7901830343316347,0.6957074159398469,-0.8880657541432051,2.084210369121681,-0.13965359172529968,2.3738168496292698,1.420325970213325,1
-0.7078566683377627,0.0641017720484653,-1.789701272552644,-0.5712036960612772,0.6578891343618591,-0.11484448290010607,0.7612311775636339,0.8260611168606466,1.436497538822151,2.273918315416099,1
-0.29908005971818885,1.2600693961701763,-1.308035777360805,-0.14481190619538054,-1.7953282230512257,-1.618779467317811,-3.020247272882132,2.3890256562445207,0.10571713835432384,0.1778661844612508,0
0.015314200653277266,-0.27903673405722407,1.1764015364136864,0.10627299096250709,-0.8831310532587847,0.5439141743222673,-1.2803498475492547,1.1981258036541476,-0.5833863742589215,0.7418486698200838,0
0.487314655538035,-2.6274248130323024,0.47131917048291755,-0.1517128166872619,0.46427464682496516,0.04233933066506124,0.23163031513709634,0.3985364444677332,0.7045503077062714,0.5703614747513368,0
1.6544894056939383,0.20776587899190344,0.48561258014951975,-0.9783810340752734,0.027822885627764096,0.5042538876198848,5.92601968210254,-3.5250958643449755,2.7693019587684695,-0.07845134709097754,1
1.4959684866788707,-0.7858821230749682,1.1197004005736249,3.112102866191079,0.20238122708930897,-1.7364025537447063,-2.1358492298221643,0.7311900024240108,1.1116995388499669,-3.14233949266163,0
3.3034346407861466,1.1340802960689875,0.9675318526039591,1.8348259189751186,0.879987515299927,-0.3245070636678883,-4.048919666261901,1.8181374038210594,-1.0519011852752695,-3.29195237845133,0
-0.6169349449813701,0.803280035971742,-0.4126901596808782,0.9817085549131422,-0.37491967205057475,1.9774447643325308,1.8438232172163023,-2.1227261559879658,-1.345737198863446,-0.4400137440535516,1
1.1499762293041609,0.5371272087373036,-1.0473358943365787,1.2587805810400243,0.6282594678874105,0.2736533551156477,0.6161452255901626,0.12695016231803113,1.368226966318015,-0.0662496775799218,1
2.4150758320699914,-0.8337091559586342,-1.8041227197116072,0.18728032348282442,-2.0105781283618955,1.3871654501516772,1.803798393308483,-1.059052195321882,0.5650379594194814,-0.567147217709921,1
-0.18617088690591777,-0.24765560383738025,1.1030922335588764,-3.5841935857339435,-0.44850253406305407,1.0626556297227987,2.6026222193143203,-1.9372845216787122,-1.1969660026879911,1.0456328380781184,0
-0.27971158451141553,-1.0548634298235902,1.0250632960511181,3.848789093285144,0.37428951013084594,-1.308953460958515,-3.5716033866310872,1.3543811131799122,-0.343725044914154,-2.646942854293391,0
-1.0544400988489087,0.17778455640450103,-0.6849664698523465,-0.9023439918388177,-0.8088451508609211,-1.6360909992118868,-0.4326776206437728,0.7329122018591756,0.9029046768829914,0.708440541447464,0
2.4648969675061507,-0.9525190612762426,1.369936719868268,-0.05088127781163143,0.5049919649096261,-1.0658563989137115,-3.0399163981877204,1.2875254989816836,-0.7914000287999993,-2.5563302857959918,0
0.2821425756061876,0.25883640606842534,0.9506245451701658,1.793170199077382,-1.495349626197055,-0.44397373234943494,0.41965932109013615,0.17531402761236214,1.7235352390526102,-0.17555169695906847,0
-2.8453417978148137,-0.47443040864975816,-1.3596195472716661,-1.605786647729607,1.6813349111565896,-0.8442141924358938,0.7064017835802906,0.9851342664669801,1.1991541052558918,3.4785557948419252,1
0.019916713131896135,1.566703721444044,0.46730270129488166,1.5862922336239107,-1.7121923601223947,2.6216295128932274,2.1556077005570007,-2.2221029731197772,-1.1988928413775524,-0.5062787906018543,1
1.8655511097704274,-0.16118523821931702,1.02919059020358,1.7285369556133734,-0.7297874874885265,1.3585737368554565,3.3721383368738573,-1.725885729847393,2.131874560659101,-0.24817841048855435,1
0.8535179775938304,-1.1960583674759722,-1.2948656516261972,2.724393733243414,-0.3820945938345779,-0.9901830418395565,-0.41819816311763325,1.2237977307964116,2.738533321233455,-0.2073316133055111,0
0.28370673797120605,-0.7284740158847517,0.6819538813098218,0.15725271513846173,-0.8071133415620749,0.4178012412801728,2.876870074536682,-1.471203903333705,1.5779491341428105,0.47031019342685904,1
1.289709550234016,0.3038877592858257,1.2793526763660894,1.3201170021984534,-0.3993263833797075,1.8430345583551733,2.1491871050890285,-1.5800816971154694,0.23746719218409462,-0.5190621807813613,1
-0.29179215984773954,1.6904034430144184,0.9858039103443025,-2.4639150791162283,-0.6419809735454817,0.1476219766491198,2.0135231770815674,0.021762627527033396,1.2342215516757742,2.6378756370057213,1
-1.0121011995209226,0.7757951119777513,0.5808885316918493,1.3209949534470242,-1.72686569437961,1.0391254014455984,-0.9307553059490156,1.866997138760993,0.3526142057132624,2.398978905203325,1
-3.484842517854919,-0.10729900430378937,1.1425447262462796,-1.249177832529186,1.625647936627077,-1.0932815362594757,-0.30133358489589834,0.8159708407808319,0.039137851632709664,2.4827858967632306,1
3.474328646848475,-0.038913744909976,0.9274297691916048,0.618810271324858,0.9787061296547942,-1.7153790237935853,-5.4311146570634525,2.265741693272447,-1.544179838880253,-4.24821701668064,0
-0.5977574261087278,-1.1601938689154594,-0.677085423451663,-1.143570743146849,-1.5166579287172552,-0.6028170200276385,0.04568657019373764,0.32819416790158007,0.2779866876660131,0.834789619312771,1
0.6986010309114445,0.7181787951786809,0.7357751900383704,-2.090797363780765,1.4497195853612284,-0.21679572712864492,1.1617718444031957,1.3657827237475786,2.2954944050401247,3.0146004632615524,1
-0.08601148673501269,2.247356908849594,-0.6844594894144985,-0.6447047005992068,1.2687364571297728,-3.5045647119713834,-1.5971039510867806,1.1152271879927143,1.6803718353700081,-1.1284119969660276,1
-2.4572124346118236,-0.8491217032005768,-0.2785981935135685,-1.252856231330444,1.3175548705658742,-2.533702082786401,-0.4866109608670333,1.340237545855354,1.6822721572094235,1.9226030030149308,1
1.2004453809371411,0.3399703595692396,-1.0139041329929706,0.5056756716708958,0.7262722258771492,-1.7571721098308197,1.8287949021606054,-1.9873584476070625,1.8059530550207477,-2.6442461345779127,0
-0.024419309324359317,0.5594272545655826,-1.6256858545986492,-5.236553520137318,1.0886339009915547,-2.3283212140604546,3.0855781011034797,-1.0056033258037478,2.2721100253694555,1.66920834147739,1
0.5254117235808249,1.8302184099405412,-0.507859581870685,-0.41199401128780644,-1.3203080761282289,-0.9082356123452471,-3.964895387577793,3.5149604852005387,-0.24219181484565933,0.87253351910026,0
-0.669948507132156,1.109227535934208,-0.43223285233237513,-3.971428789227356,0.5262360018519999,-0.14042714848320859,2.305482560963648,-1.4058665755581292,-0.3462230400378443,1.3571361838647504,0
0.020240752409774854,-0.13859424920308436,0.0008206283430316763,-1.5511199175106851,0.560270477118585,-0.6187717147003757,3.68702644823332,-2.302607242095667,1.718666751593965,0.15162312110133208,0
1.0021103352079863,-0.41614521651172764,0.45356003026458863,2.8257073861165134,-0.3039540630705414,0.1548664340539745,-3.444140721401706,3.316168186558133,0.667843208308416,0.43734416280495575,0
0.40930814733338805,0.2599553065442319,-0.43971156043633197,1.2116588258296157,0.14627904381135326,-1.5912387921165791,0.22600262079032948,-0.8858005588463349,1.0690455548717894,-2.2277519264152827,0
1.9496199400375192,1.1211554231851428,-0.33687345270658386,1.6997194978573216,-0.16372795281767089,-1.0393580813024341,-2.4068390130730295,0.2737609107836735,-0.6099287910264972,-3.5898680312075255,0
-2.929559214462132,0.09505707799052146,0.17414775800578922,0.03428389087013595,-0.09307900935152867,-0.72405513311064,-1.4094251139551928,1.7647899695595917,0.0868410087906556,2.381600289414745,1
1.4865635389173337,-0.5639164696142108,-0.20648597646606412,0.5645403322847689,-0.46857970955031664,0.8980774771975018,2.0194031158225156,-1.0345482001007702,1.1244204961029238,-0.17999631398391167,1
2.1129014711501286,-0.2742731402743024,-0.32388224088105777,-0.4332346011357372,1.7888664942840682,0.04132378978095019,-3.0438067318833584,0.8803090782744634,-2.2667933582756365,-2.3823457917267796,0
-1.304764140171828,-0.23188640541701172,-0.21248063518698887,-2.630958687447686,-1.4949782387626431,-2.6129480996154504,-0.5397223044107159,2.356957564770145,2.4935520588967504,3.0312490891093473,1
0.9581890309804888,0.8423977011074516,0.47867436758652293,2.7494535660167467,0.6190988310119043,1.4705572410964831,-1.5150995829260752,0.9122263000602693,-0.6381199495796002,-0.6193177850364695,1
0.9828121563954086,0.49018927413981556,-0.19878598122853228,0.6555946908516015,0.9532912543025196,1.7738297656841437,4.78524608774713,-3.1375990567266374,1.3702822630993439,-0.0801005512009401,1
-0.3207535342254,-0.4272725817655366,-1.8464216590525009,-0.7664883095335024,1.1840690584438738,-2.7131906346208474,-2.064363781854077,-0.2824050781870746,-0.9937702118057417,-3.00193644195998,0
0.43173845931683263,-0.3137418348982358,-0.9874439340698364,1.3260574174979602,-0.19763800625307526,0.4290334338212384,-1.059517270348185,0.6873769093565651,-0.22561310275582946,-0.3462614387176227,1
0.7260078632329241,-0.7161685164733763,-1.4443302334227175,0.03079714841148462,-0.9953495843461563,1.2986025551411706,2.203750138489597,-1.5205855173637666,0.15719186332038437,-0.006214875971233475,1
0.3953076189697151,1.3818480357930825,0.47590083452498055,0.33029921147478036,3.3009718943015276,-1.0601073868102797,-0.7572621538129117,0.6815383602564672,0.8450517281150021,-0.4486557578423479,0
0.6040438274383709,-1.4858332395471836,0.4447222620741773,-0.05891973244825954,-0.0640564346457395,-2.387586721694097,-1.4602288773823804,-0.23669870448196462,-0.0192850620286944,-2.915757641925907,0
1.6700361907781196,-0.09401224410092489,-0.038826288656095734,-0.18596295881200597,-0.8289266290193714,0.5699006012046197,3.4851132113176226,-1.5267074764434871,2.299319574750459,0.38120973137783537,1
2.857422313262181,-1.0069470496085993,1.811701208981497,4.210609868420525,-1.1939024401995502,-0.6885914548959515,-3.47917199767651,2.8989587254189555,1.769622959695707,-1.8213854143257575,0
-0.2088775920910939,1.353650607880588,0.7023857243546086,-1.7460367067094722,-0.7642534049257304,-1.340529145356155,-0.08029712001240735,-0.6741965621246324,-0.48975003439278786,-1.0286356700744925,0
0.18492591677832682,0.5785853082125527,-2.3836212600507434,-3.5439987218137605,1.137453907923797,-2.111598542166954,-0.5778084611121295,-0.12501557337385272,-0.48979668037709234,-0.7666358877688835,0
3.557981001605523,1.3769771255488261,-0.802819172916993,-0.4139597962745988,-0.392055160251482,-3.2452519673463294,-9.200884107885088,5.753573271899852,-1.461825249238943,-3.1250723048763063,0
1.0763590688858455,1.2565041179401115,1.1234647179238435,1.8601866492483472,2.0759541110974755,-1.8357367339725414,-2.879366473493594,1.2344924639421462,0.2950715656015266,-2.6048896114111835,0
-0.4720638983985407,-0.4702253330854083,-0.2849490926965793,-1.1483538654258072,-0.773323345441705,-1.286108938333105,0.08914926559244192,1.0971810241117412,1.6620463397353733,1.5927825389659134,1
0.13951243377274514,-0.4997982746072958,0.7030633962107434,0.30975155648276953,0.9951178975866359,0.1669052119404728,-1.7186076283117218,1.133510261236156,-0.7666459810718111,-0.007815855723280864,1
3.9584540524421743,0.3317219466232881,0.6786076590701907,2.520487078765987,0.2780092848865,0.583932198478901,-1.9654928653670523,3.60920658096688,2.9210994186233243,0.9158776921676683,0
1.540564325991841,0.8484564564700638,0.33986463328470484,2.6825141528685803,0.45531378783033694,1.4171211055194795,-0.9985926504562442,1.118244637354472,0.31749693934974743,-0.17732304681425093,1
-1.2317228308290602,-0.5242889110312867,-0.9150829928523506,-2.267422099429792,-1.2095088408167478,0.5174245023540722,3.0073281306753,-2.067295728735334,-0.2186641600308481,1.1786442287910592,0
3.4851749233513516,-0.6803426190998739,-0.3112792838795362,1.8260997187749686,-0.9855878206715561,-0.8888158387906023,-1.488977663001423,1.9353714777842905,2.45774489740655,-1.208851687816839,0
-2.3867518724962857,0.21656930617088582,0.11647407729198958,-4.850565405269688,0.7303645292521455,0.10367363236589466,2.00010751034586,-1.3657386232985123,-1.562570113639779,2.3377002893520222,0
-2.244389935576581,-1.0078551986814441,-1.8512385761517283,-0.06079902780154489,-0.5846505953032183,-0.38669975101679166,0.45153328179452773,-0.3029255522829417,-0.05642328805502772,0.9560078968852174,0
1.9931996794157625,0.04641633623479096,-0.9239183911032677,0.5345955797266602,1.4294647090765544,-1.3977694271466659,-3.4126380486608445,2.261141592517622,0.1467123158674828,-1.5792650423575572,0
1.2561929535614502,1.291885901864576,2.8832112963376884,1.2366985149826926,0.07085890482031604,-0.5607434513361842,-2.238403111795799,2.1501735779117728,0.8400202678732176,-0.15518402186464297,0
-1.296277474924664,1.119866629935746,0.35623312286764025,-0.40422874272134357,0.05616725646711806,-0.8809184732562445,-0.32535123776467634,0.2713517776790184,0.11271662198584187,0.47452909768985224,1
1.8872543879697292,0.2801411217288841,0.11237668162789474,1.7899579076349308,1.0298733405125822,2.162282507500871,3.720484516980829,-2.490548083593801,1.1663018680477553,-0.6935476667000916,1
0.31060185109599125,-2.1934751053849944,-0.35138946791479164,1.2551526338564083,0.8236922388427681,0.14163442100670376,-1.0530110790461658,0.9305031452156864,0.1935399350643766,-0.04452566715522378,1
1.051771125411803,-0.4434864390182549,1.3676605136511624,1.7282158153394622,-0.039904311589052395,-1.9016636900832404,-3.003129447669583,1.1874572358691369,0.09907315030244757,-2.7610854543483674,0
1.1379925705003622,0.9484257707181705,0.7274621945320923,0.3214403567446502,-0.6980016553104355,1.0065646394350938,1.3129438520223764,-0.5979822217136324,0.5169401163257539,0.09180995909760992,1
-0.1228530576284006,-0.37180568078333676,-1.6250989687178627,2.647478684812852,-0.7351623100669669,-0.08765476184457954,-3.792050482549571,3.2073424561441093,0.008716275172079402,0.4891472384755632,0
0.45724683600363836,1.8488740554822498,0.4793660066383242,1.059118007858825,-0.7246822424099253,-0.5120277747521849,-2.1948371440575825,2.1849345047604034,0.6372683864636768,0.39997872375503984,1
2.3549971894906836,-0.3642404820512782,1.7598129231736774,0.017799944049214034,0.11620171909580941,-2.75487019787619,-0.8826523325089461,-0.40492842676881313,1.177612443876068,-3.700406961508241,0
-0.03190144786746196,-0.2517702752648782,0.5868679358583361,0.21248671463664826,0.44148803926035224,-1.9217957368397631,-3.8514600161571195,2.972581180846141,0.1808843945935339,-0.093195237303592,0
2.734872076211108,0.3246397411466488,1.4595381748779412,0.34032579742626523,-0.017060687140464822,-1.0371935350139518,-2.7791386306021995,2.7378102265055766,1.1987452031272483,-0.5290756781687675,0
2.036218377582615,0.5472504430673867,-0.23045290172181426,1.1267857736221432,-0.22598734951128918,-1.572839255715092,-4.69725533430559,2.562318988636651,-0.6503418832762816,-2.535016229959445,0
0.5348515248420199,0.7898260704176857,1.4150080642858613,-0.6089048340549521,-0.6238758718582349,-1.6035695736401454,0.9493601978535623,-0.9910290544036744,1.1506475262030986,-1.3426011322116735,0
1.059831839334719,0.02453558675076115,-0.2687459905037352,-2.2881097501331262,-1.6232176949497985,-1.3976286147528834,-4.065652101830925,1.5939974229174494,-2.5576037989361904,-1.8919351278414163,0
0.3070088369402749,-0.634862376641585,2.3508520262346253,-1.8822366554117957,1.8253414656306106,-2.0004221294782636,-4.7040847421521255,2.201311955123832,-2.234158444248794,-1.5865191511140264,0
-1.1884004143073248,0.7561677995898207,-0.07310003566416852,-1.3677228004070021,-1.0353758919116014,1.1379169720012086,2.1602810217527226,0.6232512868165226,1.4862041516455897,4.19753273309107,1
2.6856280778786843,0.375255256743957,1.3100562153731727,-2.8839737942178667,-1.6675689759482688,-1.2445906095391985,-6.028551167546766,1.9169867774536398,-4.423391548776614,-3.7675027068751277,0
-0.6332599430161787,-0.1786064354098913,-2.5617515620580185,1.6901449851061328,-0.8129224823594956,-1.71302675822951,-2.7746078333945547,0.6511412329954747,-0.7440303572704645,-2.3695465867980943,0
-1.6036881684721251,1.4211790967971158,-1.4818523031090187,1.878724326600863,0.7890172518121636,0.424961843087414,-1.446101991867831,1.5823887196903437,-0.006284436450237019,1.4442284959770564,0
-1.0927696767896542,0.9485140803534553,-0.19785795186096838,-4.08036588481769,-0.5741608037981262,0.5689933550002413,2.522732024812624,-1.605459099453995,-0.9721389035082968,1.8117526958152037,0
0.8837288910054626,1.2968796713609954,-0.6745280779152143,-0.08023829037616004,0.5463388555557811,-1.2959960215788187,-0.1237895048592964,-0.8744287190416287,0.09246380681183597,-2.302789071172881,0
1.0351172072557324,0.7189700393221041,1.480194519239204,0.8453340865383656,0.2216396548893205,-0.31593128399197634,-3.017543861582673,1.9245209462718056,-0.6645488589250584,-0.838902447794321,0
-1.665507535989963,1.2266538650824201,-0.05080359788240608,-0.984216911251262,-1.876997526507554,-0.23808112617449395,-0.5872343759307194,1.5510944783321494,0.36121493925043524,2.635713792106941,1
1.0334473963684438,-0.8572519004509404,-0.44500348253773475,0.04890565668714186,-0.025441815478882114,1.3964328199668297,5.700422013649528,-3.4339957473448255,2.1774826780969114,0.27972042496580696,1
1.0437908700506509,-0.8134420560054573,1.097662811596601,2.6397836805903285,-1.4660596703982696,-1.2969249255684328,-2.7282784342238564,1.402044917987632,0.5221571622824486,-2.1924568110523257,0
-0.03673780961995665,-1.4822918233240703,0.2830216194483871,-2.3790432868724665,0.3078675874772428,0.015929193951108367,1.8057853116646774,-1.6340317655114762,-0.532647849731311,-0.05906860852443575,0
0.007933074272469587,1.200141587526417,0.29133364331879874,1.6649201085495675,2.617273338971958,-0.9517818287419834,-3.424419387138099,2.186925578250967,-0.32012656565164543,-0.792451769094714,0
-2.1440195291933652,0.7812571909962575,1.1440926945412941,-2.672034084675783,2.336746454024997,-1.1766279617884257,-0.626799926426787,1.5638605926467655,0.2902948826008742,2.8922242201560002,0
-0.465431967957037,0.15855818572933547,-2.135556828532329,-2.997373813077921,-0.35028653939402,-2.5446347886400327,0.10433268549267725,1.2601121697543853,2.101316429148532,1.7676705312224787,1
-0.8963372966561857,-0.41335029676045315,1.2271601762567586,-2.388280354898429,-2.127309541174646,-2.455034011556023,0.27276962268955673,2.2769229782493294,3.4077906011776826,3.432728994355818,1
-0.7504409238242593,-0.7713261415573625,-0.7619772317066479,-0.8084413171018554,0.9075070629706259,-0.1509781040895174,0.9960423671614096,1.2560649524487408,2.0803337137191162,3.1463471477181293,1
-1.5161062110317862,-0.7808804109046579,-1.0947801900189507,-0.9792140036680071,0.5965138147719378,0.4188274159625085,1.0744741508298983,-0.035623113621496394,0.16326467154295,2.085670716767948,1
-1.6854073127286697,0.160131152760603,-0.7585286987145928,-4.872179378983507,-0.006291795050064441,-1.3647002543792408,0.04684414463809969,-0.28132323280970994,-1.4227761418902691,1.16251803371695,0
1.382546857231199,-1.0563434720992264,1.2724006274490574,1.2041773982737438,1.048406632234971,-1.3235076396028926,2.0037631985516713,-1.5182100633683175,2.4716683930610874,-1.922433072445277,0
1.5202145226416972,-1.4389428634499404,1.1282334261578777,-1.5687090616854436,-0.7109032877644443,-0.7302010239594577,-2.562645432970987,0.6205413755309446,-1.9709683976911898,-2.0610103986697035,0
2.803734747239164,0.27440120505235754,0.15052320556869614,-0.436446223674533,1.232409097246681,-2.0338696004081736,1.1666010967652596,-0.9507979278743728,2.3549922694181733,-2.4652099835264467,0
2.797450486605724,1.74032396241713,0.47402952815930655,-2.7303243347233255,-1.6122337991099362,-1.0621782353865545,-6.543948903850381,2.6569392820858697,-4.297859141778655,-3.206715891884843,0
1.0253821065731554,0.4901971418462857,0.0005618554692100441,2.089113215759218,-1.091749429224336,1.8763609371118748,-0.5345579224763991,0.2810321188407494,-0.7027486931404716,-0.3308700987776553,1
1.3672624759207976,-0.03478006986894213,-0.28358716021938346,-1.9654828813293452,1.3429950777402997,-1.3861959613744173,-2.3029718473818312,1.6164908366339918,-0.33479438700975184,-0.5446428779520309,0
1.5836848413213114,-1.1329018927418335,-1.1662282279953577,1.9976497082496827,-0.6617313742720755,1.1399053284500507,2.7814634235856532,-1.615279266427284,1.7677263983882412,-0.6324413063292225,1
1.0682063983065273,-1.6322033369710098,0.7198641688472236,4.4051445720994895,-0.37740118505126985,0.6924834797014829,-2.3668528704263174,2.8404581988786965,1.6075556634290737,0.5120743425619393,0
2.436666133569684,-0.6518236786645775,0.6187727395848064,2.1054914906274025,0.6704054890594515,0.729923243572471,-0.2278579244099626,0.833800707187297,1.4109184280908025,-0.4926781289036792,1
-0.6759858277741975,0.7855463198980283,0.5833469497415206,0.9510179366287957,-0.32713704663827264,-0.1319377638688004,0.11679503249053261,0.38839813007344437,0.8298086442068557,0.6856361409777897,0
-0.22652278679895277,-0.31684321911156244,-0.5005395085832681,-3.1247920422797417,-0.4168601707117526,-2.1032288037756706,0.3707760203984293,0.4559492777959343,1.2514836497989026,0.9802585517812578,1
0.3680441182616214,-0.3103239158053969,0.716309850566015,1.8122341115732432,0.32870639862509166,-0.9909021807884952,-1.6296530696286655,0.9295746543585801,0.5961558438225376,-1.204488274883448,0
1.5750713052729184,0.041021756243463325,1.7831584515836283,-0.27227347731111573,1.4488218177872538,-1.9657641827723331,-4.438254182341616,2.5633101155192954,-0.6870128972974697,-1.8834443178077096,0
0.5673561980286362,0.9600391808954257,-0.37953889742192626,-1.8032498741802683,-0.0011495648046663729,1.5759030394378075,2.3197902153379446,-2.008985938311025,-1.1406259638482947,0.08086085951673118,0
3.4459002774189447,0.03719327862066938,-1.3866957742675619,-0.20377353516586438,0.6403199554944988,-0.6940863798062172,-3.823998311231626,1.7613429003112018,-1.3011812707761405,-2.8816506070144015,0
-0.7284188368299386,0.8696817644204146,-0.8432002642886639,-0.693523117216442,0.26883972355844793,-0.4697101195027985,0.9414396186894691,0.20064082430260455,1.207685295929947,1.45117960527909,1
-1.7421462476471987,-0.4646869225241402,0.2880905219873251,1.6537026915953872,1.9208711499397864,-1.2965457036074737,-0.04867415233681153,-1.1353028043536084,-0.06188108214499155,-1.7210111370476227,0
2.24670157260996,1.003636878369115,-2.65494744061676,-0.3270249333246751,0.24139996626790924,0.4173157012131362,3.2227416413761,-0.8687169759047488,2.877912428569596,0.7488622803564484,1
-2.8463839011111767,-0.6812119016710646,-0.6522373330724851,-2.1083662557028555,0.6187883101361259,-1.1919264233640678,-0.10010444893267374,2.486300888590815,1.9065704401117956,4.844180813135343,1
1.061536035146605,-0.1693817234585768,-0.39308638379268024,-0.2506766446292914,0.07989595296304818,-1.8659646199917668,-1.4318794926575396,1.993834443336491,1.9751820375807054,0.2588904359556822,1
0.9313776361937076,0.848970296135283,-0.8278088794581001,-1.1280842275982934,-0.32682934551661674,-1.7215168023373368,-4.3912613936087554,2.4122375398412235,-1.4395786220059041,-1.4063002046244617,0
0.7234794362781464,0.11877840680279592,0.8096224271269085,-0.001229791076890585,-0.610248829249581,0.6828757165895856,3.508484079866828,-2.307221440299072,1.2794867933107352,-0.20886767624399538,1
1.6851101719224695,0.4645569014871503,0.72509972869941,0.8411183288688104,0.3037579491009266,1.3802235123345852,3.3945008115207607,-2.037943818163548,1.446240262992359,-0.33688495601096874,1
-2.0924043949944346,0.8959346053683231,1.9104238403739253,-3.2677477376785635,-0.5852073314390038,-1.397324508823949,1.3648253760790028,0.04038189522165703,0.9432049814162554,2.5501062975057205,1
-0.34209885889560576,-0.8557315886428748,0.4587974992733392,-2.3180219295560716,-0.3624418210905925,-1.9308673388613036,-2.9386279524631567,1.8638701764520196,-0.929579511466438,-0.03845486705323781,0
1.00581061513701,-2.0317394874755146,0.6936922352576004,-4.633160740079664,-0.9859464729639118,-2.915208129184746,1.6998916638288222,-0.2946114095636123,2.325977122254236,0.5210547927141274,1
2.025935368469728,-0.8866121875254491,0.043855097699741864,-1.081894245177419,0.8138928135389966,-0.1533621970757737,5.320432602097732,-2.2659087242555125,3.9211783343983284,0.7051772250513896,1
-0.645767002398655,1.2946333037401292,0.6025009698088679,-1.539960159330088,0.929128862531557,0.0024208885879957176,-3.077205833446857,2.6876749336954413,-1.454993685169515,1.7635761294387449,0
-0.7556800822471326,-1.471979277029429,-0.4222567217214018,1.2814710512802607,-0.49035659652468316,0.0043720155583263365,-2.2486075293557564,1.2423967023286249,-0.9875668522178946,-0.1878674190923237,1
0.735770001296433,0.6834652781834198,-0.15079247496042736,-1.6965784463439648,0.08033176151922583,1.1248115302434156,1.4920261742563867,1.111640730642581,1.5655568845786707,3.4007276363532353,1
0.8053060636626135,-0.2504293322103213,-0.7285501843308623,0.07950027461463782,0.08752634984501938,-0.8940233529825998,0.8751226278972773,-0.8571069880119284,0.9948585548963438,-1.2318010639395653,0
2.7901528434068705,-1.0806594295742495,-1.2101819050972824,2.0110143664362368,0.6973933261952787,0.18789366715341016,-0.2292567544415761,1.9401517822188956,3.0084915079122387,0.664408813109272,0
-1.521927792157979,-0.4856954063711564,-1.8954725766269596,-0.12482736263013694,0.41270776722344166,1.3888149043741747,1.2283597116201037,0.1208850925901902,0.0950355672717792,2.635700829229094,1
-1.0812383636914147,2.1175194017310353,-1.5966516602507685,-0.2868880351639318,0.740300328761527,-1.7481030362260048,-0.8277798490188522,-0.407208895412007,-0.426846707527486,-1.4193462973954267,0
2.34676965396687,-4.06460314373439,-1.113889652964548,1.2161477401124374,-1.7785352691945528,-1.540452127027794,-3.5073961620348557,2.4328134288618903,0.6580229888552946,-1.8358905446617106,0
2.3578126571933637,0.5302923590659436,-1.4661391332916416,1.5924139392204602,1.889307222378654,-1.4198905124455559,-3.341380611392407,2.341707291622118,0.8057688822945094,-1.867533545122367,0
1.0435351628689982,-1.7922662057838596,0.22806686765319084,0.4062928572153115,-0.28507574290574894,0.5048061807812549,2.4473859501515403,-0.8979927602941158,1.886440371319321,0.48285080232570937,1
2.7675415569720547,0.12897210781189702,-2.363665540004127,-0.2972185806058194,0.9956243422557726,-0.29929243741216727,0.23701222798389804,1.484194725570855,2.570110397127129,0.8322747065876068,0
-0.565508118824557,-0.20709681153663623,1.3269940334879096,0.9190422367150927,-0.956623632107696,0.6992779638383073,1.4169447409928866,-1.2635729352776313,-0.0020742793305030816,-0.16989584429339846,1
2.7053304339315964,-0.14704456043989222,0.4693077924198947,1.3273201314010463,-0.7282723260188415,1.209870477271723,1.7856794807456189,-0.11365689376396126,2.1479895845855106,0.22232687817061364,1
0.962618410622734,-0.4467774296361395,1.2696292205834045,-2.9618860618392455,-0.34313311305969985,-1.3558943510420185,1.6385530401461728,-2.8556897465388977,-0.9531751860764174,-2.846186623921113,0
2.7687907054709138,-0.005386506614087911,-0.9526532293994713,3.044702108762588,-1.8265557591292327,-1.8788393717000949,1.0235297550233398,-1.37175151799363,2.922003213210004,-3.983329132946535,0
-1.4965475862050397,-1.0716491536683932,-0.0099953123778403,-4.522900512640937,-0.8774020159860154,-1.9896525623175192,1.5191817265209004,0.733047187844496,1.9532205117541095,3.4202517166145587,1
-2.4512984016713597,-0.8572399555835665,-1.0660281667145108,-0.09611977910837044,-0.6934365427720093,-0.1061184834405432,-0.04830546277652978,1.290913843567996,0.7554314383534948,2.971379551878592,1
1.1036471510942147,-1.34000399502458,0.09730575190293085,-5.857541698970464,-0.018306624706789416,-2.186301476619697,-6.554623217426867,2.8702178473645485,-4.807065526117347,-1.744410320142477,0
1.6372684525209138,0.6754472964345897,0.8882573990374616,0.8604402156501374,-0.8696103367439861,-1.872282575871612,-5.952769544817608,3.3289141478527906,-1.2601208431998252,-2.427310420003559,0
1.197807540255658,0.376202317860116,0.534507548206712,1.4344839581845343,0.4569561821721156,-1.146884409149066,-2.1984786114328227,1.4641829634512482,0.6699551186829764,-1.3465040068928618,0
2.4938977699621274,-0.7443711598045819,-1.4798553430192238,0.27979132969535303,0.1986435513874016,1.1725270388811349,3.1014296196651157,-1.3053992286565879,2.0064365339509953,0.07475341530488573,1
-1.2089375469182209,0.18839031490654692,1.3617021199323263,-2.2031076373991354,-0.01643330920075887,-1.7676855624888386,-0.28506509516996015,1.0593371980908945,0.9899937498008369,1.6473016532405171,1
-2.556227098709951,2.014194322354516,-1.149914414500833,-3.3409634817896765,-0.23093733744925501,-2.634923473762927,0.9097306310341877,1.1546695121509327,2.3649384572819425,3.4305638073973834,1
0.5160335403398737,-0.8791639454365066,2.34064329118308,0.6325855136592591,-0.8884719666699248,-0.4185743168756648,-3.13695508641869,2.4683226927391786,-0.36050335713225456,0.08652690704635436,0
-2.0102532645134614,-0.2118460555387638,-0.28033970734258046,-1.4238932330578358,-0.300738659533365,-1.7005837524916012,-0.31125516766662514,0.996122300615492,0.9463869915766365,1.7692549307576084,1
0.4661505896904683,0.08524997629284713,-0.17891184212026082,0.9607598666836947,0.23105805323198284,0.6799778952755022,0.12074038414114253,1.2473195580553629,1.3914106316363561,1.653623582495383,0
-2.481471197420691,0.6000653263523612,-0.06108352877975474,1.5312055865950103,0.18494676932607876,-0.5883762187076036,-4.2309350474484,2.3910708633522697,-1.9323225724190194,0.226006903094521,0
0.6206245888189452,-1.360115713423864,-0.00859491539426787,-0.6347309750045236,1.2453533120556632,2.1384015728047343,2.731840897659595,-0.09660365403054216,1.3423454883188723,3.0225609221901433,1
1.0562680846508266,-2.0078985737640673,-0.09495636950312068,1.371491270804434,0.2317967095246296,1.7615416386616025,0.7215892506463999,-0.6233849138784693,-0.3776997914964537,-0.3694249510338208,1
-1.1800354388196856,1.4421342627087936,0.18420844265114247,0.6946677818934441,-0.889656483546141,-1.473350721444615,-1.818328061556954,2.6473693489459995,1.74622871219773,1.8848526531034762,1
-2.3397744433720034,0.15145007027714577,0.09362786145530562,1.1160498146032325,-0.5836949027619238,1.2327019827491759,-3.8579893696661833,4.078419206442215,-1.2314283636854229,3.714013488725388,0
-0.046911753019083235,0.20475825482335014,-0.34197931931745823,-2.9414583800735787,1.111816825565053,-0.9372016715942544,1.425117534590236,-1.056153343994104,0.1302470041773851,0.15618857990062082,0
-0.24423116149284385,-0.10786102892635638,-0.39743790888032404,-3.7370723971395856,1.3762960778127988,-0.5661277477000634,0.03935084414155082,-0.3030581340670626,-1.2910197724734696,0.4490236165015277,0
-1.1806750249953863,-0.908793467195573,0.3453222574703249,-1.6095832275007322,0.05343175265543497,-0.0633770407771721,0.7553031907143785,1.1581887950995062,1.2405463167650477,3.2569203708034107,1
0.8183547184185015,0.9431422558888813,-0.45088711147920785,0.994766324164705,0.2567472610395303,0.9235316069171289,2.2277304486848046,-1.0573865912928222,1.323657347697687,0.20864170455319503,1
1.536584437458556,0.6375801377818118,0.14926551039329786,0.768749722813359,1.5952280459034476,-2.1658412154764584,2.1386259140335433,-2.2784676482081254,2.3386389583097724,-3.187975517710808,0
0.5262104847846161,-0.4719794377973724,0.6108464558758292,1.0275641481063436,2.392903508064368,-1.1149603443959153,-1.949492327402014,0.9636692405826667,0.1039054459611719,-1.3698538557578652,1
3.1418778375705285,-1.4374872955071711,1.3279905881839518,0.3252162036308711,-0.3112221186347788,1.2141353641166654,1.9660510373573028,1.8047017653254143,4.072182148808322,3.0930821895449823,0
2.0698026867901627,0.2035247552148713,-1.6053830270598055,-0.7160573466211291,1.2932370523496068,-1.9105507987539379,0.9612593647608307,-0.8714173158769372,1.8355786489588075,-2.0414840364048707,0
0.2217866935048085,-0.554906869988666,-0.48984742313183643,-2.1576073774702413,2.6381026760084905,-0.030382443734679687,1.1976925651656183,0.5903757000769212,1.2570161127130193,2.3015036256924803,1
3.0142769381392607,-2.170160938560155,-0.9554018651065527,0.7112289385535271,-0.650172272086158,0.24985677719212873,-0.1103178924217124,2.22026453169326,2.9593612264115396,1.404770943020367,0
0.4762946123658799,-1.1470701456912535,1.2930975212410925,1.1622787196387314,-0.15572252146734258,0.7565042128446225,1.5382743549432114,-0.585641584755989,1.1310851307835295,0.31928308237918646,1
0.017621153998812478,-2.075784765046595,-1.036667316152543,1.1083972078798001,-0.9548742310505617,1.3719954310412628,0.4138210326585689,-0.06823024538490441,-0.20371560870729133,0.5590814100855989,1
0.3232009216502668,-0.39020450596025524,0.005714110552789686,1.237227619483452,-0.7005269906110326,-1.8182751930909729,-0.8631406257224044,-0.40267791571171374,0.4828224180924152,-2.5704743593439057,0
2.400103080232389,-1.7901523661966843,1.264294587115343,0.5099555455084626,-0.06362406685235351,2.226426444495969,8.184615230093236,-5.516674808873794,2.730255010698153,-0.8953447824768375,1
-2.2455603182869623,0.8847058197228541,-0.1759091355515497,0.8532061967982252,-0.5140741113005324,1.1738218879861781,-0.3097374479877023,0.46821226737280064,-0.9502741201824254,1.792274518140822,1
0.024267086315530872,0.7332484725630033,1.300309545788696,-1.3858648269330338,0.06290973059478448,-2.2472515079553292,-0.9559678592078265,1.6669545448198613,1.801108586114097,0.8716175294583819,1
0.4858980353389506,1.3313949355150587,0.5015982477225653,-2.8362538615072728,-0.08597694162442279,-1.3111792748915951,1.015631437260817,-0.15752379485237955,1.0361986630679434,0.5952800958278701,1
0.743883726365304,0.06118220714424601,0.016504455311128593,-0.5941466845843799,-2.170219000302106,-0.6353195922107782,2.8061912659030313,-1.0231309430617845,2.5749431534608225,0.5457940806039326,1
-2.3258550557432933,1.3213248613799733,0.035830944414326875,-2.300051290292666,1.328004885771481,-0.8250508841799177,0.6111420298738645,-0.006534476899033859,-0.08940219705946584,1.936151985926161,1
3.1432326464201545,-0.7288229905018216,-0.5011735332008286,2.304008053824386,2.7223109325816255,-1.3858193170804285,-3.4821940899236337,0.9914349226104422,-0.33463608856842786,-4.436531326081477,0
1.1844977948372482,0.4796087861778043,1.2769492546645032,0.04237962220456537,1.7897906998373772,0.7064424246942425,1.420273244930735,-0.8281755608404003,0.5316622239365546,-0.2144450261076165,1
2.823490367867584,0.6005097972271872,2.688014290491059,1.7780029263081456,0.6392699474777953,-0.5855533474057049,2.3249986534144313,-0.6665085770350256,3.7228085349764055,-1.0117699724432232,0
2.2922989363582023,0.996186671095305,-1.179557021683391,0.7816303167770218,0.8518649257217694,1.4921612712798484,5.07876467865882,-3.02534469039537,2.384757548450363,-0.477115950574407,1
1.2234050302755053,0.6340766610392347,-0.9948042414019207,0.10209641502591649,1.1426674988225407,0.4330995669675002,-1.4497458593832506,1.7333307581318738,0.14124070770254704,0.684748198921636,0
1.542632507210504,0.013988115887712862,2.121315929734298,0.024655592315419694,1.2854023401596286,-1.6236199676510206,-6.1115931752064485,3.4971940408797684,-1.784409497117466,-1.9655059727927588,0
1.0396405809380307,0.175065046793389,0.04043983951099896,-0.8008842697985719,-1.5207475248088895,-0.5728372543566931,-3.8263821358453436,1.4193550537301218,-2.5323357113883533,-1.9446128675897938,0
0.1218768320002328,-1.2809774344385265,-1.0041124247584468,-0.9175973742953176,0.6328186361090995,-0.6342114022360466,-2.708890104960647,2.4837433492595764,-0.3611990813230239,0.9868615241008254,0
1.2212232680191266,0.5381739465275096,-0.4873205361087919,-1.5770586091635326,-1.8411117324200659,-0.746961352105488,0.36211690067620633,-1.5871425478610277,-0.9764127360539322,-2.424163606342934,0
1.9754448389082655,1.5920027369828416,-0.8139486218500639,-2.453167392734358,0.3376567976939641,-0.7100819201133572,-1.7021196382000259,-0.7073850875582228,-2.601289301608662,-3.151317150973445,0
-2.3032879572531053,-0.20413617748976157,-0.6340823478860038,0.0065711158520229684,0.88776025567464,-0.664695919960181,-1.5940787046942049,1.7511576659866108,-0.046812317918531354,1.9172577624833322,1
0.37873890385081665,0.31084550551527557,-1.689635454447032,-1.9920342050852462,-0.5769852675470976,0.24587121436235115,1.5836817065329476,-0.598513086311667,0.35719782126955113,0.9790553446087485,1
-0.8751216345799621,0.09803959795341746,0.5667774688155444,-0.4988599381960197,-0.5467581480120538,-0.39990151477750413,0.7981730046715398,0.5210321565471157,1.3622402488948995,1.8258275500520715,1
0.7644439867619237,-0.6595915038863804,0.17727015250844574,1.8061345469334866,0.10044449685978103,1.7332362624789106,1.2378314069471046,-0.9721349740292395,-0.03487425728389293,-0.37821312970774346,1
2.5981305011697815,-2.0154014068621935,1.3469542192380486,2.1388249268955533,-2.2187552546413603,-1.2202876785920922,-3.7608141023564152,2.7237722942747054,0.8325619372234578,-1.8791194989792088,0
0.9233640223953167,-0.602258177282046,-0.049079204226818746,1.5545739974439392,0.6358209031476184,-2.4543891683698895,-2.129708896169088,-0.049723144590385626,0.1315651935401988,-3.844399115984394,0
-0.049127374273236324,0.26748740873384264,0.559199603440875,-1.4521155214785497,-1.0540868798292016,-1.2109473195338465,0.39364188288895163,-0.3130874677456419,0.4770128964277962,-0.2093895978120103,0
3.9718700947316123,0.6588491411272431,0.627292013125093,2.5730024545470895,0.20078517039165847,-0.779774714944141,-2.250948394189694,2.508463683459449,2.490216322355037,-1.4687483944173423,0
-0.21101599466840315,0.5297725016151714,-1.0686094623850018,-2.135224061075654,2.1971194491054633,0.5345299344503545,0.9674294739278376,2.41578872738257,2.374545343203934,5.0962965298257075,1
0.989865833822186,1.9647410016492728,0.528468304969544,-0.30465476988623497,0.37740758388993767,0.2815425712501871,0.13122962883741232,-0.22240452506705144,-0.17218351995327563,-0.4959800238112546,0
2.0686644422003404,0.48839956236244525,-1.1414567992076388,-2.3636783686260108,1.7522111572056083,-1.1848523502969048,-1.9939112853997831,-0.20771771878866385,-2.008127322490302,-2.9824418052181882,0
2.907677976833923,0.376505680977427,-1.1639678613911928,1.9637181404246538,0.9167248643158379,1.3723482213001235,1.6636250090831795,-0.6823020806156771,1.5805482614421198,-0.8730924880673635,1
0.9910545462035828,0.0254406820750314,-1.1624189639290536,-2.4627214968917817,0.8220484403720753,0.3877738351670341,-0.5585750889470856,-0.06203221710762308,-1.6741301629925043,-0.282670004906192,0
1.3666570270182288,2.165879741391191,-0.16100816619470118,2.4059409438430803,1.7634856074177445,-1.8106473742813207,-2.233596773121965,0.7233276111057209,0.7548970855938134,-3.025222031482011,0
-0.007898479412421833,0.3275834721774964,-0.11451920329155672,-0.30458484466493085,-1.149101952596802,-1.9982203223350177,-1.5901775940726874,0.6247166811251008,0.20208733918059907,-1.2926685784613945,1
2.281349938077221,0.9866912199945005,0.9127497799138464,0.030796436703435237,-0.8310478483110985,0.5980210300821992,4.0012007918321055,-1.980553462739489,2.6209389231588363,-0.14949873344852693,1
-2.683267174852677,0.28926376021656436,-0.025166187405987618,3.344331985840652,-1.1433497317594268,-0.4749070212975762,-2.6071926461496977,3.4723853704191,1.5882720160425037,2.846567378332745,1
0.7575830549971034,-1.757472622092309,1.7240207155655047,1.8124262651310517,0.5811209451637238,2.042049762609385,1.9375946799809305,-1.6626453150887315,-0.1801026115393003,-0.5932274829334379,1
0.9074481239611143,-1.2396844358680121,0.9608916750154606,1.112641108219571,-0.0709694698460463,1.9216072727368623,2.0657992298394117,-1.2218510296863105,0.28912194937630675,0.18599656203477946,1
-1.1320068467106994,-0.0387147689465107,0.32572503424362986,-0.8490277412396314,0.8548070356513602,-1.1812867516447405,-1.110174239912602,0.44640319921315175,-0.5064547516914775,-0.06750181259140729,0
1.0065646230554584,0.9651341243644521,1.0673798415062998,2.2246996943570876,0.10486503307861315,0.12541968830167538,0.6115348142422569,0.6295073973619533,2.319613842955035,0.3929390902642502,0
2.6049684841953447,-0.28294497536435914,0.5594082342054149,-0.39131074722800463,0.3588856151710838,-2.3006829166808807,-5.574899130697326,1.8987809503554864,-2.231301576603558,-4.438847777144164,0
0.16173148205364551,-0.5484228891280898,-0.05475155588077412,1.3033517662563268,-0.09582708075830544,-0.29515550603178475,-4.0533364796748,3.476613742561505,-0.28834751954988813,0.7468503120571032,0
-1.5292903462833047,-0.45246181143500497,-1.9461488609145319,-0.2507917731259961,-0.5066970968393757,-2.1986790039362143,-1.940529312763166,2.803123937043873,1.8759124122526498,2.1039865436052003,0
-0.46496560330842907,-2.2936972502275563,0.7790295379797135,2.2064188284481814,0.8950868360643341,1.1128285104905644,-3.088001478763984,1.3872358296309786,-2.2119347254426214,-0.6351549948623023,1
-0.5398404102108965,0.48882855820201454,1.0626556336097004,2.9216838802048226,0.7880854407681365,-2.0395899768277523,-2.298270321761093,-0.031756994506529024,-0.1860428257330491,-3.4034394363274,0
3.068731852908445,0.8640580536141788,1.3674390431630605,-0.7081849709380565,-0.14028650834818324,0.39008278197788626,0.87473855420035,1.8247245398460137,3.0576798585855136,2.1132039566817693,0
0.18591971252920814,-0.045759969161904605,1.0445856045414657,-2.703348914104102,-1.3942997730017028,0.18456846625752732,-0.3205483267491899,-0.9487466736045751,-2.4479283089332213,-0.9291279530730735,0
-0.21781813897089086,-0.9201563140982175,0.041097351910449824,1.0276349802882003,2.0324736611373293,-1.5423555548653836,-1.1502173373628284,0.22987604389280092,0.4013428049543193,-1.4975798072767352,1
0.9095412672256735,-0.01951543940406494,-2.054754692432885,0.9629644953048042,-0.8902193420638422,1.637390642544958,3.875582491145094,-2.7735269512038987,0.9059020345695852,-0.47110146009687504,1
-1.2626097184778136,-0.18568449612864546,-1.5670465728060061,-2.534894756180286,0.16343732221414242,-1.3770094401421025,-1.0529997223572296,-0.11727145806345729,-1.5360293926286104,-0.38992428645741656,0
2.1549319094448736,0.12766134984344943,1.3577845520580714,-0.4183383551148234,-0.713501774997195,1.195105201332516,4.650592212531431,-2.4760464707416165,2.2090011862222516,0.16206567436737956,1
0.6082091221012056,0.8332556325987531,-0.26431229167624964,-0.6682609206826566,0.525719805887057,0.4632031691779539,2.1220419444134526,-1.0255134535031138,0.9127060794551529,0.49529905587889866,0
0.4837348703326565,-0.7713972154433943,0.38417588133766406,1.1253361627047376,-1.9489636382185753,0.38176310222309917,-2.7185205159904036,3.3548974371636593,0.6175468880955725,1.9203923409858918,0
-2.5801520623990335,1.9190005553026819,-0.15768544119221178,0.05533733425618692,-0.34390849218098485,-1.7517717742694,-1.4346400938072075,2.414630412572165,1.5869471772485422,2.647620469718654,1
0.950817067086208,-0.08645742057300403,-0.5553682568228798,0.5269010066099115,-0.04104785170187289,-0.6808866221048004,1.4377966078262134,-0.25818226078373097,2.3013156974925253,0.00039626216758403474,1
2.3658772385726037,-0.028681658637313222,1.3937155644181263,1.51152571953588,-1.6450972541397806,2.101530896196789,4.180921580668822,-2.2779567197565527,1.967378108118874,-0.18848007790634103,1
0.352415462445164,-1.1667737929036508,-0.29050516053877085,0.18197514692980876,1.048364885635423,-0.030253407288780898,0.21007862249175496,-0.4937908842471792,-0.09979754581250833,-0.7407012378399401,0
1.9595943667083948,1.3172459401476873,-0.6911966267469493,0.47213293138578527,1.438210776281385,1.369298073407521,3.2911595254175317,-2.0071823543631426,1.2953044598523324,-0.4334265789621448,1
1.7304155197931066,-1.0938758852802368,-0.47952703998332624,0.3505173574014391,-0.7017324838175452,-2.8439536452064544,-6.419062113238608,4.273569812834227,-0.25716584819052457,-1.8492430092708383,0
1.0586316693480597,0.3247023835507225,0.00691944848858827,-1.6603120532671047,-0.35692685379485195,-0.4766033824628966,1.3113054763345318,0.13569497643323847,1.6272087804792292,1.0294310392198298,0
0.6838060671075397,0.7052834899766558,0.7319262453856865,-1.2528954640021597,-0.08857025731884294,-0.7766338029381545,-1.6705646587395433,1.1138002405233778,-0.4821052090568704,-0.2688569837391991,0
2.299969988647857,-0.6645614074647973,0.5702823044203353,-0.46518063982717384,-1.1535709971018095,-0.4767832615010905,4.570054860857543,-1.4569896644542903,4.435699810201106,0.7409405656648135,1
3.3139373366853264,2.1191036023595675,0.23720920127565875,0.22636563636828066,-0.425361470265525,1.4923060576885514,3.446276125266557,1.2808224348504575,5.018331698466043,3.7196436575023157,0
-2.766252542713623,-0.45610151571644547,1.8587744285726526,-0.7481294951637412,-0.7632431986607814,-1.7254448153526254,-0.9885842526853263,1.856012662944992,1.1564942567467105,2.570737737365348,1
-0.5581298640150785,0.27683914813024113,1.2335506973690682,-0.8960877266339073,0.2853040054883148,-1.2705131110699965,2.363184792437169,-1.6460867059278201,1.47863717632893,-0.24869437479157827,0
2.213211537948642,0.11143233272431184,-0.1801911896639009,0.28974827005094717,1.6986881537835914,0.7440593081451419,3.4817213102406783,-1.4928300086953263,2.5041749186213638,0.10435935560588969,1
-0.2268967343536641,0.5059930665679871,0.3067413093760945,-2.528739073695352,0.4174220312496067,-0.48847494419767457,1.4481780395873698,0.24278591342931843,1.2815427601099099,2.1631603065649894,1
-2.582127329980011,0.6765699283895829,-2.155890739226377,-2.1395057174036323,0.26618433113747114,-0.8286772775454821,0.9593944118467972,1.2099535540649526,1.5738226796280481,4.024539646166577,1
0.4098377767764274,0.20767478048424776,0.477662138095501,-1.0509713089239021,-1.076931746256939,-1.6973090735740415,-0.3615516087869349,-0.6898755278495032,-0.15989316050969682,-1.93818433375689,0
1.2304245705397236,-0.23603757155354116,-0.021526145688816417,0.8593872910221965,-0.40673138151517996,-1.4942600562244792,-2.5481178790131067,1.4967752968454777,0.356743905723371,-1.6252634696783974,0
9.831536122628659e-05,-0.053962660064733624,0.42556604588258284,-4.913409661425954,0.3942895459611482,-4.3660117261000355,-7.202697362935453,3.443584811307882,-3.2380165480100995,-2.125278095665046,0
-0.4095713392475966,-1.0790244592678986,0.1223266861648562,2.2741632360863866,1.4278623820852956,-1.819679052401106,-4.197287562251089,1.3722831123266652,-1.275005826420366,-2.9209338571172414,0
1.096674254369915,-0.40990352279450387,1.679728476372106,1.9816770332722469,-0.7447828501171511,1.8655458352903906,2.31922281157275,-1.256118493275746,0.9517187247852862,0.019778906823451237,1
2.033754177310726,0.024820554624800366,-0.01626976090966454,0.7081404351934898,0.5486115271211793,-0.8257315738375544,-0.2003226119865458,0.9240280031027136,2.082004534513721,-0.44355969525811684,0
0.6656544014942556,-0.3558188353382118,0.8754948832617212,2.385385497117824,-0.3103964849550655,2.0474053784808772,0.43672866583023096,-0.31924821841670026,-0.31596880719167886,-0.13642748346844022,1
1.7257122961200557,-0.08537467997269305,0.8402754540097592,-1.0004174811994768,-0.775699349550235,-1.3604263152474054,0.9466603824264148,-0.32501781006922426,1.7904972717791443,-0.8130041152473871,0
2.0830792269397076,-1.125019066580641,1.2090877114727585,-1.075633780852261,1.0952315559283752,-1.5755073077840065,-0.07360816175851016,0.36048936511569674,1.5503486002201594,-1.0056188690165593,0
0.7323936810660949,0.6286310017788237,0.8384680520915719,-2.662004406567843,0.7142993841007695,-1.016705421266411,-4.536028644835314,2.041309219113245,-3.130270971336136,-1.25932181952805,0
-2.0202409061465008,0.310208136245163,-0.12381534259560323,-1.6503847793491966,-0.637815766438833,-0.4394358707698258,0.38428227995956277,1.1462559764199258,0.8725591722821073,3.1879570419954413,1
0.9193554246170906,1.524284860747478,-0.9501449068564668,2.738721611690995,-0.5808206468277702,2.936182184961834,1.9284950778471373,-1.749302103142718,-0.5648562087205489,-0.6603545101105615,1
0.18328500707608097,-1.5843834266666759,-1.7480674719137859,1.166984699152908,0.09256355362227849,1.9104420784824974,1.9385047450394775,-1.8856600209463097,-0.6859726053418407,-0.5051498575454326,1
1.393237697220549,-1.7349756969458754,0.6440685429949569,5.003366559075112,2.4273733843796843,-1.580661942039506,-4.017771729971027,1.7808785427061684,0.6095529858968127,-3.6970882617951903,0
2.88227946211189,-0.1366106534676014,-1.0734209422789178,0.034872204239297044,-1.1736040996661792,-1.119904854121402,-5.235527092117451,2.0003920249257723,-2.3939586559326713,-3.74615380605236,0
1.5438191794349856,1.5209347285857213,-0.6331322097304,0.20488290342141768,0.19743114156823624,-1.726278638975938,-1.1258240308296208,1.941702173106624,2.4487722273456,0.1551195566659269,1
1.79214747118235,0.9256766356107624,-1.4606703825179908,0.020503630580279264,-0.7545091468138538,0.2343110424287187,2.186158536356913,-1.6514859503749069,1.038751894596159,-1.1904751079881675,0
2.0962740640676145,-1.2261473645198493,0.4476719908369938,-1.8093168802460906,1.9793844714143014,-1.2384897369824193,2.6676270673655074,-1.1500984135716754,2.598811960097914,-0.3798889000480017,0
0.3003257238155296,-1.6957194907004491,1.7368727731524258,0.08984844339539055,-0.3546774435728737,-1.2602799792577737,-0.39203306574613045,0.8267469905127722,1.4512562567132539,0.09883384729134727,1
1.5067776902529182,-0.25215685083557865,0.8307939231033094,-2.091289137294825,1.0001008972055816,0.08736748840207287,6.71883857459428,-4.0319218122286244,3.0134946030664125,0.09293225699172916,1
1.23939156098298,0.5210397575671122,0.3283623953335297,0.1679526116232254,-1.7163271096772137,0.28343471236812656,3.1824003487190997,-1.310282801519512,2.421614961709546,0.42189818757413755,1
2.8331405766084137,-0.26312452696043603,-0.0065804533130177445,2.8344547203206987,1.230357722628503,-1.0538292786227037,-3.062063112087083,1.6577963287597663,0.7146677654520457,-2.9767922614521742,0
-1.7545955279787653,0.5751351036511284,0.8113055056977589,-4.561703599866807,1.3426532450114794,0.8105154985849072,0.9745104153375753,-0.4644244875075507,-2.072103485990149,2.60140695814353,0
-1.1894309630460413,-0.24144306041634547,1.4046883313272998,-3.9525433287823417,-2.463886694684311,-1.9256806384111167,-2.664652003798647,1.611014501969846,-1.68645944129202,0.6960764712517611,0
1.7872006410144627,-1.0176392518337791,-0.7374053455801753,2.1637649726981505,-0.7866299715542499,3.0686550607304195,3.80753454573744,-2.777162319822679,0.408886764632845,-0.6768240749259791,1
0.3338650489029794,0.484325437702705,-0.6575902822898048,-2.029178459521604,-0.9196953187613095,-1.5508526529358764,-1.4454093569690492,0.3150204552393594,-0.8466136208783175,-1.138986825888245,0
1.7529908363044049,-1.19769935087518,0.9867984350370388,0.1448655311425423,0.6294941559995911,-0.4943656324284189,3.3029921198437604,-1.1665550780504046,3.399195994713003,0.1451089751013403,1
1.2223810481148703,0.8874775606097598,-2.643825437963495,-0.3718864255322002,0.3744588071991203,-1.3857928083119964,-3.6871648726337853,1.245664998939446,-1.7462429504679933,-2.611310269354739,0
0.9542245252027387,0.12459075794206703,0.39514433315690634,1.7977828909411264,-0.3820614873547184,2.0498928783552848,0.47527412082922954,-0.46223361336652335,-0.5726687369643391,-0.2961334831289356,1
0.8450702121648176,-0.10226574498399026,-0.3521362158210421,-0.7238997021554636,-1.3598560244719025,-1.022475361606635,1.8831773946527823,-0.956063444916786,1.8523559994896703,-0.3537061345256925,0
-2.160720168846196,-1.2507301164587183,0.12394844658533295,-1.816979269891747,-1.9169127644712842,-3.7822058351347154,-2.649847602165943,1.5749362535842653,0.24062429339372782,-0.1858155008857073,1
0.689896964852458,0.6597224693877705,-2.0643909640288443,1.237318837278565,-0.5321615134814498,-1.4083558379959151,-2.6466464751188408,1.540654083649538,0.23957190952087049,-1.438430813699298,0
1.533605128066979,0.9967977661275882,0.12306236652628441,-1.2478933513490762,0.4375876145863273,-1.368213459622889,-2.1465704610437566,0.957141701386418,-0.5485110809183055,-1.585888739847877,0
2.7279284688033987,-0.22487537795256549,1.155529776357458,0.8370595409200589,-0.0791411392458341,-1.019130326703282,0.7623259940887325,0.09475588685466851,2.6766043098472734,-1.218786413368107,0
1.6267426593538787,1.0486407091206436,-0.8927279710372812,0.40300434109399086,0.4363281949032192,-1.3052172902012078,-3.10104829255842,2.322907914401498,0.36400180091281364,-0.9619799506204396,0
-0.8681816374276017,-0.5144780974176624,-0.7959547802024568,-0.38937777512619,-0.7201020157788871,-1.3386829398299964,-0.24682553332405116,1.1485256760293714,1.559124663272648,1.3526026929820787,0
4.385646811491283,-0.34139865313360873,-0.029799976194821397,0.8988900869830175,-0.04604373437170928,-0.8517852034690464,-1.9277286198566863,2.834901241250713,2.7280576922066766,-0.5411849137494097,0
-1.6032032047426428,0.7071683149087612,-0.5749008530504395,-1.8257617688141041,-0.03135528737602596,-1.048513239874251,0.7566232042687675,0.8058512303958616,1.4310890398724128,2.6165292120132877,1
0.881087135166396,0.5103080062634342,0.32151594622755614,2.0070387256869884,-0.9344108510382787,0.5916802808160522,-0.17388406320786465,0.4342450459417644,0.7612616516395719,-0.2523918588484948,1
-2.18192550467055,-0.19021542135113323,1.7923213309924462,-2.089064045505318,1.4056990119767847,-1.9013000229236408,0.7959250593940039,1.634744867835698,2.7384135146485926,3.8032106825767107,1
-1.508232802776931,-1.9255620177702029,1.5356460350208718,-0.05987317605846787,-1.0933726863471092,0.1690291035251299,0.5288066506093444,-0.23523195111225093,-0.13933218919739865,0.9832532209219809,1
1.6994368409288079,0.7213716777887588,0.7676277622673545,-1.2540765429642349,0.7405222889724334,-1.3607313150476283,0.9675145699904422,-0.13831762777632917,1.9081153447994885,-0.4565160921844324,0
-0.5996717444538762,-0.7950928146383525,-0.7537543405673636,-1.2697155023719588,0.05486328715614163,-0.004761077870617747,-2.4388812809049014,2.92242964658998,-0.3647810451762996,2.556269994244784,0
0.10221263896066957,0.5338200702519021,1.3006633667656036,3.527551648839037,1.1392942244733477,2.5776933079513085,-0.30489332972667443,-0.0965727477159315,-1.0360835925120844,-0.2601223086349896,1
-2.2128255751063435,-0.5757834293430089,-0.46771754321744174,-2.9661149278348633,1.5723786330446405,-1.715679230540646,1.4466652604982173,0.36911247938559466,1.6987622992788602,2.928713444052168,1
-1.2343805752239054,-1.5911259720182742,0.6860804385999714,0.6594556865927181,0.3253981609903326,-1.4855740310007823,-0.8670166345854039,1.5987826156911906,1.729737442441512,1.289765124925601,1
-2.543761375881704,-1.8118279424555976,-1.4288779545288437,-0.9648447142019353,1.0972401515594965,-1.1473511319776404,-0.7761078518058706,1.6378955512002507,0.7143632216920381,2.6420733208674485,1
2.1892072647490837,-0.3202812299610218,-1.2060939462781195,2.429530552061599,-2.859520038674442,-1.4894291205728076,-0.16704786794719623,-0.08519255605356957,2.2416601255490214,-2.621084279420624,0
1.3086507402387966,0.6675089224817384,-0.6243219765982982,0.7929460689788606,0.2697489374919197,1.1534044878115626,2.1920031560115603,-1.0369913847455923,1.1724119893904446,0.10791358852731404,1
0.9272186724268144,1.1347210354858641,-0.371142076954873,1.8054562495398354,0.0017194350566970612,0.133231653970721,-1.7223905947144447,1.4480023431821374,0.31910725038572574,-0.3656997425609101,0
1.734177938082141,1.1767833821743214,-1.7990008402114075,-0.08129801296411099,0.2504425935159528,-0.2858643805569372,1.384440575364973,-0.04746711602422671,2.1221431337180574,0.17582722256530942,1
-1.314144521845956,0.873738818091332,-0.06457787865275445,-0.127468499207666,-0.034202591431231416,-2.1412539905858043,-5.490050553276542,4.729820663968045,-0.13218446223725733,1.5567623624597757,0
-0.44154305371857716,0.9489053703967205,-1.0587834409252077,-1.5655951102734442,-1.093440425718558,-0.43368397824564786,1.6849403124886948,1.6929386062328717,3.323602491534399,4.2782535585935095,1
-0.8470369163387044,-0.710114504684698,0.26500726923505735,-2.150912641682888,1.086863166074582,-2.69515654535487,-0.22557951607923385,-1.2600371441635465,-0.5544603022767092,-2.1234548496803782,0
-0.020881586978880096,-1.8573189505197714,0.10612440721318038,-3.1069060827637793,-0.7967402233081192,-2.145801054494949,-1.337886976142175,-0.40074248262519463,-1.5059487229486437,-1.8411719694610085,0
1.4354951044752413,0.25602474490187466,-0.3510482574722215,-1.2561098467220964,0.9051925673718886,-2.6162010219192564,-2.1957502016421935,0.6017557876136519,-0.07032233570702884,-2.6030182888659636,0
0.6860066085872409,-0.5771548375561611,-0.699935209266492,1.968539654276247,-0.23171496691141202,1.3407066928461582,0.17079672144141064,0.12474651812328563,0.21688204913310505,0.045061766040934925,1
1.9724732539139334,-0.4757959447086059,-0.9109581754432782,1.4271699846127026,1.3168798384684821,3.8243597180331452,5.138852887766056,-4.227959612084433,-0.3662216233241302,-1.1143062061609676,1
1.0058965757794598,1.5193945969413418,-0.22832189135444766,1.9967561443308057,-1.6365231763997656,1.311031573730696,-0.5661385646900154,0.6182550755524787,-0.006806773316464065,-0.09515311264646803,1
-0.8808692272838781,-1.6054336663358353,-0.39275143795352224,-1.7125957382756636,-1.365144502345953,-1.8061157447947482,-1.4284390716619306,0.6683927911260241,-0.43661806261367087,-0.2088722879443372,1
1.1785216427953702,0.5921246247453483,-2.1363317116359837,2.3739367133491784,0.4741348011830975,0.2631016579983507,-0.9139831822534719,1.8962481333909809,1.881926222897748,0.7527130657680822,0
-0.4435704012015872,1.7090551833235816,-0.8639247038254283,-2.2056123240491954,0.24465882966440797,-1.1504145137782325,-0.76994950610434,2.13589763409667,1.270635807509889,2.599558118605133,1
0.5826224534015572,0.24970880640742232,-0.5985453168360358,-5.407940340394975,1.5871324514543836,0.5524319508247608,1.655652656847129,-2.0920677706595736,-2.5579677524147417,-0.1400968498154201,0
1.8295179638740762,0.9385307351878646,1.2370779464988295,-1.5274025058875993,0.6591204741688469,-0.8725267515715194,-3.3282646387313486,0.8275681284986668,-2.438508543506189,-2.6716671457217362,0
2.7477047983032072,-1.0966375086388196,-1.2225973479885914,-0.8241991646164799,0.5182752280363537,-1.1706113133325646,0.12014773537620523,-1.7928825223794065,-0.5156862038578363,-4.064536432379982,0
1.1865325839693845,1.1525370103303259,-0.5435217529450828,1.6965138832921167,1.2367718895022066,2.8671264329946187,5.54280878944593,-3.9812673221393715,0.9810383950383864,-0.4950046137832114,1
-1.2048060738915574,-0.5423862636822946,1.4714876651735471,-1.9024921879092052,-0.576838243669509,-1.2100789334510749,-1.701888933537085,2.229121349093867,0.28034042953648686,2.191577369993063,0
-2.907839459904002,-0.2998011976493202,-0.2710610081026204,-1.953054952288363,1.3590541562478977,-2.3011985084006934,-0.6690954855950765,1.5733231713903892,1.1773717842582039,2.591781558921446,1
0.7223924152020049,-1.3262027893636903,-1.0303076505733457,1.484080104142521,0.20461822559046108,-1.5754358738847394,-0.11962333003994909,-0.642611622897127,1.0883778244500677,-2.4128516998761356,0
2.065670331684885,-0.2730490825151575,-2.730117814770566,-0.7939111725417993,0.07535519985566355,-0.39470948848992593,-0.27596391703972584,1.5389212604769276,1.7630064074424565,0.8978079230080908,0
0.6427803631884791,1.2435456010978068,0.851883409377045,0.5712766497507823,-0.1556575382899,-2.1256620655997436,-2.060074531863394,0.4190547071013516,0.022740439255735767,-2.5976576476080386,0
2.491487818297288,-0.06408287656884287,-1.6020830094994443,0.22496622070023053,0.39195243160084786,-0.304013975369265,1.4626934894423285,0.4022171733729142,2.9822370907790745,0.4041405860227313,0
-1.7628374542475864,0.23296475174492035,0.8004798391920516,-1.6180218753914213,-0.21690649479446159,-2.199811379459237,-0.5839479071272495,0.6036787385366503,0.5846347485760508,0.6955605387999594,1
0.9926779838961901,-1.1390428885780886,-0.6744922294583658,-1.463276085250543,-0.09994740187442086,-2.1448687581282506,-4.6175963378409275,1.9202328955127639,-2.003881024349522,-2.416091440188755,0
-1.865417357627007,0.9731986969018226,-2.010657325280877,-2.1741914039290444,-0.8490612961262416,-1.0184080456255622,1.9722265363994793,-1.1620913536464808,0.5666802524997829,1.1745402121874369,1
3.1478232701831845,0.5158553280253295,1.1977419366271709,0.759144441403683,0.3518594294465751,2.2020603345934493,5.94562841754142,-3.758336814971531,2.2786460378661735,-0.861244905167583,1
-1.120478573450876,0.5115029991322932,1.07066002828769,1.7513705233533734,-1.4559855451036634,0.6707588010178155,-1.5670416619333882,0.3071695084681907,-1.5854239468780005,-0.546302896784921,1
2.0556227856610763,-1.8065594062345491,1.1787397760052507,-0.9389434741182678,1.7733350570043276,-1.1762430063777645,0.48142350102114156,0.27458453630043567,1.8431790055402932,-0.4893743824906693,0
-2.4808250052655545,0.10861135804182094,-1.1765479739412434,-3.1298630219162047,0.7796750143719668,-0.999561673133145,1.4986079559030439,-1.1073110217709483,-0.4304615818899501,1.3969100496418534,0
-0.40888595723501175,1.263261422331151,0.08867731672515512,-1.375195122002356,0.4717364144754229,-1.9326677599442263,-0.8637800597508587,0.7360181321212342,0.6091003238744862,0.003768270887533675,1
1.2288635036810152,0.9837917519532065,0.02737247869320873,0.5046352342145155,0.3216893700802989,0.3826023933219901,2.5039676825193617,-0.8316440612591884,2.190755339933318,0.4546976037077437,1
1.168097690095814,-0.3611424346118292,1.463417447976724,0.7215791743329818,0.36539078436214323,0.1268446993922412,1.3679693149579542,0.0039881193948265725,2.015024011924389,0.48843228629943575,1
-0.31636122574717396,0.06954783670284528,-0.11262005072912981,-2.4646231095889326,0.6819230032173926,2.0187400249325873,6.218170946445131,-3.851654420902893,0.6256486305033133,1.7382499642227276,0
1.6057239703388753,0.3631220161854476,0.8945948669615069,1.9375559009887473,-0.4192103396856869,-2.2469754903156574,-6.163054923860932,3.067700745431741,-1.1006573086316955,-3.3944977009823067,0
2.070150741079278,-1.5119852905682407,-0.413817636054196,0.11707833357822373,1.1718021704176789,-1.0123641425406327,-5.250982484632801,1.8892363904154301,-2.766181179275258,-3.480986149658879,0
0.5872553733906145,1.6593293931145676,1.9098748679089967,2.360662846889888,0.664086228770222,2.1316984251096374,-0.10905638228270827,-0.03866118185458611,-0.7394157073821164,-0.14306185351820744,1
2.9862984488067035,2.1153432191621837,-0.049173784270552794,1.0738675699810805,2.100916139234912,-0.1381262507874801,-3.603566991638627,1.292816243312242,-1.5826023996962841,-3.1999210529553737,0
-1.3180844317834635,0.3621047766572867,-0.18572713111714992,-0.8428987668405012,-0.29004168766946337,-2.4433745907303877,-1.3637837279943639,2.773112224354451,2.516473276706943,2.509671802390316,1
-1.9878896000313848,1.538812212756033,-0.8157598097246371,-0.6729918341852137,-0.8446214651010399,-1.225367338599187,-1.084549517421066,1.2692201038768782,0.2750210416855674,1.4695243414507493,1
0.423653304762456,-0.03964982602951878,-0.7228012370979725,1.180073280275163,0.9281628335101157,-0.7756350188181204,0.7089879886050746,-0.4365091775277268,1.4722076933041495,-0.8299248123156249,0
-0.17084514756881375,-1.9553201958289914,2.4583866628276656,-1.182577957260576,0.04618260219027473,1.7804073380038283,2.594818584703078,0.19438319532791926,1.3661326222451593,3.694387653702141,1
0.862168390534825,2.950764746605784,-0.8316922893199672,0.4439701820410068,-2.4235828128312282,0.685043159553402,0.10359090843060886,0.22858287907583197,0.21161845523123946,0.1529694757286111,1
-1.4802544746673951,-0.9762059026067934,-0.799015107413487,-2.7519179553713444,0.27095659924073434,-4.126212571062062,-2.421268198048686,2.224045824646309,1.2439796542845394,0.6698683738390204,1
1.8654297694248154,-0.3026030234289217,-0.791786135965779,-0.8418560933331918,0.3929540631734413,-0.619744500450867,0.35911394990619416,-1.4798020595501526,-0.5400952058350295,-2.7353433958254794,0
0.945490823589824,1.658931254979496,-0.3647905816135046,0.8987679786921657,-0.6715108447416982,1.164303380833365,4.375780302963868,-2.7871247314661662,1.8008545808368712,-0.25331144335427574,1
-0.5602667634760403,-0.8553334027860247,1.2006419492392584,-1.7588097503979743,0.5619306932835202,0.7058327668238471,0.9013085379095418,0.42923324612674707,0.1678860591230853,2.4212009475335012,1
-1.1810044713400925,1.4588275466785003,1.3278599275082155,1.304930635241977,-1.2310930592657698,0.4501271765388888,0.34640862238108056,0.6622303899380256,0.9566308590255843,1.680246150208666,1
0.5161828408729865,-0.05272508423498128,-1.473964180376095,-0.8787245213249114,0.2126424823268253,-0.05749218669144429,0.6283274282905074,-1.2393784093091025,-0.7299268933557086,-1.2359404575834014,0
-0.7436901616836211,0.7098259885272638,-1.5854006369390417,-4.825201691027507,0.49764481186339266,-2.255520995558735,-2.721360064603701,0.566168361565186,-2.8096230777315125,-0.9521120552863734,0
1.3753312038440733,-0.46016996854292425,0.08277953666162044,-1.1501892638830935,-0.22824094771857162,-2.0017013791123195,-3.3050997176284196,1.210880452169806,-1.1396214393829776,-2.4640352449456957,0
1.2052061425502205,0.2987552795742291,-1.4556817265935151,-0.6143318000259004,2.4516986759010893,-0.16986934528652775,-1.090264731857481,-0.8469875992993832,-1.9462330755570996,-2.6607519136036757,0
1.7915085531451997,1.8169458252058674,0.3230416237873795,-1.2988544674779479,0.1579626977529609,-2.09610249719779,1.5482531321887585,-1.3524576691854895,1.8649435204278597,-1.9863149128974091,0
0.2148077181505743,-0.6916948232763047,-0.26979318020727744,-1.8725424354849718,-0.6894983102069558,-1.5546009920969568,-0.7034213150451494,0.38729959531417935,0.11033306940914311,-0.3680985763738203,0
-2.037933280276147,0.12476119133876987,0.39753402869705673,0.31192254774475026,0.7545984239319935,-1.2299831685296798,-1.6383391681692658,0.8280566555669752,-0.4592949179810064,0.13975767128180577,1
0.47659850459683106,-0.7932539146805512,-0.3852468100929874,-0.523927049735833,-1.5290945669123341,-0.45570962371243084,-0.6193574682049343,1.0789972856162378,0.6674230946541602,0.6604713986716755,1
-0.2746583240350884,-2.35348319363109,0.30054744840099773,-0.9211390195464901,-2.2364262035051636,-2.1389759000445974,-1.9138993322682487,0.2008362613955732,-0.7942893858354707,-1.9359332428395597,0
1.0693548167825617,-0.01749734565510574,-0.3317477920999383,1.8298459507323308,-0.013288947872645994,1.1941551267945814,0.28177702267135474,0.1254580082020751,0.4917618679329131,-0.07635569668989656,1
1.906583874782382,-0.7227128683857843,1.126676679430129,-1.1967234581561725,-0.6427153221102642,-0.38114619319588927,-5.931122099029857,3.5436722900644386,-2.8228367526886298,-1.0859330798795999,0
-2.432696707600482,-0.7629170239709068,0.3904968604816443,-2.1034617036877536,0.49659235119030115,-1.8873292623034517,0.6940604928099382,0.5750197048202903,1.447864079337669,2.3722412827280372,1
1.138159175527599,0.41572550997978686,-0.13281060880247617,0.9711876573233705,-0.46000206411180583,-0.7222089992456253,-0.11307946691415455,0.5788690337248947,1.6350123078870484,-0.42026802381486916,0
2.3404440892963936,0.27235248759196323,0.4328864946404487,-1.327901006514291,-1.035597974779926,-1.2848261528854685,2.6787864290327197,-1.2136580262129972,2.8156785003131812,-0.724297446856829,0
0.2150677908364711,0.19612250538824302,0.6208076608404062,-0.21935416745831082,1.2160648364361837,-1.7434342708562878,-1.487824336759781,0.3196240105738781,-0.10346349304951308,-1.653969432600818,1
-1.8987823540591977,0.3554395723604608,-0.2295359368102314,-0.5798527336768635,-0.9988137109846277,-1.693493129957485,-1.9817009231254068,1.5189022090033477,-0.08833630596033659,0.7621076191959448,1
-1.2554141714234954,-0.14595227263352686,-0.04906552846734478,0.14917476901983007,0.6755187365822855,-0.9799597915097692,0.5413142066800348,-0.7812196758469223,0.3004340364470206,-0.4356076193356524,0
-3.8419280462241012,-0.7557760029620287,0.9317107504104423,0.5641000266734233,-0.4736296745194499,-2.3175142660779837,-2.3686658271882473,2.3011938292021377,0.7160198410195198,1.9343601945305111,1
-0.2615216258885351,0.2805000229198326,1.2097881878438104,0.7116985297494454,-1.810416783357745,-0.8423244346399051,-1.1870934241663498,0.7742997990436363,0.27553113305822996,-0.3709890924930648,0
-0.23714599059671193,-0.6339879499669326,0.878412979507654,0.16433542136271684,-1.2532080412418714,-1.6243539891718346,-4.365749913615225,2.1174916945435793,-1.582080480469482,-1.495069276644965,0
0.10547568875428981,0.12269806874485811,0.12036976627681863,-0.5971558390757834,-1.2333694817101266,-0.3837049717939164,-0.8158261500178182,2.0910520533342516,1.325495119986377,2.135041048075909,1
-0.9623045527007608,-0.893030501908519,-1.3898470660572526,0.5792562825233896,-0.10142889318015628,-1.234565741614103,-1.7476940663525908,0.5908911605919288,-0.4768253045936077,-0.8989056457163247,0
1.0177140714006896,-1.3317689903878926,-1.6223984967559022,1.2462405809609414,0.23321456024834725,1.9432134037689441,3.262208294348277,-2.3146019391496315,0.5830506434745379,-0.3670243997865854,1
1.452980983912319,-0.6074408952832138,-1.7428879738170595,0.6191556571409359,-2.1753814320391736,2.007663762006133,3.5789819115444406,-2.3380538375220015,0.7421657512111905,-0.15318072563959703,1
0.4454716285550664,-0.8966117234382827,0.4046040350430019,0.6066765215320313,1.4878043483205123,1.119846306579737,0.7442688835540066,0.6628576614755048,1.0345555996853133,1.6741397258299557,1
-2.0330521300517987,-0.14858950995744283,-0.6085894659501591,1.3729770282415688,-0.2544568596749418,-2.7037331113093632,-4.2110496496344085,3.539176513091082,0.9028903315364455,0.7603211047270504,1
-1.318843144252848,0.3454238190404714,-1.0078465490671427,1.2333197963055673,0.2345824670753469,-1.5901005091346654,-0.28230106528282295,-0.8918286460379885,0.08499238484091742,-1.8172947036131082,0
0.5172680536952587,1.3195506254513676,0.23437276333840346,-1.6417154821472288,-0.21684593856554543,0.39278140261790395,0.6335551931955488,-0.03478569432289613,-0.09187441066967672,0.8335475580880398,1
0.024355437745813946,0.6096077271513874,-0.3096849162762836,-0.6624314864480085,-0.516206131356464,-0.032593930735016596,0.503496212099561,0.03654692910763058,0.3982032255643675,0.6362778813419462,1
3.608152414192427,0.14141697257100241,1.2136458541964776,0.23564753834764218,-0.24489006504943875,-1.8887293096480473,-8.60672147727734,4.764312968499343,-2.5660602605173377,-3.5974261995849925,0
0.2942734437274577,0.6943448944071322,-1.4276650104675974,0.5743515522312244,-3.112527440092419,1.198956918036256,2.492191731443935,-1.6119340698079894,0.5673718360168618,0.1561113028508267,1
0.6673503002682559,-0.3586199493630518,0.79821695357066,-4.017601043993789,1.0733801151386306,-2.3688331083888072,0.7996282574163609,0.6956454947981026,2.0661632718806437,1.3561312642190284,1
3.023882161103793,1.2325361550005687,0.3488818313036715,2.9853406395289346,0.15359460673551137,-0.22051420018679013,-0.5380248863331172,1.6878531799203846,3.113453150696594,-0.49853008393825565,0
3.1046353992277465,0.04854854468103579,-1.661590238341676,2.413825398997121,1.3056463681161927,3.3810193358921685,4.901514375133409,-3.1443893334670876,1.4470883392789886,-0.8225990497276285,1
1.5691093922555095,-0.022333817718137108,-0.8737640927475011,-1.0043339182672857,-0.6542121157383459,-1.9425107133252155,-1.7697000328513912,-0.3221407193500532,-0.9187090653822276,-3.3623211756449938,0
2.874224230671455,-1.342719664837795,0.48205072830031004,1.2658005995861215,0.6695805734803052,-1.2403300235244032,-2.494260026899444,2.1596345842496127,1.4516842648664146,-1.4777007506989992,0
2.8129208578106626,-0.0660784330903093,-0.46486996957351817,1.5263729433894113,-0.4056259646062051,-1.4071196346843993,-4.3138787058751005,2.0142512936252315,-0.5743537977909234,-3.3852094381123243,0
1.5523673836173542,0.7261591215755627,-0.020266883137630812,-2.7632193940855,0.9268766994609047,0.23544951701675143,1.5886398392386583,-2.3798261157122678,-1.489934192595602,-1.8985767059491594,0
1.1357280381952664,0.35203911000761784,-0.6441381578535159,0.10334218434943088,-0.45630339249623575,1.0258887592623425,3.2806403524490486,-1.9303383404233145,1.289575179419587,0.02775648187157573,1
1.1534186810300682,-0.13028624928391652,0.7702665284831038,2.215322743912574,-0.8043501578320993,-1.4620804654515978,-2.414395320708522,1.1658569664074458,0.6272792533992926,-2.2629789154038096,0
-0.6138246127578917,-0.12380952482787257,-0.5017990264337873,-0.7296934283345856,-0.7572358488882398,-0.9028683141328727,-0.12444329385223529,0.7223573212455027,0.8655532496214106,1.0098420744711358,1
1.239680092756636,0.5668998185387946,-0.7388575013091938,0.38071160439389584,-0.31599664488331153,-0.9578633452774857,-4.208300676640194,3.0577144433102688,-0.4974400439322726,-0.5619979669176918,0
1.565423744159333,-0.8078781666150006,-0.41372532258962474,0.681188307426202,0.5438158475517247,-2.5719935786166013,-5.125869976169951,2.1682821006474313,-1.0808473215918213,-3.53424418599878,0
2.058866819591664,0.8209775618249165,-1.8957461434125769,0.7646870466658469,0.014667372685599258,1.6264906752561759,4.448710625626652,-2.72971597032904,1.8099488534163939,-0.4394548234962952,1
0.34145995752061975,2.545035523403604,1.5082349315811752,1.9106129864599521,-0.24760714791784602,1.1946581347219944,-0.2555297939060374,0.3165009510105561,-0.06503634234089306,0.06421991048229532,1
1.2912906441533594,0.6104853015107121,0.3212499236908218,-1.040918388990291,-0.7378983351183096,-1.371005915377835,-2.1207791391976434,0.5324991810971546,-0.9374054440807809,-2.087245147719124,0
0.2854454976194374,-1.2990294830521263,-1.749326282829664,0.4013310881220502,1.2549657286283131,0.6633846125819993,0.0009003473110831174,2.005389728897149,1.8036739898375926,2.832047940690955,1
-0.5527839007569038,0.23207619650262493,-0.4167152562281471,-0.6619255714748675,0.2213048939765561,-1.6364396721034074,-1.748330292887893,1.9987884551518746,0.91797622899892,1.0033927358679944,0
3.7212290534529795,1.6584359070094898,1.048092728848176,0.8927136481065303,0.16838302778308764,-1.2597454717990255,-0.4317160182501784,1.0857626981854034,2.770707914525171,-1.5026893555438585,0
2.0562677147460997,-0.3948939793937619,0.013395129720671672,-1.94315888969291,-0.14057444122984536,-1.3054681744078127,1.7064467150141605,-2.066895351475038,0.5386882965926372,-2.4764318729833734,0
-0.2335462874923766,-1.2334839099201262,0.45844040185329793,-0.02234125944764065,0.7723360402943095,-1.9035714978036946,0.8683945565521085,-1.593428600614307,0.6944052650780954,-2.1437397160803626,0
1.1217557434318997,0.8559364587000746,-0.5338772156735258,-3.171135713421168,-0.5924588757834237,1.0637676709686414,0.5969534732832527,-0.8062003138726481,-1.8599843341874869,0.0970148036504414,0
-0.788633002168921,0.3981787880153095,-2.0642622724454216,-1.0675117846551498,-1.0361717215877837,-1.2893233333403533,-0.7368710983351046,1.6019142261791486,1.199312344296261,1.7083201269838193,1
0.629426080121116,0.4507156200324405,0.9597296602772671,1.3853733186977486,-0.43395549707247744,1.2051000098846003,-0.04120698717976937,0.04743027833502089,-0.2344213487776292,-0.12911069851854307,1
-0.23329207081219172,-0.28196448842920624,0.10732488313411907,2.639469893836445,-0.33247325251159277,-0.6564163052130209,-5.120176937686784,3.3069215097380997,-1.0126278473609278,-0.7224989680223453,0
0.7122931886254646,0.7974841151321669,0.013978623619684896,-3.275999668832399,1.2498965025459858,0.2824736023140417,1.167389907526764,-1.4530190186638587,-1.431393761076008,-0.402463763919007,0
0.8420905437589692,-0.1317048459346119,0.10543390613686206,1.1840972666432608,0.5852508255422673,0.2443640886281533,-0.21917197035645947,1.4443853113830323,1.701993531820806,1.198413742248265,0
0.3996737753281938,0.4234158554251784,0.9436687296069644,-0.0053766032545801146,-0.28375176282171016,0.6499423859276816,0.017632619906375192,0.24692879975755122,-0.11618331230311685,0.4358284223118104,1
1.7635901820004656,1.7590046180128887,-0.6039225937437165,2.056661403117306,-0.3348507296111789,-1.3749416102240586,-0.15546043165984383,-0.14489958187874108,1.870050457854847,-2.3359380631927245,0
1.018023979433556,0.3427840438239591,-1.1284187576530538,-0.6171471287271323,1.4162033220839674,0.3264523830102022,-0.18021691139938723,0.510812229716097,0.0896428674808053,0.3373516484433058,1
1.2209201879861362,1.2565166360057005,0.6844227200437256,1.335421547314235,0.6601315794508399,0.8603027582766519,-0.09400580819045579,0.835100952671231,0.8988701124689928,0.491056101889613,1
-0.0007253187273870143,0.32000702692797417,0.9968162895388207,3.9758686072391245,0.0001146437703595783,2.7233699180224153,-2.7042225376445166,1.3988589866753753,-2.195314535454421,-0.2835939690954694,1
-2.9667948386485374,1.1051109038041915,0.5270516892626117,-0.9223370967919777,0.3636426845226114,-2.0983870330948498,-1.5867551924047332,1.0661039855451973,-0.18130363399599125,0.9311859302718802,1
1.5160873048782517,-0.23103693566139877,0.9240979409662279,1.375619441870787,1.502697866344197,1.844719395509138,0.8571758937963919,-0.3582774698423544,0.09948271193229818,-0.07805295978120129,1
-1.8891666920505923,-0.25097144402999827,-1.2986433949888831,0.8000799174380016,-0.17910355363265076,-1.1852828697386149,-1.1864171855668508,-0.12832431323386762,-0.7522632123218509,-0.9772207069812199,0
2.854583305586195,-0.7208662498331265,0.8018504822507189,0.8094497214140348,-1.0019998181759349,-2.4784386498806388,-5.8508787441393535,2.632328802878315,-1.1498163402669117,-4.166453513793147,0
-1.8607299711499188,-0.8043743958018357,1.7290472561926302,-0.8248375429558449,1.5719679853876172,-2.857954248831891,-1.146423009849419,0.19106174732874548,0.27431622127211375,-0.8065085793095379,1
-0.14017935610610932,0.21352592592847303,0.6492544997712605,-1.5911620904800812,-0.04731389199931435,-0.49359070495538127,1.2068497780662732,-0.12633654214248646,0.9941946709709977,1.151286056929506,1
-0.80775348854488,-0.2671293106425735,-0.19950520536929126,-0.4653157324510273,-1.8533495120693815,-1.8497642002774024,-0.49496188551400183,1.431635456886091,1.9355225757798702,1.3012546737509691,1
2.668403025076132,-1.0814078479612759,0.32402343422206537,2.456485738027494,0.6353518112991401,-1.680449525957467,-1.7439346279285173,0.9717077090137918,1.7985625128109952,-2.8620841088791513,0
-3.1471365542254746,0.640826684094971,-0.10810134206353603,-0.1963049239316832,2.2867976224938507,-1.7692188394003308,-1.2090368925102866,2.3862288976829373,1.6028533156535465,3.1486118562778826,1
-0.7475251233655114,0.9456606628205836,-0.12100720324288335,0.42908438082582534,-0.3821578620523226,0.718451621670625,0.20723757064255324,-0.4339999831249478,-0.7636120084623117,0.1490000123417029,1
-1.6113450819008581,2.6251394165986133,0.6639641904247354,0.3967909585408005,-0.848314387102404,-0.4128627365716706,-0.6776322321425272,0.6245392999186221,-0.04874877879805939,0.8103756979862432,1
0.2079069984617049,0.1263110138013661,-0.1332975669939288,3.2310241294439943,-0.31064688184828193,1.6478721747542422,-0.3282048471220242,0.04884012362267498,-0.3048432802451304,-0.4502480839690558,1
3.3548979994812256,0.5923407698213905,-0.7777821637043991,1.309037034422503,-2.7634441636088,0.8915734413894623,-3.9001485555985727,5.662714309870112,2.0195442923188676,2.8233971738471375,0
1.096257262395879,0.1937518326758752,-1.392446526503188,-1.2456067158082087,1.6074193470813503,-1.7624790022049983,-1.256063072086662,0.6675963914483214,0.3620698733190665,-1.155092198204232,0
0.14906592360597437,0.33040111100578506,-0.03741064817386257,0.9042385965230422,-1.0141980701800475,0.28760521096284186,-1.2701095321864682,1.2986413752603356,0.05065978917437053,0.5109797387432615,1
2.455944837336262,0.5448183424396977,-1.4946772909676016,-4.1581841196679115,1.2068828909268574,1.0395513075907106,4.515001737330162,-0.86248699330015,2.527377021924592,3.0299091753988905,1
-0.615897747732669,-0.5062866317860745,0.6226023381728207,-0.8641057240533088,1.2458590811883452,-0.8500609890084232,-0.5766769677723395,1.7449442406744171,1.3197180270171602,2.0960331748221437,1
-1.0825883058950945,-0.5249963268482449,-1.6216014229044902,-1.0159059774577681,0.24384367249350644,-1.2034948994467956,-1.1239798614352872,1.239967216885917,0.2674481865337157,1.035007458181428,0
-0.4835270840122423,-1.4436185572670992,0.7783255241455084,-0.27337568853082095,0.03760944630373803,-0.6698338026491721,0.24928925434376625,0.17394820287098933,0.7501577018583306,0.4903669078405282,1
0.10869250830386479,-0.4793337774953818,-0.987702687655587,0.09030292780951821,-4.019121156763875,-1.6810954184558236,-2.875616651131255,1.3543697779319883,-0.573728438307203,-1.4294331673763954,0
-2.237214194250516,0.23095745105544835,0.21439164828688503,-2.7392237578230296,0.8443495872916004,-1.7047266439258895,0.09232996333787634,1.363773256241968,1.2518797770399703,3.0847750285817144,1
1.0887383832200366,0.5899172328436647,-0.1106491484308348,0.2519710284599527,1.3160913602427415,0.8710292760614035,2.8931894227607415,-1.6174865383372943,1.3304397928517844,0.04353049217692721,1
-1.353854063148618,-0.7477830397187013,-1.0837664368374886,-0.8967716997770432,-1.8559847476631552,-0.404691071087375,-0.5556924378091931,0.8590313845860009,-0.09163928480114336,1.4485338208604372,1
0.3088811677733033,2.2245343387712104,0.08979608698994405,-4.4798556033658,0.26366934468270115,0.7193290997722732,3.1140481867992773,-3.251155372072727,-1.9363287062682817,-0.5032625346288034,0
-0.7719025956572998,-1.1052340683795763,0.858860697014663,1.3016339231831098,0.21190033541756872,-1.4706905414115201,-2.1139268031567617,1.6273713900254427,0.6679830915154288,-0.15625328670668337,1
0.36444714468095796,0.6372180913553204,0.8119838526340167,2.9975338261859115,1.9914127606138468,-0.15828907407007908,-4.892726058134782,3.9340550005554853,-0.20014470756588998,0.17064508274492105,0
-0.9748445376761252,-0.16362745408401935,-0.34996441550588114,-2.0770957797214393,0.26154229042581373,-0.7525695993540218,-0.8313555244277419,0.7477867986048805,-0.6127110340080213,1.0141114512090328,0
-1.0730035207513708,-0.2770011830038617,0.15233515982726717,-1.5638941610298103,0.09825901506819355,0.3133141170361189,5.300195199197588,-3.8253692406229396,1.029953683985894,0.39537364365134764,0
2.018682935751591,-0.11782971759325418,-0.4485906214500624,3.28995648367683,-0.8644916117566375,-2.2378135534391985,-0.6065558176866362,-0.7813512408385255,1.852946955730156,-4.429351648819585,0
4.937405666259569,1.0461131058475746,1.88811087881252,2.030505162807871,2.008141936137437,-1.8881053952888136,-9.082783137713582,4.1650133489123,-2.757035352646095,-5.978692589591497,0
-1.052920350441674,-1.6771488774994348,-1.0192841150098697,0.37803678546781017,0.5640910993814007,-2.8007325020287546,-1.8429159246672873,0.9417562138407225,0.8486698766583856,-1.0614719379601811,1
2.4412391912879388,0.9603501523569682,0.4960210635212485,-7.098849375464233e-05,-0.2646116022346786,-1.2902305930257372,-1.1602802783490402,1.276004763965725,1.5273710953427015,-1.0176953583125679,0
0.7465533236785797,-0.5753908793371463,-0.6803345111790656,-1.530416936880886,-0.18234036328361974,-0.6235530910898668,4.009856922733657,-2.182702913190612,2.3932334503579646,0.22922569612406898,1
-0.28643309043181686,0.3094599960034553,1.1213940199703027,0.569672529286625,0.6964764641679814,0.031177719476229937,0.3873412769315024,-0.2673990656694497,0.28683227759163576,-0.020536148471939956,1
-0.32649239862977586,-0.5836394264251722,-0.39448600958242896,-0.6739395764823326,-1.3140166635802102,-0.07128045695550855,1.138629188111479,-0.10783701089475084,0.9175989529067079,1.15609388056141,0
-1.3425897074332283,-0.03964207789491337,-1.3689405567031943,3.118951217942519,0.31812686237369603,-0.8306130450634239,-2.321920069575075,0.7478657319210085,-0.4184624974683919,-1.4699588965330772,0
3.0024441778029423,-0.7934614696311579,0.7773564295851175,2.1136354874358116,-1.0969856920886976,-0.830752935130774,-5.486699714606588,2.2601936485900955,-1.8279448877214466,-4.073181729656326,0
1.0765406214445068,0.07336098816887582,-0.7125546539848696,-0.6087652126222132,-1.1532776534114078,-1.1162875170776967,1.6068941853549321,-0.8333897795930447,1.8301786832587008,-0.6111886922274464,0
1.6700493287292486,-0.8724171526193806,-1.344319297606588,0.15124221768283896,-0.2532212766165934,-1.008606908283797,-0.9750222424673226,1.3009955798673352,1.43162780378087,-0.35075654168570664,0
0.4999816678450596,0.3626279925145258,1.293426818020839,1.8709447346705934,-1.2689930591075735,0.20924479793824846,1.7407858837512349,-0.9334606918355792,1.6776503934368654,-0.41305766773130315,1
0.22374305355139135,1.7963707747586768,-2.5820591707634684,2.117282386304974,0.2145789262421487,1.3074373200501677,-0.630008189353454,0.3405371609562122,-0.5033076252511701,-0.17680225212337328,1
0.0548918206079273,-0.2531215762858126,-0.979022129575797,2.474043937852097,0.7613423567935124,2.4037584470243174,1.7913353431022065,-1.9295783183084145,-0.8124211416213223,-0.755282604919816,1
-1.9594165164628132,1.1451880569815647,1.1627853918188706,-2.365213031532871,0.0037324092913725926,-2.4843810936466353,-1.0350653357268074,1.0153121428686325,0.38457674368693384,1.0421583899929074,1
0.891656371424994,0.4195653159883031,-0.5867888074710782,2.2138314839900257,-0.7976653690474433,2.242936981798506,1.7500875910648128,-1.3134827370734357,-0.0016673480199047575,-0.3558757646174411,1
-1.5901615959314137,-1.4804439250227162,-1.0838621380563884,-0.040622440001117366,-0.2746467915329495,-2.048555935425596,-3.104923135769226,1.816035873374149,-0.5285632152221544,-0.2541996067326316,1
2.071578552193186,-1.409946401889573,-1.6967359427510438,-1.0490277536386192,-1.4424079802360232,0.04860086016318266,-3.514536645403809,2.4683299526677653,-1.4008147619397513,-0.40073905214736005,0
-0.28947422171835124,0.407456296175835,-0.19252023107088947,-0.672023881963663,-0.882059272039484,-0.4914851246723968,-0.8712944026338213,0.9823918415370281,0.07180379656829672,0.7129584647996889,0
0.971917846510905,0.38254082049506766,1.0077630756515632,-0.11893801597274001,-0.6249099624230801,-0.02341802883782773,0.33743571914823695,1.1273262499543635,1.756148928890119,1.3989654993011562,0
0.3237499726338503,-0.3057369316307639,0.3302480893350243,1.3714283099969002,0.9822575212039218,1.454021236361027,1.6393033687440692,-1.4737090565495778,-0.15231140435402435,-0.5104321019295307,1
0.30837644386339114,-1.1353992851868588,-0.26819763059141155,-2.712617815252531,1.627385914591245,-0.04159131996240517,1.5157665082417262,-0.49955330682616905,0.31254630990983856,1.154747562132554,1
2.1842559424866037,-1.1572673103742563,0.2985247053435757,0.21283673432671857,2.0318814020301676,-0.3914279099056739,-1.4787538242204632,0.7265892169311313,-0.05737048197059613,-1.6066447273999271,0
1.4019381165262923,0.3907213759231011,0.034862176111455326,0.8500187580469991,0.15643586735931037,0.5180183942619646,2.7768711274282674,-1.3779358056625153,2.003732449159857,-0.18506273662626258,1
2.361740705483024,-0.5054200350549426,0.3019073715335394,3.253815924250384,-0.3256632213160001,-0.49808192344556745,-3.394500150931983,2.8682505860736143,1.222184671575972,-1.2149188478598023,0
1.452914736078297,0.3559512148443263,2.289746384473335,0.7195586810180807,-0.1497862171201022,-0.0074598723280865364,1.2003211064926422,-1.3299956363076437,0.6046413840466494,-1.7185574010339681,0
0.10984325179863097,-1.2889575344959205,0.4643035854826244,-1.073852535382357,0.7543503330210294,-1.9918130423733533,-1.2725692811901212,2.6832544153948215,2.439081092493212,1.996079408342192,1
0.7671752800675082,-1.9636701238610712,-0.6724081857942658,-0.8507875089200412,-0.05685659986476705,0.5911008622079321,0.2466509524370448,1.925256826229436,1.7035537655753537,2.9826375321880634,0
2.9958268937268575,0.3815515758892609,0.07796847219394218,1.5910197057349396,0.20273168823968934,-0.9824844044904514,-2.2264447138663996,2.344661340280854,1.9071099749301585,-1.019303518927595,0
3.9894107816686564,-0.25727489014295285,1.057763695670583,-0.4135628461047741,-1.4727608328976456,-0.8071257323165886,-2.8680230292363076,0.28468183902609423,-1.6066717591051307,-4.368781566839097,0
3.2598057016122812,2.0187249129722367,-0.7001329529499091,0.04326336975489231,0.3222408808824085,-1.7405950274610307,-0.4620771191501806,0.4132159819522737,1.9732843462441365,-2.2218541189196546,0
2.066061393853198,0.47517515689408685,0.7903916101860035,1.4769215123248087,0.1818629132550231,-0.6999445526620336,-5.109825205286912,4.636412154651131,0.5169529333285319,0.2604115780693899,0
-0.3172036724686885,-0.46289444885602127,-0.8360494010989112,-0.8694061139491632,-1.4935785651259672,0.2953454158808788,0.622387880441293,0.6697367540278094,0.790627334336994,1.9876183836923287,1
2.136284160441146,1.4698533885675769,-1.317601438487428,-0.9291481778749634,-0.1888923762694141,-1.2722685382869217,-2.990848285954322,1.3088168772540043,-0.9619440696057443,-2.181403881412371,0
2.310607099531741,0.7396229667440826,-0.0948269890469991,-0.6416305664472377,1.9440486756879016,0.04137058325481091,3.6840779734054436,-1.4440110948321692,2.9868337733339976,0.24055621112518472,1
0.06669232524356028,0.3563258295730599,1.9429614348444821,2.2065841950305263,0.7836198305408291,0.025237736678594302,-3.8451969423828833,3.4456646672691726,-0.008091661880602397,0.8397909420486943,0
0.42614008212602983,0.3056502529768904,0.7042530950209204,1.299914986934307,0.30985994436768094,-2.2239511792949305,-3.097546070930966,0.8059879943956374,-0.4697647612598215,-3.0882246765980694,0
-1.5537361343248577,0.7696302903444611,0.251069560976945,-2.7314078116126748,-0.8053575966500807,-1.6736891150075215,0.46337445428468993,2.1880492910009144,2.6711127651992923,4.226797385487067,1
1.0083934282127327,-0.024023127365470052,-2.032973548237199,0.831757415798001,1.3898682046779944,0.3420623898252577,-0.5503164524758648,0.6161562448136655,0.29907223058002264,-0.19941525179286418,1
3.47922093701804,-0.5862022186072832,0.2774979724338658,0.033300204907629194,1.1152504932817804,-1.3259959700995332,-0.2074947744496514,0.9053815150084769,2.5141113457595026,-1.2439822721228742,0
2.1910830144046223,0.506379498694662,0.1828039641701267,-0.9269220494119332,-0.778582645746157,-0.5387013525711739,0.2780755928275291,1.2386226611545608,2.1723652774897406,0.8754630348882385,0
0.7754492731185818,-1.4794533330897426,-0.8068119536816358,-2.359516998466568,0.42306344112465016,-0.32594547563515053,-0.7997273338276898,-1.6788987100365556,-3.108560083636158,-2.9694949943801476,0
-1.2757983978810985,-1.4805787733610272,-0.8598194543323827,-1.5763650771280053,0.6147530741053199,-0.9422513381609428,0.5807589244154852,1.4837666014450093,2.023218977223366,3.2236978487244636,1
-0.42288818818237606,1.7324850076956253,-0.6953774654837629,0.7410899010684233,0.9154535210773648,-1.2919924110778904,-0.8208807279315993,-0.03150390143641557,0.16630015404003284,-1.289911115738576,0
3.749315853710185,0.5397664303241543,-1.4525254463122808,1.054360366762994,-0.8071774512125034,1.4569131235341821,6.925649158328173,-3.3289497642357384,4.6501371821666115,-0.0965656607101518,1
2.1877728299446892,-3.299410445554966,-2.0343390357733857,3.243815501103964,-1.1961266586802455,3.032896736141177,2.9417975160085765,-2.227291443716812,0.5098151821372416,-1.1634363427024048,1
4.381556882815464,0.2734077897503936,-0.7634876247136259,2.3329220766681713,-1.7330137884913392,-1.133002736593694,1.479239820972679,-0.24003620764092304,4.174998432896759,-2.319041317156125,0
0.6256531748508969,0.9408692382732966,1.9049998404102473,0.8173245942690559,-0.5582369335841517,0.15162480601323403,-0.05310466045774674,0.5505998152316842,0.8469433878971763,0.2615149664761846,1
0.29792267775617387,-2.3912418679213387,1.698553206067221,0.31943148759425743,0.4173034615036174,-0.34532937499054994,1.4505292033575052,-0.5952853846528743,1.4868316966320247,0.06593135602534635,1
1.6223054381184103,0.032108245831276166,1.0804390648354485,-0.6010957206085012,0.09577141565544345,-2.438782813877915,-3.8900674925644307,2.229336000430994,-0.16519205247686486,-2.0082255181343904,0
0.15867449537569933,-1.0862916569979282,-0.09450654226908063,-1.105980022219105,0.32176355946390134,-2.087039137220594,-0.8837996837723113,-0.12760929114458364,0.0372694396192208,-1.6379996938563217,0
-0.5003157307937871,0.6122418014477762,-0.9111795851435988,1.6403489587864333,-0.9158118041755245,-0.6308446626710049,-2.15980487859424,1.4187509345734306,-0.0372816439219299,-0.3540269179329739,0
2.1392264774856224,1.0869379000326989,-1.3487177217748425,-1.7789079589303443,-1.0851790521321152,-0.6494952861146674,-2.962624120473768,0.5878668838288919,-2.455989923184495,-2.681713755034783,0
1.3894435663572806,1.7053290328976094,0.8449059226217087,1.1035034793155685,0.8792965256794323,1.317039428252005,2.1451624649498977,-1.0701889554289568,1.0965831809315605,-0.030023506092957234,1
1.7988751244906203,-0.30440094011850105,1.2870681783811726,-1.4504568837158294,0.8356572511822711,0.5983825742102342,0.32780303431536795,-1.0011870994990821,-1.227468640938293,-1.3893405111020354,0
1.1439399599106683,0.7361223323766257,-1.9898377931261881,-1.6636272707505038,1.2946499243206915,0.389952471602409,1.8325447121836431,-0.776764496272158,0.6501002582224633,0.5410649437368401,1
1.7009106344848126,-0.5717468894180819,0.1285589213693865,1.4362031850893313,-0.28737163969779744,0.9595972774751726,-1.2471760837702897,1.2848606837161336,0.12186577567996082,-0.1201626073086689,0
0.9054857647066554,2.169770748750665,0.3141158493773917,0.9997345008417688,1.1424495630017617,1.2073766720760633,3.8841282449965853,-2.4733782517229717,1.5600192786849503,-0.23510810476391697,1
2.870459952572638,-0.05578622690702294,1.4601059062478023,2.2142819453677314,-0.737015875785262,0.7535911762002914,-0.2162131781925448,0.18947278952179758,0.8795975140436512,-1.6169482783152438,0
-0.4776190746198976,-0.4503654144104354,-0.7351735618733791,-2.4257509486275635,-0.15520391286675808,-0.7687811988888164,-1.8861532453343772,2.0546833245050697,-0.464351352139565,1.7413151820123536,0
-0.018148483182837682,-1.425793870746916,-2.116981760848309,-1.464775455288501,0.30174768174155014,-1.1928714474604665,0.40810707289693227,1.067414733550423,1.9152490350844786,1.723237031109434,1
2.067234565088714,0.564301351141907,1.7517962170705998,1.4081484020910093,0.8226153699736483,2.3302077515234303,3.2905880668696468,-2.22886787466432,0.7214288300751802,-0.6281715032159412,1
0.4114653652990701,-2.2163489560259397,1.63364099040358,0.21344272749645143,1.0133771216457046,-0.4575008910424567,-0.6947874004155483,-0.058221378336555496,-0.33940412910483964,-1.1474930803341863,0
2.0541318296703337,0.13289998652542262,0.5881732469452824,-0.12596870227264456,0.102208999741308,-1.2556787191525436,-4.965517175722664,2.3571690516716397,-1.866728409213262,-2.611065554110246,0
0.9758208467965328,-0.289944066366679,-1.0412051371272881,-0.6309848779890082,1.9156420206593923,0.23579530768425183,-0.2925723236499611,2.007494730166568,1.5667947210622803,2.3115363523131447,0
2.3153797569966645,0.1565737489967365,0.877631471260267,2.798542238993355,0.8164903425759307,2.659904675393248,1.6829132948917385,-0.7790201559441248,0.7149219160691955,-0.3590819657557707,1
1.5724200835468238,2.199188037889086,0.863356514604708,-1.8532948600734902,-1.7315569899670584,-2.2111683874420685,-5.379982071683649,2.234217442715339,-2.5101673151647326,-2.8685640538318777,0
0.6260336997952515,0.274003902442758,0.729832112840642,3.4016464310695658,-0.7618042487351302,-0.7423154764660087,-4.630691055315621,3.0833361207664267,-0.13740234272017116,-1.2681808871836928,0
1.8818903380037817,0.9443368547967097,0.1565915053864577,-0.6349837783656687,1.9749868235409183,-1.2256454291935723,-4.717508533561886,3.0576781541799307,-1.1074143868604562,-1.1871134176141822,0
-0.9339713955204658,1.7572742170721443,-0.816042000988651,1.3221627468083745,-0.27127131945695626,-0.6562589140985308,-3.162948919819718,2.099623722302937,-0.6786632211385832,0.002939065078245744,0
1.452896768900897,-0.007815917090578843,-1.1998061740488901,3.3612668032532573,-1.7850694591464658,0.2249783521668134,-4.188296846578941,3.8192891102021385,0.5902993396695522,0.15107215003744903,1
-0.20203173830982468,-0.2320626885980007,0.810893025754504,-2.459873818331725,0.9379953450911961,-0.2384090104735711,0.5542856655943782,-0.12486690940222167,-0.277462448680622,0.9415055407661859,0
1.946176104381261,-1.7797405111628606,0.6204598024623365,0.8839160627057394,-0.1828025517326632,-0.5316565844925081,-2.63713398427914,1.5484596739476797,-0.23197085412732077,-1.5893653984033456,0
-0.19232791104566327,0.011286223160318652,0.0317487576237926,2.8256687581765165,-0.5166771070339689,0.43639497160444907,-3.042088090088449,2.933736059796688,0.24243650920472515,0.9784909229910026,0
-0.7953147484876484,0.7411200128832625,0.6351270937507677,-0.9304542725119767,0.3103284759617465,1.1385641323849756,1.8660091786083337,0.8162230856405219,1.603276446602056,3.8987036587842145,0
-0.6169533850955675,0.29407296281894457,-0.0666113560055051,2.129971803936749,-1.2525161922076724,0.6969700670450587,-1.2723411181358548,0.714289603914946,-0.5873318017460984,-0.059020058705435356,1
-0.1969392164829511,0.5285450937889634,-1.518523795229399,-1.1668311936771667,-0.015510369813372431,-0.7192406754959791,-1.0538027251798698,0.6265756222191095,-0.4985720498313554,0.0396249529624213,0
0.7496780045772979,-1.0499106120188058,0.288805553332357,0.7926643332541707,0.5301512631836031,-1.273542795059879,-3.640420639926494,2.271446633860111,-0.390288004265148,-1.1518206669146684,0
-2.7425814476379706,0.783275553112538,-0.24315444871494035,-0.9257380833762379,-0.2045818112704244,-3.317966941868908,-2.540098038949534,1.377168409613795,0.009996200787931953,-0.10252697756811369,1
0.06878018706385525,-0.1791091508538055,-0.095408181766648,-0.40896505299280084,0.5098759829067596,-0.6358012341767683,5.081631933170452,-3.062551123555874,2.9731222048799553,-0.006208957437990811,0
-1.793404753768133,-0.4175473072659852,0.6461860121365275,-3.5932447861599823,0.8580582255459638,-0.23516960951515864,-1.799528534931002,1.5810756927851493,-1.9942498409179439,2.3445984649443368,0
-1.382908860148306,-1.3327707749297721,1.4286517806288948,-1.7843387408565596,3.37663390862728,0.0722152097076334,1.0130560803340007,-0.2991972371704317,-0.1899610515917043,1.65559333203691,1
1.053664323417115,0.6969971029231489,0.43379340501900926,3.1942947621814066,-1.5077964445891907,0.19039203093691337,-3.838343297336286,3.717481219723529,0.7556176087499284,0.5455609672372281,0
0.6920879067250398,-0.8021954554031063,0.9769099334165062,-1.7603745867238536,0.21065569003151208,-0.8694160792355569,-0.21146176510068979,2.1394138920415164,2.1342630192282446,2.528672026121557,1
1.7592980703573171,2.9359748746381094,1.273340552051642,-0.15085608170310771,-0.029969424069509792,0.09279873120941862,2.0694864821318966,-0.4447376227043143,2.1917133531213624,0.3896290820213722,1
1.2057613967914813,1.0820841971530328,0.13398422394332238,0.20739615535885136,-0.1443119324167644,1.760111922589013,2.617590012417529,-1.7422613477369753,0.23447535440140832,-0.042492854508027526,1
3.2241809131594046,-0.9365367870263103,0.1102446321191789,1.0076621173550204,-1.3819773746726571,1.1389033469581022,2.634466765274754,-0.7563193586377273,2.5075195774733468,-0.1378997708634121,1
-0.3804533275505939,0.4885221794282672,-0.23819804026761085,-3.7815831193624447,0.15631269781593382,0.3626512322946236,4.667635211501368,-2.9445201476624745,0.5228282681969634,1.3062683093249967,0
2.5227840711379255,-0.3556773472480454,-0.21570397772861039,1.5058531072494805,1.950914171273827,2.4344768018949114,6.215204412120305,-4.137832651496479,2.1511955719609586,-0.9307125968839851,1
1.356979961872178,0.775881094081244,0.0871360855498081,0.35691535079050485,1.223610737986763,1.16996348453899,3.433612562164688,-2.0362556301160697,1.3930942944756233,-0.10054688687948558,1
-2.356516663892859,0.159836176173211,0.3052446480541334,-3.001973948075995,0.2631909745697459,-2.1082064653294696,-0.3169218812110569,2.3050514318164135,1.935604495682199,3.9934109115919667,1
2.4618021109269006,0.5162858974073742,1.574491300465195,-1.6942636364203083,1.4613719875076132,-1.1323590719994552,-3.401483244541019,0.5286946409627972,-2.5532320801083435,-3.5388375869053577,0
1.0914117437983166,0.9130359846462619,0.3854101769320479,-0.5643597348569345,-0.21309040193366116,-0.5764578937834866,2.605187646267877,-0.9812465880689746,2.4368150963018835,0.2699833814327754,1
1.5149348844426909,0.2912191217622159,0.7725418190513192,-0.5050287952339914,0.37526944904329784,-0.3114947067690902,-0.36550101774245863,1.5597111066879048,1.5987523459893849,1.08708984492643,0
0.49542640977060803,-0.6674296206734219,-0.36565146884881455,-3.478088614756621,0.29574778647011774,-1.1293041090676967,-1.5965418950863615,0.35299930703821136,-1.7936336873237875,-0.7511203387263782,0
2.02531236549296,0.3109404457666454,-0.4298727342120928,0.20202652672524568,-1.1002517228009645,-2.369120030500758,-8.403288299382236,5.243721913678881,-1.860160323025501,-2.1485841534123047,0
0.7794928692714818,-1.0941353992037057,-0.22431846489054252,-0.09358114868533174,-0.8183524620850697,0.6416094479172566,2.089988199143676,-1.3701249438331677,0.6387144762301933,-0.1705591652032733,1
-1.6551662341485398,2.172438621558828,-0.7112168334479686,-1.9432154633168182,2.4357318594418893,-0.2897420717953395,0.7350792836368203,0.6350256417624365,0.6085223908730772,2.737846089230727,1
-0.9185077041392723,-0.2745094076227692,0.05167018890043356,-1.6611621859207752,0.9921270387570604,0.8246348106300767,1.4363596968127346,-0.24113893911282513,-0.051557119540440066,2.1625335463433606,1
1.2744399357693343,-0.09989757926648388,1.08504181797306,0.02008562537313896,1.233242982485753,-0.10518257576892243,-1.0331400861305782,-0.01561167882233061,-0.8148262479058948,-1.6209367393193934,0
2.7827790836422484,-1.5680607594522489,-0.7602045787553829,0.5139246749244353,-0.11516540618663129,0.39417534121271336,0.9967518200738597,1.5803036847531013,3.3270768546030225,1.713279112777417,0
0.8360971358802389,0.3022240447578436,0.05474395453837187,1.684903596208328,-0.6019941468839443,2.716997392593515,3.3272380959756376,-2.9655055594215955,-0.4738633586646994,-0.9093032607453208,1
0.35024832278321216,1.9849209941538246,-0.9821138759143679,0.9314330488320484,-1.5630189012964497,-0.25957181042331157,-2.1381345221347052,2.230383328687823,0.48899453308524077,0.7068571108095646,1
1.9713168626164927,-0.7955126936948659,-1.322796752239192,-1.5801892726508582,1.4986923173282682,-1.0784733944873426,4.506229578605877,-1.492006034921148,4.284065101526585,0.8308183227088654,1
-1.4388077338749872,-0.399564369060038,1.1510868603120104,-1.5753042356516547,0.2933430900455739,-0.36783082201780815,0.7540530784433741,0.8482529125104221,1.0966137962854832,2.8156913795870393,1
0.17635827572943819,0.6162438096985431,-0.6115805703465956,-0.47357641263366834,-0.8873987088908116,-1.2899540803735392,0.6362508361771781,0.4585951334712173,2.029771263094239,0.6825294159808407,1
-1.562026799807241,1.126909684703219,0.67707208884533,-3.0347768245834565,-0.015687459758462027,-0.17666623515003244,3.992867076757552,-1.3440855490828145,1.8143957473055923,3.1201487321607204,1
-1.1846755444072103,1.1760176917840621,-0.23880188735057656,3.746256819742474,-0.8786526806291152,-0.7638974938991236,-4.838223532465421,2.6323849561113857,-1.1216632943888176,-1.2643589225432659,0
1.4815839279973895,0.866320364823763,-0.15649639057169043,-0.2581362743017179,0.8890417717343652,0.20498535914619997,4.526083368743206,-2.118614292154978,3.076899572893761,0.42875778647503504,1
1.54628622719327,0.2512094484418934,-1.3363713032768696,2.4497807638676425,-1.5086637698222398,1.1590415395329448,0.2018313302221518,2.0618852614177228,2.77724031192818,2.139632272295954,0
2.670356805342193,0.3717821000782752,-0.16363299564993505,1.6539857189136105,0.45686325636846165,-0.10359654177527211,-3.1216302642725515,1.0878310502537791,-1.1282921961085897,-3.0367342820155545,0
0.7306518272772244,-1.0531385098995758,0.0792769154367707,1.1351649211116834,2.259283720273219,1.3082036267456463,1.4137589293286978,-1.0516131610852957,0.1436314183013383,-0.32661239488530047,1
1.941247693001772,0.029211015710739783,0.3344932083453429,3.93995443227794,-1.2486863901571623,-0.5009903536426619,-2.2824747001613863,2.1914022273017455,1.9504435610817863,-1.1464321074558046,0
0.3740983383047408,-0.6418457827653071,0.9939720640754781,2.587799653353434,0.6576336910076903,-1.0834496594138594,-1.5094647106048584,0.7200573277055934,0.874197679915903,-1.6314288553041632,0
-0.4955550400522235,0.46726417503386314,1.6352986013166044,2.9671049227666177,-0.6939419888127902,-1.95990082033294,-4.086096032119118,1.2391707560616791,-0.9446036522412407,-3.2020477468292095,0
-2.150172821118351,-0.35204535537168397,-0.9103623274331721,0.1331074630746274,-0.7102805552766089,-1.3359995436363237,-0.184400676946805,0.3074745286842886,0.6502215527995465,0.7482833100073889,1
3.008423010788945,-0.9067927155209334,0.26294077876109573,0.3131418910488283,-0.9488789445761757,1.0944923164876639,6.990784509420161,-3.5040279034341015,4.364925371605582,0.1251030628085529,1
1.383689822532999,0.2610399825869071,0.37296933720957415,-0.0679199065820626,-0.9970911242653454,-2.5509754210925433,-1.5332880248794478,-0.01826105321954108,0.42415604720054145,-3.1351611131425594,0
1.8192020093574435,-0.8018560945434515,0.5430383607482107,-2.7059831577026063,-0.0758367202452196,-0.2108692781414827,-2.0365173199819058,0.493258145664492,-2.2398258374286746,-1.4159230173587776,0
1.0732335363889853,1.0799328830008623,-1.1753476361514408,1.4189752687046138,0.32568923091146523,-0.24027354129897827,-1.6167246977779706,1.0549432489363586,0.20094307640381948,-0.9543230684138497,1
1.7237391945061729,-1.0137331535651615,-0.2776701970863062,0.80648673522625,0.8261618320092936,1.2062582447855374,2.822826993139991,-1.3827481558020707,1.5978611862376852,-0.010089034520301233,1
0.9983786581667249,1.0213997688818381,-1.1766874215550533,0.9344988274556073,0.2831494955184188,1.5637413755555862,2.1843928205547933,-1.107855016335439,0.7647065639562256,0.29681437661343135,1
0.041706828926610706,-0.6906878558432369,0.4141154672917551,-1.7987689359522894,-0.8815874130137338,-3.1410533983388778,-1.8554139886175418,2.8199754854404753,2.485085692220621,1.4061229345690405,1
-1.1111666095585697,0.2870308590264553,-0.36725254626764503,0.27185255024716537,-0.4012904359713322,-2.688361821867691,-3.1502663322570013,3.0023512509713832,1.3547561053150985,0.7671053555065401,1
-0.0020301416966914676,-0.18424597885404745,1.2060858873997573,0.5296518375946998,0.012349689985716507,-0.8951790105539335,-2.0362666914833474,1.8246931138862457,0.42651693151862946,0.24085702788004176,1
0.47458068697796685,-1.381993551174754,-0.30085274896254033,1.1048405293914618,0.11389991890318406,1.0126971867608412,2.3499351997966125,-1.196526223858108,1.21324543647157,0.3049037530495242,1
1.3060957340944146,0.725740075270287,0.010678863235011486,2.7427090918801786,0.4226115733141262,1.636073103404775,-0.34340525670665106,0.33944954638007885,0.06341554194294963,-0.4918647489834012,1
-1.083647752025937,0.07477684662155416,-0.3825774540460087,-3.5852626090340904,-1.7068795676073696,-0.7310962574148918,1.8708178142845846,-2.1006883810063304,-1.0781088788445874,-0.13444271663706595,0
-0.7980273195419705,-0.45983156206462994,-0.3684207928619764,-4.15598069220361,-1.2975681295405261,-0.7882409772851492,-0.38802790902839635,-1.2234020354563624,-2.854319017606216,-0.917888814923031,0
0.8214329183970636,-1.3065326416622,-0.5602216277648677,1.2912361753854296,0.8168979113065603,-0.3371127558896776,-3.19329688431432,3.0574420407617557,0.4413306789134016,0.5709239313246647,0
0.2604066393942387,-0.3351075453280277,0.3106390995647888,3.664805381755633,0.9754703167375094,-0.45383998364486433,-2.338904136924487,1.5748890650800376,0.7165198839543817,-1.118646426687737,0
-3.7574619928730972,1.42273846755332,1.0410598049433069,0.5550037338893299,-0.6778052757472707,0.4258630210520209,-1.8309678985411229,3.199593936490192,0.2371991693197758,4.783977413243163,1
0.41432047432778296,-2.6482371713466084,-0.6275716804230591,-1.1639464078423447,0.9315796230032862,-0.9019881739326788,0.0701771289317343,-0.6727373019827527,-0.2812216109850715,-1.1707234186419522,0
2.549404904566659,-0.45059972468403203,-0.798472511187592,1.7534324173022164,-1.8122947792484574,-1.946894925903551,-2.4056739159246567,1.1029651812638317,1.0875782955052795,-3.134025787687762,0
0.778722789342681,-1.1439335705975266,0.2834313183720053,0.20370324860809907,0.08970726268500426,-1.0979550167861276,-1.1322998643208153,0.8766364158322942,0.6892057162383731,-0.6829412650234967,0
-0.6347530372845329,-1.1762292523374869,-0.615735666971556,2.0110709345448603,2.0443238023747976,-0.9694021563657816,-1.8240180990451667,0.8187270174774596,0.08238051375265998,-1.0663353158661817,0
-0.6183872911884389,0.061310397556036705,2.01062063320819,0.39596761035377537,-0.8986224302507531,-1.004996886158158,0.8610324006971984,-0.8528712824485736,0.8507442046859763,-0.6491662161445589,0
0.5681720531766954,0.22518922479702655,1.3723698309363015,0.6891396663578673,0.864958205837676,-1.743012469205689,-0.4488745909802132,-0.4393184461627335,0.7166045655186783,-2.2091204551040704,0
1.9409182120384878,0.889563675057157,0.10691421276993877,0.6391111923677595,-0.13685192852986058,-0.9841302788313984,-3.8708498025489626,1.8029764119820877,-1.1343731451207673,-2.4451959524313094,0
0.46491262798370725,-0.4326804985026243,-0.3932363596671669,-2.4913071074624824,1.2041277404634543,0.5857318367501683,2.563741517790243,-1.6592629991541563,-0.04048316206316804,0.5895214452745189,0
-1.1751589311736241,0.31646249880928584,-0.877489510734938,-2.907978926820355,0.8687290128481986,-1.6836927703683846,-0.1178177431526339,-0.011558442275153347,-0.24606830687153014,0.4998967386409572,1
-0.5674815277077296,0.7141106880059229,0.44710404572433665,-2.9841538275948345,-0.8990971326111976,-0.5130903925857261,-0.1575830896806512,0.6339427688174626,-0.37965897208570176,1.575401226253772,0
0.9670010178311459,1.025014696114955,0.705099736904737,0.3561841033521652,-0.7924151516998811,-0.9025115045782914,-0.6920313046006853,0.8859507847558067,1.1575395017383259,-0.333999720810194,0
1.4107041978089905,-0.32441790215599525,0.4452323628985012,-1.1123929975535085,-0.3455671193606471,-0.8660593170819422,-3.9166733410934413,2.3991294652467205,-1.4294552766048922,-0.8898388722069297,0
0.36854818453835714,0.520105082478144,-0.45852764241592936,0.5393625613430393,0.706253373594852,-1.1775628931797542,-1.918796376313539,2.5875609204215335,1.652940980260455,1.0985411972339785,1
1.0784545203722034,-0.07645955083947616,1.2607253490553065,-1.6653251589977462,-0.33469496850826597,0.984267029284827,1.5595587996557871,-1.3557479529334344,-0.721461588192483,-0.22010135794407903,0
-0.050027684784651916,2.15207335586206,1.7859438482695904,-1.7832748382093278,-0.9315981435288059,-1.3304949105714043,2.102951937152523,-1.4052510106758231,1.2650909208616752,-0.1963318524381621,0
0.7773768095896938,-0.08416759665911136,-0.14360161433714919,-0.7235650626462014,0.49222845504796187,0.13614426516956657,1.9369596333804624,-0.40317926116964453,1.6092918240458003,0.9903753837795974,1
0.640686215448812,0.9936896763006376,0.5820273536172682,-1.3893459125464065,-0.3572022912606917,0.17600715822030755,0.823621625400768,1.2536553886840112,1.7464562932043144,2.578098232782233,0
0.7585821179015878,-0.23717063112593234,-1.4927901206286105,-1.1013506292518511,1.2231129450683034,-1.5866388136372813,2.068053614540757,0.25518455019440345,3.5806949196459374,1.3977054948671084,1
-0.045526653730027844,0.10264510297377231,0.8612234150998442,-1.6274143598438569,0.450257691189742,-0.31973684005525904,-0.10196817337229966,-0.22013905818407165,-0.7212565174044467,-0.09371618231286556,0
1.61282112796975,0.4633561570182974,0.17949336279124653,0.6319766729244304,-0.2530073476011097,-0.4284137955393459,0.5629438637797074,0.605766065543085,2.202571454784409,0.1833657750864296,1
1.1995152117240893,-0.27151118310388506,0.6320484771210559,1.7477088639728362,0.5622889179004108,1.563138851400726,1.4706568912865956,-0.7183042053219078,0.7014499920853094,-0.09626866939378853,1
1.1268596388959284,0.43099121927838796,1.7446550619086891,-0.000928975804048271,-1.524631319721042,-0.23654917503864314,0.20824415711261016,0.41355403806172175,1.106269626163889,0.0917015238237661,0
1.303779965860121,0.7158715028435898,0.170414268811586,0.9172280897364882,-0.0361435972205378,1.6196031297788696,4.149196635387469,-2.7619006598922367,1.3193118285609873,-0.4089892380947295,1
-4.36526535879538,0.5137683344017713,0.841858822708537,-0.5867187115115009,-1.8068227978401867,-0.5089594055138096,-1.1308000551856277,2.202871656766077,0.13454028705469512,4.210127684303879,1
2.213328383252268,-1.0101667196162418,-0.2489711584511615,1.8427526709053437,-0.9812987632552502,1.6920185297489851,3.0207956700464327,-1.534567128760713,1.8037575984453706,-0.35279147449153736,1
1.692455931850457,-0.9347231808085009,0.7096048881627881,-0.4381956834702727,-0.47345625965469706,-0.433154636593879,1.887140258885703,-0.14823273323117991,2.5602301294384313,0.5265172956793076,0
0.33273394617245067,-0.06843836882482655,0.28626701517894115,-1.573844744931321,0.5086115694764219,-1.6333310887968824,-4.241601771474017,2.3339339593007713,-1.7203771458627295,-0.9312083634254464,0
-0.20497325312740522,1.1577634187371215,0.7537736383292195,1.2727501483202475,-0.05072667649707912,1.6952572933606298,0.9499201001119628,-0.9765437950891538,-0.7647056577679732,-0.02891543819504928,1
2.3699056731656247,-0.3943916269381333,-1.9363692749310826,1.6740290900700967,-1.7433314020665682,1.8616580015509,4.233636630544896,-2.6634799635867807,1.8674220221063607,-0.8250458895368222,1
0.21405600965436822,0.6247953894695016,1.1356412676748064,-0.15428430428149276,-0.8873013670361983,-1.3239554170956962,-1.966127428280168,1.2826176697648113,0.060258332143813265,-0.5695219434302422,0
1.1746107344929384,0.34699425912560994,0.8852383057401894,0.6791849139536612,0.9376297471804805,-1.904717422930931,-6.1547551933689055,3.1534249247913504,-1.8244028067180027,-2.5838524004450294,0
1.366073960570923,0.47371502653892616,0.9467695460069344,-0.8280512225444049,-2.3307727820257185,-1.386784080266596,-4.625396950351771,1.769581501233206,-2.410809312658534,-2.6613226673106705,0
1.0366265127163379,-0.34146687286163924,0.33383761907736353,-0.45240544658157456,0.5098251816073188,-0.2233750630135347,3.5267895391960193,-1.1973647294548235,3.032711817651205,0.9271511158081754,1
-0.22841131509668922,-1.9503589928936267,-1.4917216884536304,0.8903411678691839,-0.9528604968058533,-1.1075502444873393,-2.174851238707035,2.684475284051719,1.399253417994128,1.249501197617554,1
-2.173656786060056,-2.057477032504352,1.853798561024796,-1.22913024190523,0.5748307500486405,-2.5831029583410325,-1.4842439921400548,1.7025059172228183,1.0286841922791872,1.3814979785026162,1
2.4635839320994357,-0.7022909050377665,3.556458074376815,-0.6251863801664683,0.5748278843813402,-1.2479153410290054,-3.3796441190846664,1.8479388217303712,-0.6762454248190608,-2.003434707573726,0
4.209275670011015,-0.19087430235377886,-1.6589105828832822,1.7324096557861641,-1.3258700887244808,-1.0762774602212122,-0.7420514839562533,1.4583166923371398,3.0910684368121455,-1.6382265042370767,0
1.7293219407230487,0.07538846923434823,0.3369938400965603,0.6526400809953812,1.6980131615034877,0.03756936040477088,0.03676678965010942,1.5827021726478492,2.302333699258906,1.217102803437269,0
2.2763072139844764,0.7169219523855107,0.5199100723365851,2.506555374775636,-1.01964533574504,-0.853662961817462,-1.840354846272384,1.6448720131551293,1.6982615058051196,-1.4724845785244087,0
1.7280548592513116,1.2115302123032055,-0.9408488722060531,0.33622539722944855,-0.9036343635923532,0.02390690586404609,2.8973209309567505,-1.4855292112361447,2.283350708645229,-0.4721354622049131,1
1.3270632023856543,0.8698289854000336,0.5026518176033214,-1.366603816749794,0.010939742575923972,-0.4114980622836927,1.5135335246432338,1.1440693417482066,3.028126402553458,2.430324171230069,1
0.8352509369968938,-0.6000195816539611,0.7275201938589706,0.5903377707974939,-0.9663882593312797,1.3393233665139248,4.02170002965336,-2.5388953555277625,1.3829334349048867,-0.009647224870047719,1
2.762306510262971,0.30305042362014967,0.540240544084207,2.315223198242007,-0.07268275320428483,-1.8910670941340069,-5.406105200137975,2.9887075240138614,-0.17156010085943785,-3.3675581030160577,0
0.0798176282378037,-0.799111924560637,1.1548665470807686,1.9835653861983176,0.12817519067067903,0.7668411306105205,-1.843377629312978,1.3353189413353195,-0.5397879461689774,0.02132067430963532,1
-0.8658346565358772,0.8903353149820696,0.1644181871250766,0.7407533424287711,0.673159335294313,-2.090457548300158,-1.9481843624437964,1.707402941862431,1.1721489458842864,0.028257155336330643,1
-0.7035626553458958,0.2737919252862003,-0.536553754137027,2.1722607456273595,-0.9109180635470367,-1.6294985034765022,-2.7778085591053667,0.7410399245969883,-0.554194570799355,-2.299268864116255,1
1.7651159357281347,0.251331260458493,0.008521072738391776,3.140732588585939,-0.013662923339917733,-0.07863291383095117,-2.3978403135496147,2.5330577850378173,1.520998685592593,-0.2992729820456484,0
-1.0457226288992836,0.3974466575527625,-1.0116208319130646,-1.294665435247892,0.2605732060304859,0.4119289862457265,1.083663268543392,0.6290132840573093,0.8614601478993164,2.8610572481388896,1
1.581692092735377,0.2147990149793038,-0.37301165148314186,0.17071503480324435,0.7788107685278894,0.7237107908564393,3.0226372484698896,-1.7917547058572896,1.492326353866667,-0.37580932149317114,1
-1.9635048426251291,-0.985037135661774,-2.100863540056221,-0.24306831551082864,-2.101102840252927,-0.7385384298636756,-0.5451051395113674,-0.20037923163834837,-0.8302395947359498,-0.02079716276127519,1
0.23469790625128928,-0.5399295668892661,-0.04362647082574351,0.31476295989341396,0.9873207116256772,0.7582835577396778,-0.16913368363095335,0.33354349907241176,-0.24041181513181797,0.43987235883072867,1
0.5496529281962395,-0.451236745566911,-0.14999045077976747,0.8031617549036194,-0.18610951475596346,1.3443024260690435,1.0948066091237403,-0.5665731811428729,0.08981875595865596,0.2607173263236087,1
1.7651928078119838,-0.7003148997607653,-0.5631622215089241,0.11516810285022272,2.3599002133108433,-0.8156198331739234,-1.18662425558569,0.027435432668562743,-0.2669370868818589,-2.268896995526956,0
2.301460899104347,0.10280638445942597,0.5285128808059492,-1.8360362794407719,-0.5135970504353424,-1.1661975688975335,1.8927875251615975,-0.45675048225586923,2.416066154394076,-0.15969092400620316,0
-2.4953227275575998,-0.45278495163698707,-0.5218554578971543,-0.8787035516184072,0.14749362751133432,-2.7065280166546315,-0.5870095076452778,0.6552681242727361,1.1151415616524332,0.7297200222603216,1
1.7947514495065058,0.460344804825644,-0.7082363191646834,-0.3035952503458703,0.40086101146682657,-0.3116890908721103,-1.4171802775738804,2.411585996290942,1.419820383206765,1.158488584258221,0
0.9003953440958354,-0.34448676495407904,-1.5764391935210893,0.6218717428499445,-1.602750887498892,1.4237768766347692,2.3063260571410495,-1.3403586936703977,0.6283075615576099,0.14952553781287894,1
0.10121582252068972,0.8333030533402974,-0.23665190536331263,-0.35513074242783405,-0.5564847701387777,-1.328652187275185,-1.599319570462953,0.9629355992868305,0.05080654606433643,-0.586875142289395,0
3.1259425705817505,-1.2365556001487341,0.3924377040762278,1.1261015218865797,1.757071341531166,-0.052723371657467544,-1.2074517250134893,2.6904470381285197,2.597377735196187,0.8058779317625588,0
2.588458605095088,-0.5493628701120722,-1.7230162191325151,1.9002516765736308,-0.7421464237843225,2.2130649291028655,3.3399779476406906,-2.1731261111529117,1.2272040257711447,-0.9450151164323943,1
1.7210965523445672,-0.3281751268411529,0.582686961681618,-0.7862610592251813,-1.3322948735215885,-2.2497466701053788,0.9910214626602301,-1.2759065244323038,1.5949724807250567,-2.529746260912923,0
-0.4680025057522764,0.39923817625149016,-0.698613253811365,2.619629589452938,-1.8859152729904813,-0.05965333685029772,-1.3723204177826873,2.8650391197088134,2.3099564078224666,2.3302210272572115,1
0.9620318230140686,0.7841950999855668,0.8159059889844836,3.4110406722067728,0.6518337321690524,2.3034916110348354,-1.0019608000559972,0.23616974414824932,-1.1265515288922572,-0.9282705517044704,1
-1.3382341006927843,0.7914859272852282,1.511353147977536,0.7697235832915523,-1.50790236336102,-1.371440763684247,-2.422908564582767,0.5715108207656612,-1.1846117567936494,-1.4364511736373868,0
-1.0089595012405896,1.5254704216932449,1.5536337286320647,-4.177085885382352,0.8855252043009731,-2.1803435701225538,2.502263004948266,-1.7184883191179092,0.9178963555411668,0.45111740678464657,1
-1.6728762173881129,1.2818390285952945,-0.47974189529556244,-0.920408504080507,-0.7132048029780338,-2.2357072211259896,-1.337162809199058,-0.5585718877212271,-1.1767121617273895,-1.825102132707714,0
-1.5891970440668017,-0.6556053068461208,-0.5051207853795951,-2.7018228478952464,1.4471458278702671,-2.840125630137193,-1.0489828662483416,0.7437603232611216,0.31331809713669445,0.39977723091962913,1
-0.04625381533132911,-0.041082239274284706,0.1281404230120102,-3.1171538307491886,0.31609675546062715,-0.7927979638011332,1.156344405247764,-0.5698016838515716,0.1549462236318423,0.7040069975567683,1
2.3452817870043656,-1.2448715514454882,0.07965422339253156,1.2373993486449608,0.8646627678606656,-0.7312014353706655,-1.6611043642943037,0.6980916389218184,0.3750193646823985,-2.2935950490241694,0
0.9960311083483578,0.08312581787924939,-0.007402396000651359,-1.184213936412176,1.3009112374165572,-1.4372262451592295,0.3285117563463897,-0.019467410490297876,1.2190600193023025,-0.5481636217342214,0
-2.23453937835882,-2.173351079895689,0.7267305457153483,0.2401540578791016,-1.9740078022656418,-2.340499280042339,-0.5135224494174854,-1.7781841860227128,-1.1227645182764738,-2.8599416389180043,0
2.5326280174630162,0.43455954691339777,-0.337500884988916,-0.24769773390819183,0.6180514628381729,-0.7344204318752469,-3.769660573026567,2.361027450403837,-0.8161806208732065,-1.5438121394869322,0
1.0295036090852614,0.48230842425577825,0.07208750410662172,0.3749034050170139,-0.33257312833496894,0.9190477508515158,3.2364340372615183,-1.8542406289129776,1.4734406183833186,0.03379424765275786,1
-0.6892856407250862,1.8271567575793073,0.34409443166432935,-2.105631999120525,1.7853391366968123,-0.7027685766457856,0.781098705117082,0.742130929067706,1.245108323503537,2.307193376382471,0
0.3069988342589054,0.5097791306937841,-0.3095033827597953,1.714631772496467,-0.1936273596236468,1.9846312546739973,1.2156796629404738,-1.2804436348045551,-0.7080788581934518,-0.46697265861524706,1
0.05599572510638218,0.2028933792661254,-0.27900802150803067,4.117663631298503,0.33295020049012247,2.7129495192669992,-2.38568075245082,0.9230654973366539,-2.2510565227404435,-0.736319721427837,1
0.2174726700303633,-1.3059999057352296,0.01930752922613046,0.45444619828142907,-1.1811304632386497,-0.6418026863148895,-2.1028350345727573,1.949338745757406,0.3144118290858017,0.37241164902997764,0
1.2712999704026866,-1.0481502997801369,0.6992476221520606,-0.038983692075194254,1.5172310250102452,0.11246683728445617,-0.32364010969322526,1.8044865154212415,1.7009598302402902,1.6488453926332185,0
0.8452175919068141,-1.0208817019915095,0.7871490498965369,0.6299081505616311,0.9020762444317644,-1.120651274985977,-2.6053144013763423,1.956837038171899,0.31551559948797236,-0.6228356110599234,0
1.052972610291144,-1.2661959099636664,-0.23369881352617866,-2.9537427723327836,0.5547233026509205,-1.0922551558901554,-5.53226956575862,3.039589322485124,-3.2111372559168885,-0.8617027589214342,0
0.762095361883746,0.7615828521273778,0.4226237175671739,-1.1175178543446849,-0.559925837513242,0.23051400840668768,1.1383932124519476,-0.47686841196423435,0.3992994174150103,0.3345748249389972,1
0.2414295969614153,0.4985301921556723,0.9996770969070387,0.8939140196823874,0.3901255382675968,-1.164192142656277,-2.839307026747949,1.8674860288101651,-0.055531985823611185,-0.7347492357750566,0
0.3160419190259586,-1.0023521099305026,2.115613183331255,0.32629315852264806,1.10566072778317,0.6642995376900578,0.5963834240566194,-0.2043915403894807,0.17036195297438095,0.2785069461745587,1
0.45523940628960946,2.951881228495774,0.4915010796055491,-0.6452568926969565,-0.3355045498107592,0.5597912913066316,1.31090833456901,1.204698360210844,2.200044403231833,3.0042284895777875,1
2.3574049285606202,-0.8093724413438168,1.4637441249908447,-0.019006712098163847,1.314446899976997,0.4364297560085393,2.882893594184303,0.1427840969248828,3.664653745942082,1.734218709930355,0
0.13551445255051164,-0.2496496656607904,0.48905750054155556,1.6345147693552295,-0.5031963884173696,-1.9835356134088284,-3.257776593382955,1.0248328252929035,-0.5487247013199135,-2.760844963638081,0
0.7804280203933242,0.038485528340927076,-0.6123937847213143,1.887003780347688,0.12319366136479747,0.6602688641778103,0.7676752598033326,1.033014769003377,2.340707097595814,1.5199077503936427,0
1.2612137452101955,0.3214630873029826,1.4021818738013903,2.2425719611683865,-0.5885949845622744,-0.9043779055557187,-4.118445365154168,3.063013793530727,0.2666027493507268,-0.9392963057324805,0
1.3197139305218928,0.6812562316208439,0.9894010636697103,0.8508270516769432,0.9035713920356012,-2.1343986696034625,-8.19265267894474,4.851484024462725,-2.1251002589623758,-2.2210315078299,0
0.01843129585348824,-1.5212596396782603,-0.738425005943864,0.0783988388562088,0.6689188763437223,-1.511587633130865,-1.348807526986798,0.3673995426698514,-0.0029464609664524577,-1.343797601389453,0
-0.18068544302263634,-0.23260590298925776,0.07702802084587244,-0.685322376454178,0.6973507446380671,-1.1901821468628262,-1.7836853029372666,1.3002163454630318,-0.10148019848553691,0.006507893098282051,0
1.1951253845762013,0.431268441605056,0.7704267719063206,0.5599237979970417,-0.8746803013392757,0.7920160119763571,2.8110597511634228,-1.4522736627058617,1.6058152297734236,0.03593679354631373,1
2.5294974585897574,-0.875272098575002,-1.2624524016646612,-0.39556233543890285,0.1306748998926192,-1.9578610444457116,1.3537768507998669,-1.1986907310479373,2.2064197037535775,-2.486435891628169,0
1.6960862062887074,-0.8377138748720581,0.3144746111207469,1.856625503621467,-0.9766931954727915,1.3284465189340204,2.474674335361342,-0.8318432083580616,2.063317250630584,0.24977111818776052,1
-0.2634449812064277,-1.1685165527852863,0.041044328103827146,0.408442109731356,0.11411575013335006,0.9265627319380969,0.21662266668563504,0.723463011915801,0.39868700914177924,1.620749914760036,1
0.334453952935562,0.4687752061135092,-1.0140883331826094,1.7412158471407448,0.2788684195580776,0.8054111302545288,-0.11642454696090399,0.14273888578155702,0.13913791100864215,-0.17435392602461336,1
1.7724418859922109,-0.6936967170887008,1.1711304464147227,-3.1456941861052816,-0.30725048846738107,-0.6335641717202569,-2.550249591040394,0.24867818228336025,-2.9406365342319374,-2.251818162290877,0
0.21251668801028167,-0.7290157224810525,-0.5385026522226634,1.671174942063302,1.6314404017982647,-1.496140276895365,-2.2665924556325585,0.8535588847826596,0.07615125503106446,-1.970146510801857,0
0.7372727971230907,1.0872813456209043,-0.3350396163618237,0.2855058573328224,-0.6670652825297668,-0.509368819727294,-2.532280241018144,1.8948581850712853,-0.2733247547296581,-0.24317575774698344,0
1.4738826130631264,0.23460484106257998,0.40021839083867333,-2.1278203388325228,-0.14867908887143086,-1.8240117757788261,-7.641832788289506,4.893743460478966,-2.7509506075307435,-0.8634329111889406,0
1.8079860381860504,-0.820867267409795,-1.1060684529617113,1.4118231222437831,1.3190761913682747,1.4752770406609637,3.15679263789302,-1.9651012298584325,1.4194715392438748,-0.6113985902285755,1
0.797089435122738,-0.686344286648976,0.7821156049763861,0.37299881395483026,-0.2789919002886576,-0.20508042336980692,-0.21392937629226233,0.6956563227578823,0.9543074028479094,0.19812248495666346,1
-1.397555841221397,1.772723101755885,0.08507113919863317,-2.1568784657690574,-1.5863350751318903,-0.48972686094912166,3.1162016856476407,-2.27560101197675,0.44189099629973994,0.6114537504123598,0
-0.6466757358493909,-1.9836340926863736,0.5712516986466183,-4.039534819264841,-0.6174524110056049,-1.3099071971784164,-2.335703688863607,0.383006955843063,-2.948522123302761,-0.7166405353697127,0
1.66766107578498,-0.4916916087597099,1.3955638697052697,0.03296936620487234,-0.6561907366361542,-0.717554937371945,1.1018675998464327,0.6311907669350376,2.851418461430642,0.6947573123256878,1
0.7898804380004536,-1.4401211290794125,-0.20424931207931116,2.7763569352803907,-1.0348910186891174,-0.1148021647295957,-2.073033347630248,2.0191302516624274,1.0233574722559127,-0.16157650977029436,0
-0.09868693615146706,0.6423133625895667,-2.220453751503902,0.8979748894224121,0.9776591369651063,0.9368540585075922,2.5089356067461335,-1.773860238049822,0.6419243906862374,-0.05096636815792898,1
1.6748447211589612,-0.7544376098037611,0.49940348661769857,0.47350085849488976,1.0530192099399445,2.15565041138985,5.459100363611193,-3.3333982187516566,1.7477404224942492,0.09893531843102507,1
-0.679637503741283,0.12952207826988577,-0.16290915628598213,2.9609432479584044,-0.866336617187862,-1.677302404044548,-2.566635063285945,0.308437184748639,-0.427846601027305,-2.9506512461787544,0
-0.35367550552318816,-1.6181191703935376,-0.17946835767597058,0.8490973823081623,-1.0035864681614417,-1.1297208994491168,-1.5749881048854586,0.7426168195370599,0.04232133389504533,-0.8666042653046899,0
0.9417480228791865,-0.6780398631505739,-0.6933965369343416,2.5152000062034503,0.6147984103600516,3.521384774346342,1.7599681329723715,-1.8983323942153514,-1.4257035286454105,-0.721831246456811,1
-1.3378834471065595,-0.8893702662248517,0.5021391293011044,-0.0312552968198907,0.15908652584386626,-1.8087527064236246,0.09125081223306811,-1.3468461697451404,-0.2705098532522905,-1.8838493908161495,0
0.3761209777650728,0.8593904978198513,-0.29400776113237803,0.15586409716573657,-0.786028274403234,-1.8803261769162245,0.9418213467893782,-1.5559911847794505,1.00838401796943,-2.3697514151836954,0
1.8325722723057907,-0.23683145896557267,-0.21472739379050806,1.0798196586793551,-0.11258146453394723,0.7107308830355947,1.4852992658510424,-0.38499600830556957,1.598848989754329,-0.12900021979517945,1
3.226038665720038,0.6391569570392404,0.12620050557729662,1.0878103939649968,1.525591152789017,-0.8206923472459815,-6.644575181633483,3.423435459430746,-2.2811861244881815,-3.3148857857500773,0
2.133993419251987,-0.45404639815968423,-0.7162669418890676,1.1214261455452696,0.38428868066582644,2.8182286437486987,4.357374949105471,-3.441652951026169,0.22917703149905322,-1.135067378385939,1
0.5486791751759473,0.36984069075304565,-0.7662030903453688,-0.28142249513889306,-1.148276834394577,-0.09213994443116702,1.1232201446206944,-0.6145862407577408,0.739532842298086,-0.11380652170239558,1
-1.5724218668594783,0.32237737229452007,-2.286002531993625,-0.8479656641366715,0.44501865990850775,-0.4920447401314052,0.2501688572258924,1.6651367110895516,1.6989277727350944,3.340736038118005,1
-0.7055553632381437,-1.6387936170798318,1.836572634028904,-1.7174101669089405,-0.95786539542868,-1.4784975410150543,0.6828513643909948,-0.18010926866327903,0.8934283795965763,0.5147821542258648,1
-0.17348877885164748,-0.4899669524725367,-0.7344554908048295,-1.518060294067503,-0.5263072356749081,-2.680216047267937,-7.185779999563035,4.3483441889094285,-2.316164647739779,-0.9128228700233381,0
0.9733864832981676,-0.4623721693028736,0.7751818291196713,0.6900704396611388,1.2037105353950988,-2.3264803633659907,-3.3670553063889455,3.2423577428249577,1.7281621141239958,-0.09173923753763126,1
0.7398210512970047,-0.46059347032672304,-0.8514515798502055,1.8458970198240503,1.4094980979850957,1.6210841622642342,0.7914512411312797,-0.3499428916858479,0.19263668068456397,0.051735946124288626,1
2.001901414301294,-0.7244621682423739,0.05512820536405596,2.269114013399613,-0.5023907477200587,2.8397825187428336,5.3517155472518105,-3.3290267635735145,1.8623779890983458,-0.32205197009340825,1
0.7009299483331495,2.2047856091211497,-0.5097878468704842,-0.27344118449990795,0.14983905381468807,1.0387141450208897,1.7692383819188984,0.031079370630875736,1.3451428122226554,1.755315521709325,1
1.4982656155664165,0.9257446007025706,1.4236655802423905,-0.22605249670230032,1.1875055205126552,-0.9533101227739653,-0.8211710806396059,0.0562670961491567,0.09471359854240902,-1.7445858674975496,0
0.16594379551669702,0.30628765064639657,-2.3679392654336255,0.8626427301256172,1.0250593926252292,-0.809582430283877,-1.8357462266265505,1.9713540568154753,0.9071009217646459,0.488166926237748,1
-2.01741701957659,0.698049258314823,1.0114852945665962,1.1791865941289332,0.006569535087340565,-2.304699969720035,-3.1832787110907432,1.6774338641870332,-0.21866054798061163,-0.7213584484158856,1
-2.3901682201644303,-0.6026916869903975,-0.3807958538356352,-3.351362549003695,0.7444454732331406,-1.0241667863165476,1.555147639492547,-0.11085026100430473,0.6256271737950521,2.8362374072750463,1
-0.42266071032655916,0.31837245005863,-0.5556358881760158,0.6989889284780202,-0.10293725847909896,-1.3339065723762782,-2.4774120382369267,1.9896681802534406,0.3842992392782194,0.06565339682918421,1
2.5983239937903555,0.39607752796858386,-1.212079295109567,1.5183174111847055,0.14388562665174215,-2.50930856865791,-8.152142392515703,5.568167750621345,-0.509793934116564,-2.159948410761393,0
-0.1186902323116763,1.3718725864957029,0.31978354055967184,0.6346288819358907,0.8463352179958841,0.29750555980897875,0.1617425134670219,0.2930988491281945,0.4753531854622176,0.57474281398808,1
2.507249373397725,0.3385937497892153,0.6040476593785556,3.2870087023017587,-0.9751559462030559,1.8544353642540843,1.3686450462729947,-0.34781223807144457,1.6285607834464504,-0.5974069340853583,1
-2.092101781263381,0.31261712346775994,0.6052510586909339,2.77733293469906,-0.8681750192726655,-1.0440744135950852,-2.20219402497926,2.1099217454918957,0.9892168533592535,0.9081924042310048,1
0.5418460455792377,-0.55860552883825,-0.4190255848402959,-3.957384157898029,-0.8126470558890512,0.17266018985442466,1.3719582714199385,-0.9866167829363026,-0.9241058754925746,0.640680301173301,0
1.1302857543633262,0.757725176405555,0.5060641378930499,0.3905992627400967,-0.6489547856369821,0.2302322497597853,-0.6730615244600892,0.5135341946167055,0.0002560263527786599,-0.44652213960886805,0
3.93246524185606,-1.145577535434755,0.8997868507630178,1.127623798576652,-0.49657995373991737,-0.3290540589707347,1.8036455063860344,0.34117385381719445,3.9988020909618034,-0.3483884691132335,0
1.0558879078193102,0.22021318514480237,0.6989758183447671,-0.0555267192286395,0.1561053524822054,-0.5727631147912509,2.3948445420308517,-0.7466724242931628,2.6172817114854072,0.3017657706347195,1
0.8562912407656342,-1.096782829414477,-0.1816864782254697,-1.9568171512098949,0.5514985299957588,-1.8711249143532922,-3.6251590507658262,1.141010881859536,-2.0958552840103533,-2.319711324514903,0
0.8230898372704856,1.007209102997765,-1.2669074620582157,0.03547821986917166,-1.7931247843359261,-0.5313093474659913,2.654386657622597,-1.0660191332104818,2.531339296436712,0.1961430267324328,1
0.4633697940649951,-0.4247716341168265,1.2007077511836866,1.0514759405653293,0.3863169679584866,1.2990442909050688,1.491803088104812,-1.1210323656915753,0.07425399270909616,-0.20273852592628666,1
1.9141528627727573,1.160498489410031,-0.01917862516714182,-1.3600495972287732,-2.2511352240100946,-2.686417796792104,-0.7942475391893731,-0.24812516749099944,0.7765510637625047,-2.8011683973539565,0
-0.9613343268608641,-1.3972142459245906,-0.6488213635517954,-3.125472295555258,-1.2104825899419085,-1.3953800853667606,-4.39308466739442,2.746369916813755,-2.520451438299972,0.6597974740069158,0
1.9677360068200422,-1.149487636578482,1.1885010140347059,0.039326987611257636,1.4362013949052208,-1.704160791352282,-1.4323176663226815,0.9700237288228438,1.1108839821943377,-1.630591947141957,0
1.4425038638477115,1.6998196379523638,0.2685323189287194,-0.34039521354804947,-1.181056275629766,0.012728271925463663,0.24715616370021137,0.35303738221305037,0.8501720026809824,0.07509008479605832,1
-0.2907884085955055,-0.07801128822630118,0.6270286659192188,1.0556474320793123,0.00032872366813150114,-0.0035134582807544446,-0.48402399986923234,1.4008510721062577,1.226244852229585,1.4031984179362018,1
3.3840618886878517,1.0111190714443534,2.334246897312939,-0.01959020485578611,0.4167143492589161,0.7540038100406363,4.544437116531215,-0.31541841330346876,5.09302298630438,2.172824179314148,0
1.1273812238322862,-0.6638895056131665,0.7470673189738315,1.2243481794224185,0.942695667499274,0.9423025286065645,0.5435683686150174,-0.22404865214600578,0.4050533779905411,-0.31521176139455326,1
2.865969697153191,1.0526493886477606,-0.4726843884369919,2.1795023075964326,0.2618353205715371,-1.770259155841983,-6.546817040700346,4.3073149931192996,-0.224265183832268,-2.497463718967109,0
2.7812569880910054,-1.1263703961449854,0.6478049719508239,-0.11422528595524928,1.3846304581765432,-2.017205326920108,-2.698118074586108,1.6524002038758265,0.7369774892333252,-2.294584682145213,0
-0.18591457764988217,-1.1789771002104676,-0.6667098917415991,0.7321979765199942,-0.7071805390599533,0.14425118217474253,0.41670106897656756,-0.20410043084785467,0.38566510214140237,0.04938670976685181,1
1.1659707803833816,-1.1378656746537843,-0.6341434452723188,0.8803444698275169,-0.28904787606115256,-1.6062137139666226,-0.8375489623295126,0.21430901652957368,1.0588803468774197,-1.9310981575075832,0
-0.4330944680761777,-0.416217619899324,-0.543829053927893,2.2329866270207837,-2.0205935003323385,-0.328283869947119,-3.0260714597802623,2.3383090518451155,-0.06382138252642977,0.1103362341937031,0
-0.13397906273250748,1.3703428095107595,-1.6721490355238497,-1.8980138309672365,1.8493687915666626,-0.7966092921554246,-1.2467112684630794,0.01360929298687974,-1.5542484059051542,-0.8622211027715081,0
2.7410530292072215,0.7205648517880489,-0.0017830102524277096,-0.5799312509132721,0.5532974244013308,0.8772358966241461,7.165565984471795,-3.691330691489048,4.138613840946057,0.2879750962926251,1
0.3059920588612979,-1.3955146863728802,1.536140701893776,0.6469995390154339,-0.04578311596028421,-1.1447146538726791,0.10600230222639001,0.8109801445492846,2.1265758923923466,0.41825712472439025,1
-0.30669770116259587,-0.8248395207257326,0.39204258191853336,-3.2364986341838664,-0.46982008950291654,-0.3248185500533224,3.0090422768382274,-0.21699903468602555,2.187082368892824,3.18363399914953,1
-1.6106731408838213,-1.4469585215458134,-1.9767240766805607,-0.8259785541306652,-2.0747358221225483,-1.847942743821845,-0.08890485746940288,0.47050227784242504,1.080069220906948,0.8152497431758811,1
2.015505668156149,1.8652935992889785,1.2537740179980934,-0.08505447085513707,-0.5980633236488281,-0.5550163629841701,1.4570032507629056,0.17072165343596357,2.696269783017845,0.28871630820713895,0
0.2020178424958835,-0.7919527600131321,-0.1206131696368863,-1.1853792906803904,-1.0198484874835236,0.048409359928850426,1.7570765470868943,-0.9475368521605625,0.5983101894545644,0.4439211826781591,0
-0.30780066583398735,0.16203399361214757,-0.12714041478611238,1.570316262300309,1.1446542192482123,0.505798743083435,-0.858915220941746,0.66412608826851,-0.15947317037513464,0.14022454764481138,1
0.02773052977513002,0.4714901784489648,-0.3040052521220364,-2.596405290742366,1.916548336667717,-1.5202121671713118,1.204176501085891,-0.17135665110954656,1.3751695945091384,0.8223464709057495,1
1.3059625804264958,1.3684080185586749,1.0155948097511047,1.6369954992689093,-2.2166655160135096,1.876093776243205,2.391911509698697,-1.1135407124168377,1.0960062574324625,0.26949563362590484,1
-0.6500131432688561,0.25949272103084603,-0.9727491043467843,-1.9128009816701717,1.1603583474564951,-1.5946554965156507,0.0705669814901966,0.5266689953820569,0.9534033451902296,0.9349051812468202,1
-1.3049711398568764,-0.17771586627014554,-1.1970856815502995,-0.4673354111379193,1.3730423293848015,0.4599070374730707,0.5154597961498119,0.8756903836498804,0.6780084842628602,2.6455225538204434,0
1.1075638332805586,-1.1429640539185577,0.7273525822688602,0.013531010265607546,-2.059725226878529,1.0655099255887055,2.807367786032311,-1.4209493576240109,1.2073709593274522,0.3761482733226143,1
2.2527296488950306,-1.2662226643379593,-0.025243058663484013,-0.06033701178619455,1.3755683911973327,1.059654697334198,5.048129564088406,-2.7382230155431597,2.6481831110486476,-0.05245971620898211,1
-2.4166785524615815,-0.8411243921722905,-0.15924114901195818,-2.2270613453058807,-0.7508654171230501,-1.864392129220454,-0.39898121162232436,0.2989810280393861,-0.1482371409514267,1.0605321909958134,1
2.6069190616563747,0.32637832261954636,0.3837505255981918,1.5247019298175966,-1.0223952908709855,-2.3862250524650177,-5.897575572319334,3.129322112080654,-0.5486886322925194,-3.533355609211105,0
-1.6685379362234616,-0.9139433523080077,-1.5123032302235344,-3.707218115696856,0.5548979270078646,-2.123408300330744,0.3216612479453369,0.11377577074118828,0.302547354949262,1.3265303294627562,1
3.005431424459851,2.54210634866988,-1.5097989084835268,2.6701777376612013,-0.23213125280232189,0.8018989098876437,-0.4325460773971179,2.577817041450409,3.275230215992157,1.3588246000280364,0
1.2835239139502739,0.6300931581315045,0.9374027104720325,-1.0760400271559498,1.1017204865890793,-0.12721631577134884,0.8967995387760113,0.8651226630585234,1.919029980777102,1.568155131723817,0
2.623915813432532,0.3114420846290003,0.04853913982263525,1.3795572101677995,1.0841165459049067,-1.2636358154196305,-2.6192490700729496,2.3258313195660043,1.4822677483276432,-1.2686664428338832,0
1.3444211607516845,-1.3416189757453971,0.013321019523264815,0.7119117246027936,2.3561289626774022,1.366053559299691,4.8453082983956275,-2.9396263856173586,2.0533672688022397,-0.12102134693749937,1
1.072334445240363,0.021410628404289655,1.184061614408482,0.6847186995950879,-2.2601188298694206,-0.2836963610062022,-1.2027822961183727,1.4159586769138626,0.8089377784887983,0.08211042583201947,1
-0.5171554944717796,-1.124634439627607,0.3255795308747585,-2.5132226926107766,-1.6987693064583123,-2.0332773570277016,0.17078227649834124,-1.125350110599467,-0.5114122533050528,-1.3800632349405284,0
-2.2745795471387256,1.0654061017940906,1.308805224450165,-1.0251280382654744,-1.1349234521737372,-1.612538688303418,-0.99325607616268,1.434323879218418,0.6415344178590008,1.8497941102232087,1
-2.34871429827097,1.7182016314186765,-1.315644767820483,-1.504036357796319,-0.14000309873147185,-1.5875882167709603,-1.1473577988281953,1.9281901596521571,0.7642387403916201,2.573190462835554,1
-0.6524514515631039,0.3464642278810146,-0.8461329085490981,-1.4291654049462745,1.0109611858611562,-0.9907424094611101,-0.860030384011649,0.27524925946169787,-0.6429751209053025,-0.09884908962902084,0
0.6463141486533794,-0.0409166103546503,0.701441383817183,0.26757206745921613,-0.930408983940217,-0.9552902699425019,-1.5431712424054054,1.7325846696000027,0.9939676197460463,0.26043136349912954,1
1.0179269365397092,-0.3599331714808636,-0.12116589280300478,2.6460457399692574,-0.3930518958787473,-3.0016522556579113,-2.5003278331717227,-0.46983728934517743,0.10596141844213103,-5.314417591242734,0
-1.5468934547918765,-1.7787817299151834,-0.3258976178858741,-0.1559778864617689,2.174837707063181,-1.185737438728562,-2.6548925518049393,2.0778640418438408,-0.4171119701808559,0.8802071641257755,1
0.4618817547339402,0.196991156116792,-0.49759074464419595,1.6113877046352232,1.2670446625292706,-2.428698438632799,-3.4018085846490607,0.7872799972620049,-0.560948388007926,-3.5660614388869973,0
-0.7136823481894589,-0.5387411578546822,0.292168651847224,-0.43354693951464385,-0.13520951313015353,-2.22382802772837,-2.0957055187028506,0.24856824754179374,-0.8112253742714386,-1.968521895037096,1
0.18872552633181872,0.7751445506114306,0.8586029566244989,1.0855055520209254,-0.9763393192547702,-0.8139967406000101,0.08666258088720633,0.023062867306987367,1.1758121690233452,-0.6096749529556041,0
0.9399383924725142,1.0776539629053858,-0.06687430404484876,-2.4582429234834273,-1.1248783053912466,-1.6301577681770347,-0.04835624545578246,1.4728366709009102,1.9945763856049075,1.4729635563884764,1
-0.6189899133956884,0.15466707007445016,-0.6548463529547736,-1.951109084585838,-0.08417534880653477,-0.887092122109147,0.5808937289156811,0.7622644225284609,1.2479260907572105,2.006261423835624,1
-1.189402052234195,1.366029827277988,-1.956319821074563,0.8066986642645961,-1.0082137015816448,-1.6500887747957955,-3.712129705519904,3.331019629146233,0.4600896557970079,1.0755234661939768,1
0.17745537176059623,-0.7433592616256149,0.5155156340150927,0.9069855822883649,-1.0033440637460869,-2.5291594212053212,-1.5085911126888352,-0.6316237412682704,-0.12038703524995209,-3.600759874622199,0
1.4972040082951694,0.01781292268083246,0.4851389993319725,-0.5748711494310501,-0.291870521179968,0.10767830006938706,-2.530471973888234,1.0669234483515844,-1.7315531531032535,-1.296823728947924,0
-0.2336470187885613,0.20620920830783845,-0.48702086303450615,1.2087901092781388,0.6097147286535098,-0.867689793597316,0.7992881224498449,-0.6058091131217647,1.3255535179301239,-0.7020073828157333,0
-4.0747061636792274,-0.7656786179842419,-0.7763640214625551,2.684748505578605,0.8145965765897881,-1.8870775014931072,-4.082981962844263,3.582701796910107,0.4963735077779927,1.9735976671556752,1
1.8589334980696846,0.5329773658984741,1.3219920032027368,2.902216783334364,0.20014503304048192,-1.838678269686318,-4.726880392805914,2.5618094565534815,0.1302675687861483,-3.0387620272100073,0
-1.0053331593339658,1.300650204369242,-1.3363917283234141,-0.1305342254392885,0.5827858540321198,0.10695615126594116,-1.1040610929511896,1.7276980035687997,0.16707435648056457,2.023964189975276,1
-0.20262806679649437,-0.48787760068237834,0.8254521507811602,-3.0261098314462362,0.28719327787279425,-1.2388582647866615,-5.426510913801413,3.5200376545271137,-2.802395711521042,0.48962134899545,0
0.7887798340015832,-1.1564402736314159,0.7307945903136984,0.3162261649459759,0.42810739345163473,-0.12692480061037936,-2.31631907724328,0.38676096855868725,-1.8526147792869083,-2.0273523051861364,0
1.0068984201603233,0.6418107560002312,0.0032443440781993525,1.464287472254913,-3.3307860143946333,1.8601663653740315,1.1706897108089822,-0.7565731798541291,-0.05267613630628731,-0.11757521024107066,1
-0.0765118377392453,1.2291836259407989,1.204467208253648,0.1407975973350094,0.06988799586940828,-0.6789458639808101,-1.4366250744587985,1.3939143315797686,0.3428715361523712,0.39565349219813306,0
0.44274270836088725,0.5197665619892278,-1.4357626198939757,-0.4956662668784606,2.63338996572831,-0.20934959693645916,-0.6980419748051119,2.0235704118305478,1.3767790236274227,2.022680407604795,1
0.3646380275420087,-0.8037581143300142,-0.0797417648976634,-1.2949116414092714,-0.19085611049206905,0.11330488605187883,1.6198753564044193,0.5346025389365854,1.9284555700005357,2.363343215748235,1
1.8510132168139548,0.808540758322193,-0.9581008136621948,0.48099688053248424,-0.4180326946851387,0.07615325656693872,1.4182325614788125,0.633246755434661,2.8334908996108457,1.1058151693819842,0
1.720860623849727,0.4985108042011814,-0.8740604823997152,-0.19130448774374953,-0.5814317037171435,-1.0761621810246105,1.2866569294564154,0.5380890134516303,3.162451015165836,0.6054667629802503,1
0.3839259318762879,0.1705878131532736,-0.6059441628470909,0.3690511307113662,0.03923805481997368,-2.2279692287635275,-5.068488912162105,3.29916572238748,-0.4893948058644201,-1.0863503093046143,0
0.6105912951073185,0.9166737118471837,-0.5009405371965816,0.21148344895293447,-0.9228129499824342,-1.2872522841909402,-1.6015066965810576,0.9376150033000074,0.3202784827298235,-1.0077678582133691,0
2.8637590295535555,0.3343026976252587,1.4573716424645666,0.9397046114032446,0.4239516680632088,-1.036833187558504,2.136438033331242,-0.7152343918646729,3.491018409952862,-1.2431719623189583,0
1.6574119251032267,-0.6854355594395208,-0.4956604139187791,-1.8946364485184304,-0.8564195729613694,-0.9650359608837737,-2.300336842629708,-0.03376735924493213,-2.2638890304903976,-2.8283938346161315,0
-0.6892185294064244,1.878682479838358,-0.003975671286582807,2.155569230748255,0.8643653463895952,1.7115201548072159,-2.2686671948248907,0.8492274876813415,-2.349893253653482,-0.2853440595672024,1
1.390917450923447,0.7060941340718802,2.4297560258036457,1.2401349195583955,1.3652260676801675,-0.23440196374313804,-0.5359821525013684,0.581370936166953,0.9493572340169891,-0.7770803482256372,0
0.1806146545250793,1.2522006555545784,-0.060576940251455685,1.5496722789738087,-1.1259776634723684,0.5569498666447005,-0.7990759788310428,0.24543336184497333,-0.45722294615674053,-0.6099293665584594,1
-0.1576434511591367,0.5662096991492005,0.2528832771300831,-0.30269843359216997,0.24427662897052735,-1.8077915289518627,-5.081924977275767,4.1889342138076024,-0.2698468609384307,0.7650641733612478,0
1.0821380524114315,1.734148024184437,-0.6071529663023779,-0.35626859242195663,0.024863632753244016,0.18342290487204171,-0.1973927902247369,-0.584172416024604,-0.8481013347977991,-1.3639530214093107,0
0.9924523566634577,-0.8516928244212486,-0.2005728328917318,3.2088847639726525,-1.2831490454166905,2.563363605071669,-0.6265684707152236,-0.012326107951914245,-1.2163357421466303,-0.7983046620868359,1
-2.8663233891819395,-0.6113656473643301,1.4390803611260128,0.7529000603438152,0.1662437949792915,-0.839981206522191,-1.399832432592088,2.1539350916944855,0.8692530440005495,2.667949359193868,1
-1.343454898032754,-0.5684768301404822,-0.7481261159492422,-1.0772309878520012,-0.3285867802985206,-1.679501952345263,-1.160698008082349,1.5718919482898257,0.8406623884379021,1.4104062218983309,1
-1.4243273726647678,-0.09980671115393072,0.7453589747902679,-3.759723092312058,0.13670532275726222,-0.12173212698207458,0.32801499967593506,-0.24566622477982758,-1.5160230463443873,1.571464489174076,0
0.9884593662281014,1.634608848829265,2.192202440084336,-1.5430050658385728,-0.40453174025159216,-1.3370865912617136,0.18841465122411175,0.15318987852180355,1.0285605578545114,-0.2925460218822117,0
1.0569690088226391,0.6679560449210992,-1.7063751662015183,2.546339093262709,-0.9733038916927772,2.9891350439441604,1.3392181261021856,-1.3078014588565865,-0.8594872343091098,-0.5601438672581558,1
1.4416613934795381,1.0721858374302682,0.3911072442408998,-0.02390169240580242,0.5468017883385884,-0.538050183860836,3.768092061420438,-1.0669369087108354,3.9319042872373595,0.8738784956767853,1
-0.7540716114312271,-0.17089419816686402,0.29881422490814685,0.4820619766830624,1.1862157344024336,0.2513323095879175,0.028223365693152515,0.15307588974816033,0.006746633112349909,0.6016183878787211,1
-0.25840597101577223,0.8667179952095518,0.6117685069485765,-0.0156649074223838,1.7150881953325237,-0.8383941641996041,0.6283400855031855,0.008843850876001591,1.2861088679761559,0.3423596072947583,0
0.9681603695682273,0.20627640584490153,-0.5602026923402286,0.7421270286326811,-0.8804073025864007,-1.125189085558938,0.9590111552355779,-0.4010476357394508,2.020001863905522,-0.8717178664065273,0
1.5763387606836576,1.1278099799572492,1.0679577442582933,1.3520118515890747,0.42434494386140187,1.9082092170275031,5.685894760755444,-3.775384820744761,2.035595642928779,-0.597865782526818,1
-1.5479015216012204,0.2420656213543121,0.03906451073402389,-2.1043488934369847,-0.6025838131807076,-0.5985407195742176,-1.3592597179175225,1.0818541382367177,-1.128552472376173,1.377141392443058,0
1.1653711714121235,1.755181004032714,-1.742696701788964,-1.5809463966398178,0.9067156838508832,0.5822651571248083,6.686433858741623,-4.178031502399752,2.565887887006995,0.11256052428215614,1
-0.7812500265453426,-0.71005905662051,0.28245048926523897,-0.6140365775546006,-1.0100864588595426,-2.10281586964093,-0.9306941133288935,-0.5551920987128123,-0.48534288894874256,-1.9342344449100561,0
-3.0657412373459674,1.0917613641014539,-1.8860230068683301,-0.21620106039190823,1.8614602246792642,-1.8036779255137616,-0.7851863457212396,2.091459868813523,1.8191336630776287,3.0594179410571756,1
0.36345618212034214,1.15182256221938,-1.0026750756807397,-0.8812075128458138,-0.6542793759632473,-0.5076207123631166,0.5246944780545179,2.003759494109809,2.8156349164035452,3.0808188296499073,1
-1.2983363386467772,-0.5019135031386625,-0.6809178073213656,1.5100203662462035,-0.6181175191584042,-2.093205269481577,-3.414677275600161,2.3589853100947535,0.357006974155081,-0.3312793356828136,1
0.42958945796730097,0.33796181661337843,-0.06866985450094097,-2.5925371902712815,1.3301333079378432,-1.7191998429506405,-2.449727149068581,0.7124701705204962,-1.6443730748392733,-1.4428967939625263,0
-0.24071675295251338,0.33299007977811707,-0.029634337083576892,-2.5597967152183028,1.6990607523969676,-1.5836685414975178,-0.29722770111457686,-1.1520067244221108,-1.3619837296303328,-1.764718841447618,0
-1.1357571150826027,1.27834420165593,0.00932133779606678,-1.7598952854013514,-0.7453442950497876,-1.395154510179935,-0.9076553964486743,2.3687518182311367,1.5406704654620023,2.9340941475823414,1
-1.22341926853777,-1.4515181184283728,1.0366064138649516,-0.4095073835271956,-0.30736124134784987,-1.9807610746868525,-0.7507973906517569,-0.7928442592656264,-0.6444130292237755,-1.8852343559086617,0
-1.9872889993974554,-0.36962123238004674,1.9306420024624773,-4.641203867899813,1.0261759668603714,0.172769911624844,-0.5774916995851048,0.5969543521557916,-2.3551588130666694,2.58453216688745,0
1.2570710164567924,0.4178640261994408,-0.8597876419714956,-0.4713127045287705,-1.4953821824487257,-1.1210419675015462,-5.537076563513213,3.785878251552371,-1.4523894661408165,-0.5744772647470032,0
1.923699060101224,1.6577405500269589,-0.06542809442218743,-0.7506616090664235,-0.86941543155261,0.06540948763580412,3.732588602053646,-1.5792322217976125,2.7533372863979357,0.32757186252911413,1
0.9320614252567425,0.23891686709962753,0.059574110980515994,1.934180077053025,-1.9196755003382913,2.324789037382538,2.874548656612351,-2.033301513036648,0.38252228001787125,-0.28586821744807966,1
0.8968798050702163,-1.3263766461762694,0.43053789319813046,-4.255797683591199,-0.6751563752501056,0.0012378988116323875,0.20648086041513608,-1.0361021792478695,-2.2089440395326427,-0.6274506200989862,0
-0.8989116567725313,-0.21919922077454188,0.537995649068834,-5.608112999199844,1.2158839492580868,-0.20163907687638993,1.0496412663687658,-1.7526851716897403,-2.7577496457636315,0.27781183843710056,0
0.9133407766769117,-0.580741118283471,0.4983144204532381,0.6564997239547761,0.6978071357336549,0.7733780546209401,-0.5063500604468606,2.2875313365794048,1.675497043902193,2.445134595831351,0
0.23040527651561216,0.8105937992459662,0.2604186067710959,2.990034005701885,1.2705053810343956,1.8949929713733236,-0.44760594110603,-0.0052416046700694,-0.7656883967042805,-0.47536773583046615,1
-0.8641971335847276,-0.3086431296882937,-1.478447420270831,-2.255790402054869,0.965679956276048,-1.486256614533232,-0.10862340081517201,1.2213929559958965,1.2114254852319521,1.9875518556793106,1
-0.7087541704026339,0.17829094112565858,-0.03933995592736076,3.4214667888309926,1.7930609918104823,-0.3356169472715097,-5.225239200870856,3.581369183673074,-0.9078427760478829,-0.25616756517224837,0
-4.644483265543257,0.21067741079213015,0.6495528894502819,-0.9618168693012358,0.14755258590743503,-3.708996798427396,-1.639820103663378,1.3490486416481033,0.8444783940092802,1.4501204616348697,1
2.4430921478994145,-1.8579760248927368,-1.780103237122918,2.447573288429024,-0.23801962011695701,-2.2884852306657453,-9.725832037115605,7.241168629830624,-0.42998959432515815,-1.2752064670603036,0
-0.11822756193084005,-0.6044277679644929,-0.5389869883751089,-1.960245524369959,-0.7463478933968806,-2.1774762249294417,-0.23498262516607363,1.842752343994642,2.5101129441324286,1.9980916765991732,1
0.19890865003943126,0.7480869472432111,-0.3091434841489421,0.0752492361512902,0.5427958505501123,-0.695627450696416,0.6137956067636746,-1.3781323820075553,-0.13566769590787275,-1.79697406901372,0
-3.3331105920308155,-1.5079529142781543,-0.014500928811820791,-1.3227087630988696,-0.29010445031525917,-0.9773184941283378,0.16600985184868047,0.26955001940946355,-0.07144495943360596,2.123109264654779,1
-2.666762362538602,-0.09912479138785595,0.0741340400516567,-3.153329345394326,-0.2853601457781144,0.6156539934372214,6.82906978942735,-4.476247499718472,0.9168630184219511,2.167910014728436,0
-0.00139274260313349,-0.886353477310738,-0.3767004863722298,-0.738782321559228,-1.0608834215622855,-0.6504870216393133,-3.96016644133422,2.004813949675687,-2.240034117255987,-0.770426506174597,0
2.4403751067544768,0.18820208842281722,1.8350049552611885,-0.14885533958679076,-0.374661562507252,-2.452386194568233,-4.986178027737529,1.6620706830976655,-1.638987992916451,-4.295175692789872,0
0.908081828516085,1.0147850596575199,-0.12277952727933832,0.807899358082771,0.028060806383912448,1.3512980079119035,2.420104051202192,-1.3458283283190784,0.877551104296757,0.15968204571720446,1
-1.6950011450440576,-0.9416248028469959,1.033487292768359,1.4655912718291417,-1.2735990010357823,1.2369190747873033,0.0967055231231911,1.1558474996620554,0.5369818686150324,2.7010593137287366,1
-3.008037019014222,1.059390567189696,0.7238708749076856,0.37765859563986104,-0.8293124395557757,-1.267608855243698,-1.801112080961152,1.1117334224944877,-0.5252223330572541,0.8480990694370815,1
1.684470095878831,0.33490993645994044,1.4663987246010093,-1.160921756203397,-1.2181484120692732,-1.8343512928041645,-5.9713283718189665,2.9599306572771322,-2.431185317986288,-2.449476534157726,0
0.3176407158997039,0.8097357497947946,0.058755387939084004,-0.9458898680601588,0.46515399482691894,-1.3401045560171299,1.8816330625237379,-0.6421687417394817,2.2073534412598406,0.2699979065909817,1
-0.9154045531695126,0.5244765096507347,0.6799686647978321,-2.3722284824841084,2.4257629980549185,-1.4136544986002249,0.6543511999668044,1.3212684902409684,2.078732518715867,2.8833360999574507,1
0.4447180457482789,-1.4743508560246943,-0.3643201628489621,1.421283905649256,0.02807653449454904,0.002720220245566285,-1.2848114714738397,1.945460334443689,1.1779805498977645,0.9978893290838311,0
1.4244876511470999,0.5674786341372773,-0.1298726431173898,1.584549939434034,1.9581522269127134,1.5941188931404664,0.9886979933956438,-0.32674420395640524,0.5253621069980607,-0.03220908696487338,1
1.2931261149386715,-1.3061577004789535,0.12936433827975002,0.21087592506044517,-1.4044482508332634,0.7420427735266859,0.5970938784804467,1.7486694151770135,2.325382914587312,2.572347631822808,0
1.7093870561024522,-0.2594680999879023,-1.4988247789067888,-0.06543727523578147,-0.3219769900741795,1.8560480856008996,6.018381420571568,-4.108915603628795,1.6140322129600064,-0.4979773663113788,1
0.835335949413734,-1.38928126862327,0.49738208669202055,-1.1250790504579038,0.032732477657032286,-2.272548007163744,-4.019537811989905,2.9100882873126004,-0.10870799751669458,-0.5721130753737419,0
1.9661825746232606,-1.4306525137212387,0.8484960689000609,2.8536825160763413,-1.2359163752366034,3.477528067141827,3.0747878290560124,-2.453155985099512,-0.09991731869965181,-0.9614466225155407,1
-1.1466642508010774,-0.8342049667644664,1.4230616090087518,0.9731892620337101,0.20820510866883737,0.2915300584411884,-1.8402748350847875,2.3097841131989565,0.16782160972127047,2.056492316973204,1
-0.1539395282287057,0.6568495243296528,1.493264821887517,-1.067645581782623,-1.1484146746365285,-1.0034630051273152,-0.06350135787650253,0.8811221828442188,1.1569558625325445,1.096675202695956,1
0.5401418307594474,0.3549299233926498,-0.08192307484655668,0.1009649692942094,0.8913396468447979,-0.7918277377560767,0.2460521568830688,0.9191312168846775,1.988432078667804,0.8634287629778568,1
-0.027146889774274707,-1.0083631615496809,1.4602281797389625,-2.1940734140191958,1.6971114804731318,-0.004842243941918678,2.679999701813447,-0.480719806695066,1.7506239741746583,2.255817019623686,1
-2.024150034817527,0.07268672728206203,-0.5834879624313636,-0.47710223278479413,-0.31563385420893914,0.7704264599218082,0.4779922793376135,1.503727059088992,0.8841556723299043,3.984765573949656,1
1.7021819558346465,0.49487120020162356,0.5303099362479597,2.4689414707831516,0.006638010381105304,2.0051520862902157,3.1003497356025207,-1.9122363205108566,1.3826058264577712,-0.5789310436091114,1
1.2488171102726335,-0.5181357692550287,0.29944600405475946,0.31390931418914847,0.5086900801902082,-1.0252308157043013,-2.6531926497138776,1.6101860851798029,-0.19301141251502618,-1.2302247477534962,0
2.6417222887184755,0.15981762272714956,-0.8012932506336231,-2.602895530192731,0.2729899044904501,0.8394752588377932,-2.7107297860481476,0.587843815006908,-3.4647620567639956,-1.8708176983930878,0
0.4224174909677927,-0.03277670195769679,-0.7643162302278239,0.7210287985510275,0.5309329863493768,-0.2542204848573809,-0.8838716274865883,1.3142637181287586,0.908028648171031,0.5510393159980284,0
-0.5294761147198357,0.11976998154074835,-1.0108055705118018,-3.4079959660822823,0.20048900501679653,-2.055180627122957,-4.692477055496477,2.5584760632933157,-2.5706444449173933,-0.2906905988297595,0
1.162374989811437,0.8552942132023134,1.3337490486275165,1.3589083121168635,0.5044956768553063,0.529469841886574,0.03886250897145869,-0.2947830832967331,0.119711152498718,-1.0844582875858357,1
1.597725658963764,1.0790113624135365,-0.7727086601309809,1.9652293081350387,-0.5783871217234395,-1.3768821947039436,-3.634538143037022,2.3949702475289634,0.4544558968441662,-1.7449044792924948,0
-2.7475350997445975,-0.2735735435110236,-0.5897052945112294,0.08946771216283667,-0.103349777083527,-3.580478197221644,-3.0087164311522443,1.7975027933679997,0.48091411516773785,-0.29639823550861283,1
-2.02787601415757,-1.066668737774761,-3.5409611463465622,-5.515028238869665,1.4465764535017855,-1.637571243463865,-0.18246665012928573,0.15716903173090546,-1.3452819714846245,1.7931918253700072,0
2.4453022861498557,0.6264397504539391,0.18050463388908677,2.6908796970165145,0.5156628049375553,-3.293882608578943,-6.973822018640205,4.241226949527642,0.4445323729238828,-3.5304374922548045,0
-1.464913619823625,-0.8722740951353968,-0.16920973832562736,-0.1926757608744445,0.21678207171360697,-0.33386157533314176,0.16724147727110583,1.2452675311531944,1.3187023595091287,2.5282180073993974,1
1.0425128338364371,1.8930361454035207,-1.7050087727384593,-3.4079273286086402,1.1776479844929932,0.9452004486797958,2.701708278188008,0.3014930665534896,1.6793604353436518,3.5401089349895365,1
1.8227275449245521,0.928717832228207,1.761011230334019,0.9517510471216202,-1.209418667715089,1.8539633754735474,3.1377655111835647,-1.7754770790194185,1.1453362102743323,-0.09286303892569316,1
1.6427018134770428,-0.009197164050925629,0.28442374045197166,0.7144498851628037,2.1524861327973177,0.7002655933017041,-1.5762495410231119,3.2414890412873794,1.6876880130643659,2.4221071045421856,0
-0.4429722423765561,-0.4794804554303609,-1.1833941744295695,-0.4822051738918143,0.690094797602683,-0.608135382252091,0.7425099877648574,0.15085165122817823,1.1765222024334383,0.9505110295882375,0
1.6963566932349956,-0.544081311017581,-1.3969825943443908,0.6002304187126595,0.8043685299379365,0.6854553827957981,3.2364081574863683,-1.5220629051585792,2.2313129495608184,0.004264594853837433,1
1.1266471126212754,0.939303383562338,-0.6198526283571891,0.11982519665241309,0.6319871331739438,-1.4888017937240101,-1.579374004598441,0.3858959581149447,0.009610480553471135,-2.079600503965639,0
3.7540718107230036,-0.5321418699618199,0.7441577788946404,0.33049980837101134,0.7071129589620102,-1.6766691978906407,0.4564461212060487,0.14258744453629502,2.917584331324585,-2.087479695397741,0
1.0758172436631017,-0.40720196174469764,0.06323765706912303,0.07837663081830382,-0.7655184968435811,1.5271364660623576,2.4963596061041855,-2.156293292578873,-0.23859968435008239,-0.7267401986568536,1
0.9221429987563083,-1.9340439217476193,0.6002250417454383,2.0933762336666657,-0.09298240734595058,1.5226706433612005,1.2366808394557407,-0.5115292310500863,0.7419327546711887,0.020722043275601256,1
2.1446993311117803,-0.47598352432522295,0.6799278365353183,-0.056001232175149296,-1.1294999627831657,-0.17026803090628195,0.20952775076794064,1.5253387384497525,2.4293469299112362,1.1723830651240374,0
-1.8293027684479344,0.6954447363925536,0.7597374610582138,-2.650603796543219,-0.41304848883482537,-0.5708580851363125,1.139388762147846,1.6964045899896036,2.0787920320326174,4.721672335971277,1
-0.8485494535198452,1.245025635723315,-0.7914106743775817,0.30545044927701404,-0.622904822813386,-3.700717514156164,-2.713023370024868,1.3191304541930835,0.93575444633203,-1.7662416971628792,1
2.149364958892777,-0.08374738765171298,1.3892851290935988,-2.5270040771183058,-1.0811393326732892,-0.19023219589324258,0.9151123313807087,1.434531099074354,2.241802977085837,2.2857754868524482,0
1.1662352287073776,-1.469240580740372,0.9520877708182744,0.9979836830494234,-1.4594948960263467,1.6498382375193263,2.4158812249884782,-1.6121696792524731,0.5048153811318226,-0.2671273678811224,1
1.0556475881675131,-0.9231577428076859,-0.5221314199471975,0.8912007895210871,-2.129899448407258,2.4231779083411653,5.841453477324775,-4.11731736108543,1.182817258710156,-0.33930310196007774,1
2.4594907138946644,-0.478034012631749,0.1729698079558269,-0.6717461402146581,0.7366199329005703,-1.1365875572366404,-1.8392833410739056,2.2156518999496244,1.366438515935721,-0.07653292545454216,0
1.4821110685453809,2.230818271811151,0.1361958628054981,3.108760559160851,-0.7081268640084478,-1.2852558767643223,-3.143475195926572,1.7111249577506586,0.6354941855978848,-2.4618328921430215,0
-0.810947062358349,1.0337971915140716,1.8791878850731307,0.45871291794394276,1.2107755219347964,1.2734339995880493,1.1017210248672402,-1.292761689842128,-1.04851631242343,-0.002472713924748386,1
-1.5809904537715491,0.23142546831230806,0.41420159943005663,0.9242233011749652,0.5320498384858374,-1.0778545820822076,-0.6893772377804248,-0.21700193622845831,-0.2376569071391179,-0.8055549070351379,0
-0.9741485920716558,0.596541664204475,1.6561148928803573,-2.331349001385947,-0.10720471209814875,-0.8000312637448121,0.9737299423133096,-0.08333794122270177,0.5310516134392524,1.485390154604496,1
0.46341176498264136,-0.4739381960231787,2.054322205562732,-0.2138570941044191,0.8523631348003574,-1.0064660354933905,-1.4940884092301971,1.397947583847044,0.5196960948402827,0.030348414327962155,0
-0.5972084709363022,0.959419586733026,-1.2537770721815429,-0.3459428967158611,-2.1040623376104812,-2.192811308127738,-1.8417446451355817,1.9042720833787523,1.2341002069207925,0.49497369654483586,1
-1.3542112954254304,1.4995140293927778,-0.4455442533670452,-2.5244121571447375,1.5299979810812656,-4.460220227623818,-1.4361360058222066,1.9202061468348552,2.4181805190294003,0.8481709842223032,1
2.7171242357176144,0.24720339962663224,1.7692977462631747,1.9741647229772412,-0.4569525571435672,-2.242809650584559,-5.84321465033392,3.601660605071559,0.0893168978770209,-2.9364846136066154,0
0.5265210978682211,0.5056310512531128,0.19250493701867427,0.17017835249185342,0.6644002490290501,-1.5470513602836435,-0.5073780617890116,1.0182534287715632,1.8141565981953962,0.008280267838000772,1
0.10944503010736628,-1.7063994104714486,0.21224348794614614,2.1501408450201462,0.33569658215474196,1.757284217810363,-0.8750252627207126,0.2933147313579956,-1.1820548479120423,-0.21764315495838113,1
-0.9046762955590484,-0.5115211683758064,-0.18863466385217598,-0.17575513378580832,-0.1991701900603925,-0.9807178586989833,0.27303917072312545,-0.4973179852341927,0.2500778661277807,-0.3694501833961491,0
1.190387559151908,1.5065848461335742,0.1417047166539316,0.9325956664305748,-0.6681645907735275,-1.0564263577580078,-0.7814131828378199,0.7407733303677324,1.2851655168026264,-0.9399866086424157,0
1.968489678916439,1.159803362660916,-0.09752322568194934,1.6947681180792382,2.17088440485843,0.19120434914210138,-1.1579287705309014,1.3225298635267175,0.9935448587338507,-0.5163682392212094,1
3.3562413556431028,1.1393869305161624,-0.47697938932273776,2.2240721440117652,-0.6165369271282555,-0.4522635925954994,-4.427902808410472,4.364896706966248,1.409238669468397,-0.2545617457964396,0
-1.7191170304197727,2.431672342531423,0.313883772123974,-4.248765330685304,-1.9107704356721398,-2.5892587175212363,-0.023012075751210934,-1.1968229414276133,-1.3176411869088702,-0.8374425442925145,0
4.027303669953357,-0.2708112728027683,2.800876947609391,1.1607238016794323,0.4913651372326318,-1.4193094677798732,-2.0314951453167542,2.135713679045602,2.319773846315609,-1.7344940670790205,0
0.22532879044955245,0.1875297603029304,0.9383503130243317,-4.892891635016847,0.20949624772827988,-1.762920430352841,1.6148119717730758,-1.1833672943321596,0.1698410488457065,0.15604089373738772,1
-0.9202879395221869,-1.7875529941443247,-0.4242568728972785,-0.5495568512876678,0.807640580885491,-0.4759697561545617,-0.30742702425555885,1.9225263263753585,1.5790927209930108,2.8119571163171284,1
1.039645491783321,0.2154934679861821,1.165877811457279,0.6765757582255305,-0.311959313116186,0.9308439192323759,2.971335973856014,-1.538939642316346,1.6028363233306995,0.16337056242915077,1
1.6359732095666166,1.198300439267942,-0.551876051185797,-1.887440680806995,-0.5621175920759395,-1.0292826007806257,-3.9881303278300106,0.7302754705826842,-3.35638083221381,-3.2640653109327995,0
-0.600020130106788,1.1207586339390962,-0.3796535890915712,1.5149189577442774,1.1439455703891357,0.9608735132972758,-1.2439798598101905,0.37670213525300733,-1.3258707846118392,-0.24413629449157334,1
1.9470265597804879,0.039848239515323805,-1.242826058329825,2.3158558611517446,-1.0959377796704024,2.7200090374331483,1.4291236830372844,-1.2366514698263396,-0.3600975801122006,-0.8856922723452992,1
0.08735203612450848,-1.6785011885482375,-1.2650189283134636,2.9665512295674983,-0.14147620346559694,-0.6352621000239025,-1.2084159761373305,0.7905133626407617,1.0315434282951501,-1.0307380645374145,0
2.0846140476306614,-0.05688614954256105,1.179145716235675,-0.4400974861549276,1.2486557538896381,-0.4269182255543944,4.189740441999333,-1.7029047504812438,3.667310780354746,0.18727433815642924,1
0.7255920005125391,0.6474075265997693,1.0370622897644273,1.1277887310832349,0.0037664035082537583,1.7901570301654233,3.486007989850144,-2.224437922725879,0.934475119616995,0.06763982178336407,1
-0.8406639149586013,-0.5028928587633323,0.16948104742061337,3.120210644908862,-2.2569653844766964,-1.2743956696820313,-4.991408861425987,2.409212137386846,-1.3002859488216378,-1.9402270333047278,0
3.7866728197195534,-0.22777127624396384,0.7142374677317087,0.6264326321884193,-1.1218488443481371,0.26459024684503807,0.8079673780770037,1.5665206066121522,3.46939230400881,0.9388568198206002,0
0.2859889712861021,1.3355561782979053,-0.3752311512879533,-0.7058728778957111,0.3838946998444078,-1.2363227363615565,-0.816102403589568,2.4206477247974183,2.303865117043367,2.1690657386263017,1
0.8255356889322572,0.3780156477602202,0.42251814434160273,0.07631540217424071,-2.232289356078517,0.09007271759401125,-0.44873082167995937,0.9556546494160792,0.6323463258843787,0.5411339136803024,0
0.011843616619079067,0.7317864863922184,0.10073524631751796,-1.252272866051154,0.6062097760176023,-1.1688362872971116,1.8576550193004089,-0.44718825136546325,2.069713383582908,0.8257599195811752,1
-4.309281554558806,-1.1913603509163007,0.5802232496523899,-0.4361314618557359,-0.10390013237014918,-2.57750493403017,-2.108262574651726,2.539692320314451,0.9749186903641553,2.8760089942367335,1
-1.6026681433448156,0.7863963530491347,0.6833588234970358,-3.6085649317485573,-0.8386907445435131,0.19286034883111003,2.036147577337672,-1.0552837922286384,-0.621866990834111,2.127958619971802,0
-3.714600736629982,0.030577548013576275,-0.3701864527252774,-1.4270612253093602,-0.5542149526868441,-3.014421535535983,-2.630420601028689,2.519135992850172,0.4528542453975276,2.1566977313630717,1
-0.6565523016822843,-0.7011642221636102,-0.07051869299831703,1.285163188325849,0.18496192708549483,-2.2097270226242838,-2.5776076424003165,2.507065874004641,1.6215014409993,0.2951359106310761,1
1.1526194688642888,1.1578468514595746,-1.3069854591359271,1.6907393105562853,-0.7125990819117928,-0.04503708297743836,-0.47110255294593356,1.3987634751063047,1.8423201483734761,0.5048318407535232,0
-0.8760829261196288,0.03082420442756455,-1.0001675514487454,-0.4794727609029752,0.4142344193015289,-1.953260157575703,-0.6993606011131093,-0.7305823000474625,-0.48628871034387355,-1.89864292997413,0
1.022498127637479,-0.3303492465514715,0.04769947087362862,-1.9656800316102228,1.015046943458476,-1.0449589266575248,-0.01628395619284157,0.5937553447544421,0.8852499115099253,0.3567174052101255,0
-2.386776907955915,0.15163477940817363,-0.9425754319909965,-0.7211674457145039,-0.7633569134830759,-3.9146069084209976,-2.159879798056247,3.8153083366559617,3.5783198778228127,3.1457373006579807,1
3.0734434209625676,1.752309969710899,0.10156233219140404,2.2793708523347207,-0.027952130248583073,-1.6031981315620683,-6.555826985283204,3.544706848388877,-1.0648735424567295,-3.6276146965788443,0
-3.255902455187516,1.167450417876661,0.8184087934315182,5.6096735863347975,0.2399715905526778,-0.4718973621844613,-4.540933266643303,3.5696473051846973,0.1812184605677274,0.9947640465767233,1
-0.9758356310497576,0.9639448490796676,-0.9203904278356327,-1.1367119358517965,0.16695961439579357,-2.4616353328286653,-1.5267746314134654,1.9947291621903047,1.5067746620620341,1.1762310900174222,1
0.35428917099315516,0.7698241312706066,-0.47093319782633974,-0.2101888032410033,-0.3847000088575499,-1.5914326856181544,-0.4590881535182885,1.4342789305240005,2.1528892657806233,0.7957318403962957,1
1.570919375487846,0.6747335553087742,1.4983949574188502,1.3384418255207646,0.8604009567555533,0.880875895791868,0.13914904999080663,0.4800351248971171,0.8646535094756077,0.03252995435970761,1
1.7574300680568147,0.061167902617495,-0.5348676170953474,-1.4868585263467378,-0.08971782879225479,0.3750516622066393,0.717792149903256,1.2080323444348289,1.6544000398379035,1.9685099099617926,1
0.9335998119964841,-0.7615531754262111,2.1974837210545815,-0.9934797246273832,1.2019666345182933,-0.8943439483558291,-1.1144096527516298,1.4227975052498452,0.7169850180326818,0.408398135190929,0
-0.7110176903173888,1.5328290976625387,1.502194217148193,-4.423158881365427,-0.7977338737999218,-3.068922480466594,-6.454375540212138,3.931330864955529,-2.8257246453389397,-0.004182191201985882,0
0.1660618737446491,0.18016214656648327,0.021404045400808237,2.465822547816769,1.1805262912317216,0.7074184866171793,-2.0757962727112074,1.4482004582480696,-0.44529463673086433,-0.21729096794199212,1
-0.48808606209656547,0.1166107956322724,-2.620157187847513,0.14094486493518765,0.06960207363820838,-2.842028143563013,-7.394836460624554,5.634817792578498,-0.5579625608848848,0.3631253920642532,0
2.219615123650489,0.8474157131500993,-0.4381515056207866,-0.24203846151348696,0.5778322886399249,-1.1880435903187139,-0.5525714713155215,0.8627208342426204,1.576149536127386,-0.8432573714715363,0
-1.4292038292759264,1.0503174060369804,0.07917846297497264,-1.4071843907689285,0.5871134486556414,-0.312798346685637,1.6250933102712855,1.204977537519409,2.486912740123284,4.0537226556885555,1
0.48906218878569874,0.5236445700358784,-0.09697051766864213,1.2870131412245844,-0.9901388917442313,-0.9445653909940265,-1.0291408068126477,1.0547009165153354,1.2119591838423376,-0.4097070026323368,0
-0.8870054295095097,-0.7592426819265239,0.011158911623571783,-1.7308391578439501,-0.4280517841485829,-0.8792333606971634,0.394261203117944,1.0608336000529337,1.3575234300464325,2.3406464886938547,1
3.1833176813950232,-0.3201930196346475,0.3827463149482212,1.4767035515711155,-0.8612728703928975,-0.3920763997803346,-3.4132894746274776,1.8399539598564474,-0.4126441629539215,-2.579949348986805,0
2.1421559709370364,0.7875884733611177,-0.11584627234825322,2.4592710888322697,0.9811391535716845,3.575009687492965,3.451965551503366,-2.8485076130759,-0.25647105257470804,-1.1278231450964757,1
2.2305187465584035,1.359995270562447,1.9816014026513504,0.30731985380108184,1.744209822592061,-0.11844383637016442,-1.3298844838654893,2.551654925802608,1.8494818341322472,1.1370166012010998,0
2.172838078658325,0.25534010009093083,-0.6278775390205247,2.001932351767338,-1.1501688401667924,1.2996173105269602,2.3505726017196444,-1.0229233191521072,1.9097153510643512,-0.41510120666639583,1
0.7813209247616848,-0.11898119144995098,-0.64539309458811,-1.6086543395716655,-0.6896617174685151,-1.8777638144362734,-3.690906275350412,1.6741927892661899,-1.5011954887992007,-1.6881060462523425,0
0.873059623678771,1.1966177360048202,-0.3781936851072912,0.9749097474489946,0.480882653933827,0.9153867345898324,0.17758552991703647,-0.024970704140388267,0.06110304413456835,-0.17878055107379806,1
0.41039755219706386,0.869825681396013,-0.7078108009966816,1.5933007337048783,-0.432707627937086,-0.6392374118356992,-1.2075424789505007,1.0256002595953446,0.8455616636962731,-0.5159181656651208,0
-0.37053123068795646,0.06725995952489733,-0.4317485253908717,-0.43212661642997396,0.504050337735262,-0.23630535935375097,1.1380561719019575,-0.027968391614918486,1.2021018619024768,1.1572834603316322,0
-1.0240467431134694,0.5182585984333133,-0.06542828162620223,0.9539272480979846,0.34677090290089946,-0.780426435291532,-0.9211793579840988,1.974479994620511,1.6909487584043381,1.8842823806449291,1
4.027636531356082,0.23843984438833996,-0.06297691981449226,0.3357092039970183,0.4829567337840797,-1.736277147753409,0.19649413045207623,0.2647884346102086,2.85719044557535,-2.3098790013795485,0
1.6874621635720093,-0.9907027589334488,1.0679596745340911,1.1425682356708577,0.7513474611501303,-0.32379997260711113,0.6502661884527333,-0.5095944545725664,1.2739180774063925,-1.418462758872994,0
0.759216753761395,0.20998819408049657,1.3238246127209083,0.2675475299842671,0.36374464416026897,0.5179184768260026,1.4327414179854738,-0.41584785040027517,1.0984062467217384,0.44798112504472337,0
1.3334938487792234,-0.22930508753249892,1.579033701092001,1.6295800952366775,0.506465061928088,-1.0422536462530223,-4.1743805826174025,3.0304440198148694,0.060993249928973925,-0.9722461548134871,0
-1.4307583544730917,1.4846904025987575,-0.8233695226135396,1.1643995075525817,-0.15952204806612233,-1.2331812961274327,-3.034933191093746,1.2352099175800897,-1.1741946729205215,-1.044231064707494,0
1.8975526064601522,-0.6977305159963834,1.4139851569978024,-1.9864911524723161,-0.8614186380975557,-1.7132715887739423,1.2849415878156167,-0.5110509076801204,1.9215550331433477,-0.7597880060974932,0
0.33226169596138244,0.2703320831613331,0.4467118992709157,1.2697063353157645,0.07759846984107813,0.07231523865366452,-0.06369079067063725,0.3722038673989303,0.808038867715825,0.0020661194445459686,1
1.5877314258397313,0.06942513408968863,-0.7997222554109635,-1.2293327727337997,1.3297307914204186,-0.12880849037245468,-1.5748555069053725,-0.22175166089251075,-2.021140708593577,-2.232907150643433,0
0.9870843226889924,0.471809099253734,1.0971775503822956,0.028590128623240174,0.24521470470437323,0.7664504661482032,2.976880050594573,-1.746885734298969,1.2631830816119645,0.00047648800416871383,1
0.45467804485643804,1.138935820977949,-0.9972915110979095,-1.0203347095980444,0.6159550890440554,-1.41100477628513,2.7271409122893377,-0.3572004641156922,3.5275303024866513,1.3298469112714697,1
-0.303519150062753,-0.48523912503814143,-0.3997933544875725,-4.027096622714016,-0.718633930052811,0.5117011678051908,2.003736548181139,-1.0854218106876377,-0.7795332529946863,1.6454345572837321,0
0.8582667758334701,-0.4625983328395942,1.8662730762681676,-1.2380456553620478,-0.7542681612914635,-0.5297906156949601,0.3126256448385396,0.6075126430503924,1.1237592759879016,0.7804763452514344,1
-0.7829605271844644,0.2238756784689018,-0.03394224289090872,-1.335051621905389,-0.08308800314950383,-1.9373806862687322,-1.02360911737048,1.2483730237866162,0.8890082781194627,0.7538236277293304,1
2.7921052610021886,0.8512333705208499,1.0973012889525897,-0.2988462247774908,-2.6717142433836316,0.13335333121501847,3.8404869292575965,-1.2560544991959248,3.5318838102789436,0.34899351495251046,1
1.3525774793247658,-1.4932429867505081,0.06980279583672772,0.3975540383266034,-0.044702815741785216,0.14366499830678925,4.699815869884484,-2.3620962545106474,3.2817067932867157,0.11339732150055581,1
1.4891392119539058,0.82979081410692,-0.9717275602551337,1.6864469744342636,-0.5074351128366975,0.7877910633819778,0.3599642590378552,0.02400941335282525,0.8233178842192725,-0.4964883135082086,1
-2.383450489764213,1.8405651181061153,-0.2616674882456412,0.4337763832250934,0.9306886339120374,-0.6865127001351727,-0.8312379600034001,2.236215055006869,1.4852337439413401,3.1855727619839382,1
0.7794777882248698,-0.2518927508324297,1.2678987951708858,1.0239363772103387,-1.7704339025362246,0.30683739994973713,1.2240641015292917,-0.24542893642592134,1.4789555898176787,0.2092587767656125,1
1.9534054685597733,0.3584569662278545,-1.2216696022432145,0.9618374464097904,0.013830199723696996,-0.119760405153996,-0.8137179500335074,1.9005790406939271,1.943372369834211,0.6545779935622984,0
1.9141963124983534,-0.45152601692168154,0.06770781001595248,1.3608654883078608,-1.870061098685374,2.03121319116657,3.116706158168372,-2.0734460575665894,0.853145732941193,-0.6020474087880847,1
1.1251109424943793,-1.4883254135185378,-0.12916976316448395,-0.17825221956154347,-0.27723669854677996,-0.04176657135467443,-0.7089838422959756,-0.4046291451870847,-1.0033277378106722,-1.7257549452592071,0
-2.3302480246955257,0.6294212470834306,-0.006310363664730578,-4.008037685727462,1.440599892079389,-0.4703854686171842,1.937139011642558,-0.36230131925223574,0.1598031591449961,3.1939122563450604,1
1.1770098329140302,-0.600381390512336,0.742890329541174,1.427959030074314,-0.9303115711456651,0.7248102207763729,2.9948468887744175,-1.4804175820456664,2.1546193074592948,-0.08295937314070306,1
-0.08561342091346424,0.22519232749093304,0.21356693329250903,-1.6095003286998093,1.3015113634798892,-1.1279486851932627,-0.11822923405459104,-0.22210558058965546,-0.1428511305682052,-0.43835091546749355,0
1.4350170116950265,-0.6862827822133699,0.5081792890523279,0.615902337319346,-0.5838027669199817,-2.0328482470526343,-3.4676365329366283,1.6967520634531095,-0.12920742987799527,-2.4237446904335687,0
2.662815957514352,0.9700677886825241,2.1146001779083368,-0.057550874865121227,0.9961226602523151,-0.6698612506073243,-0.5305965580261319,1.4781522965297205,2.0260299755752094,-0.016235289452401144,0
1.6164595677038414,-0.3326707985128008,-0.962675694089487,2.4295249405154475,0.28950072246712927,-2.708067175862677,-4.6624500961202235,1.5408069777094238,-0.4401751968374368,-4.531953511126945,0
2.0821514915260435,-0.7975065804790082,0.10115429469956397,-0.12057095140995044,1.4588832873162534,-1.9583037128444658,-6.654392880179365,3.9516059752696138,-1.612528379480921,-2.1855537868193085,0
1.5972113780944897,-3.387234583891768,0.24962602560472855,0.9088429333887849,0.9225819634611637,0.6110583906776289,1.4371324420507747,-0.09341401122181003,1.8021819108870494,0.35507417811233705,1
-2.144396973871311,1.3344168995455894,0.14320770777299666,-1.8264738322943037,1.495024519636157,-0.8824441476386171,-0.6425633778096029,-0.004222379779406316,-1.2605265108365762,0.6014323793205093,1
-0.3407007070863326,1.6166411789888955,-2.6906063880179767,0.42929024157717244,0.12125475009869426,0.1215665932638722,-1.0829703060574536,0.4729934353974681,-0.7589339087068083,-0.17825453476246786,1
-1.5786602759070512,-0.07549237144633661,0.7585357401050976,0.5579069340777278,1.2550102168635007,1.0798883479145642,-0.057760297739716776,1.9634268677672955,1.0057625622294795,3.7977801506861764,1
0.8668172077616476,0.6966881579538906,-0.557129888598408,-1.125038438054275,-0.638723320526415,-0.24775538703876154,-1.6957705800811034,2.472022331829823,0.5949121620761657,1.702327662146213,0
1.3387358087924746,-1.462032809090067,-0.005204434201671527,-0.41323707709041047,0.2246136665566537,-0.6237268174192514,-1.0616457221463742,0.1570166359822287,-0.42790785707093737,-1.5472397056501979,1
-1.1892855900411303,0.8212387696803878,1.1934684285472081,2.347841965301474,-0.9071336497623553,1.6523602210945678,-1.1171022686633456,2.81717944941941,1.0083628273932765,3.647409716191214,1
-0.8014128418271733,-1.4863533019065733,0.24068982229387786,0.31715776022556974,-1.1247465308643787,0.0477660022024573,0.007413375262763417,0.22510364028772933,0.13703989071455458,0.6632641508259552,1
-1.0266440255999667,1.6068927004822113,-0.5452870705094125,-1.8449392447626218,0.8185370524351505,-2.578095553667527,-0.42319738771627236,0.9483438871296656,1.4955862978500705,0.8437874613881706,1
-0.9991107037536578,1.8230412506059113,0.37852486357855314,-0.6849215452162882,0.6297696806372028,-1.1399334259415208,-0.6735176708318458,0.13882600175659354,-0.2649943979420921,-0.20403739553199576,1
-0.02770791868318212,0.9412627229597609,0.23172100021419154,1.2956033300287668,0.24304662965364918,-1.4685251076300618,-1.8257418962368563,0.6270867128619968,0.12953161171616567,-1.670012744427872,0
0.7175194211105772,1.9766103338806056,0.5264618134118679,0.06826092233724901,0.7456735234735848,-2.7755492101295176,-2.745307724770924,0.30944965093251486,-0.560155169240063,-3.5375317758644647,0
3.7256711625519836,0.7229828113771894,0.8942375132116674,1.3373361480622896,-1.0858074135065343,0.172527512861254,-2.232031868833785,-0.1396747886060925,-1.4610580205088632,-4.300029148337103,0
1.305608011254351,-0.4586002861898597,-0.3958303766699278,2.595878915241016,2.7717896094916394,-1.1675472720761786,-3.032239262045497,2.0781318879663964,0.8245383455696439,-1.582601545765228,0
-0.045458516615416,0.5331036100347484,1.4457181121423268,0.7755805249308625,-1.3245730745368822,0.2923353249627634,0.41366068041719256,-0.2378159913522595,0.28582332385460296,-0.01922170265212039,1
-0.16971593530451945,-0.8016790366677842,-1.7882474858842188,-2.5878817393902707,-0.292668612410809,0.04555082322683002,2.0598747236566175,-2.708273555835602,-1.4873103921133248,-1.2006364505445135,0
0.7884248427198406,0.4151477329298358,0.22652154024166818,2.508246257203617,1.0689605809846687,1.325739030082348,-0.00481912213764598,0.2392552703036832,0.3700316453228598,-0.1453254175566826,1
1.9050664845731284,1.6823222129520023,0.6115210937041258,-0.8174381204784942,1.108997119123672,-1.1861932175017265,-2.9380375592162906,1.1253618658540012,-1.1685460428331362,-2.26629820218252,0
-2.405579982539585,1.7456690286729868,-0.037544957923991595,0.3515909182820389,1.683817763331205,-3.0383481517935405,-2.482136300414432,2.4676726869734393,1.552204070393144,1.0915105138149135,1
-2.1131696795525277,-0.5627021657665037,-0.6573816578684561,-3.240620089483956,-0.8666786213532843,-0.5518311392673023,1.6522015466076785,-0.5737710684432251,0.010326195763197266,2.3089053413504805,0
-2.0277355652291,-1.0103338502364385,0.6811620645961635,-2.2822764277498493,0.028199075720235417,-0.1206702032419853,2.6005191729563246,-0.05387669213135049,1.6890987762055203,3.762028711800199,1
0.4906398124766048,-0.5814625592604257,-0.17684586429168253,1.613915669411806,-3.2268996247805846,-0.02227951770649894,-0.21895783617717485,1.0216234704377807,1.539413544592484,0.5632199930740573,1
2.546512000148515,-0.17846899441444944,0.18152549674664747,1.0614761287802545,-0.8643615024257507,1.856474013832464,5.589472719043958,-3.1013646942117745,2.782018738377267,-0.17929060696723553,1
0.7696131623755633,2.0634455377887395,-1.024623458538768,-5.706672060958668,-0.2940541639195322,-1.2593109810164984,4.33672639076778,-0.9894151385994272,2.9353272975258107,2.964883029050369,1
2.212504533277151,-0.588684643504235,1.5270132612259923,-0.40341611977255254,0.5701299455178457,-0.6349527284505552,-0.02335277420690067,1.184747331158253,2.0424446613168206,0.3502260687117199,0
1.792901746303472,0.7737454171487219,-1.338229370477771,-1.5170560381211509,0.10205115731285117,0.6900463519761666,1.5281841208115237,-1.387407669565297,-0.34934986239576604,-0.8144469926160378,0
-1.7003752173598623,-1.3186850609261938,0.4135708163086037,-0.3384686547568898,2.5933857454493516,-2.289109671393664,-3.906253189950624,2.197457627311625,-1.006575957633757,-0.39690217686107493,1
0.5267220039615619,-0.6951026620765272,0.7093673945834129,0.01755737371199695,0.39576180425807006,0.9016549946493466,3.478224862060581,-2.1014882049540913,1.2565041423120407,0.23858390649555591,1
1.1072116842192357,0.7674759178141847,0.2545325897876385,0.2749006172107352,-1.0151475363744358,-1.87762850062206,-0.8781343343870203,-0.03212053698122985,0.7205332815240477,-2.241354586979605,0
0.6490399641643041,1.6974122264385847,-0.8249821416716359,-1.5700558658621357,0.3229322148383435,-0.3232917128990156,-0.5207999817310942,0.7074371079809374,-0.05174018275335701,0.4655789055053896,0
2.087935880533797,-0.033404181002878494,0.15998831789186987,2.728836289092186,0.5957719966107027,-0.6938846831419161,-3.9562792447493313,3.491301179058439,1.1132176074799767,-0.6509354618364223,0
0.49786124062074255,0.743133265424835,-0.7080770729458538,-0.535265998294451,-0.6886588709738297,0.9378870799445552,3.5151946655771917,-2.591229145280437,0.5518211970168758,-0.2406073231089699,1
0.3901771228853672,0.8093600720105012,0.29601205313814366,3.0933879238376503,-1.76255218604164,1.4481533659931907,-2.3995123846978412,1.8272215225702082,-0.6887478154572904,0.06819486342900391,1
2.7608666180726305,-0.6738995484092392,0.74427582661273,2.6021518706879467,-0.039259683875249037,-1.013231498923436,-4.756820473297065,3.3143105995964923,0.36160768115937647,-2.0430589915440556,0
2.0590116489022243,-0.06021387961472527,2.0860051855221386,-0.24863038758709577,1.3374262538004262,-0.9769125168293393,-5.451148860742641,2.5303597187365714,-2.494487242741301,-2.64893282681858,0
-1.3294589178064231,0.9707845542771427,-0.5122488471822143,1.1065619054342408,-0.7634731228902925,-0.6022789073810391,-3.1524227689025324,2.1403132828734086,-0.8368859725271698,0.34608602343677053,1
3.1998179230926795,1.9947339527082228,-0.6741189790132863,2.7923383730340463,-1.6072712038057224,-2.5498264215011686,-7.078291682559735,4.315434897839668,0.061816932459412444,-3.6086935980200767,0
0.5441373956318516,1.475809645436334,0.15219377980108464,-0.4595669728847873,1.3847875073682903,0.9845332158469366,4.1979718209228905,-2.8482919048027977,1.0703166461034543,-0.0220783918486938,1
0.8689310575317294,0.9087614801144298,-0.8669840205875055,-2.010629600364803,-2.280986931002761,-1.0780790602096537,-0.7451076177155312,0.21399520311342424,-0.37049906676210786,-0.7381494791432512,0
0.614147206127329,1.4872796272729016,0.8731556045083784,0.5418729897731058,-0.22971559344511477,0.45074689737524964,2.1355092939528917,-0.783237043695882,1.639019804673921,0.5275712350417369,1
-1.2293544403433452,0.3875279582421452,1.3324943599506938,-1.854129627949546,0.7373477600580713,-0.4229336351091775,-0.8674826878775808,0.42810170329304076,-1.2079524891610458,0.7479236710630927,0
-0.6391646435511251,1.741861621390041,-0.8983094322567038,-0.016751337386276766,-2.8327324642996805,0.2449062512564728,-0.2709648466136888,0.839273979973012,0.2231752231986367,1.3622570716799947,1
1.2509868578036314,-1.0948903856770922,1.5993508708140063,-1.9729654847264286,0.6045303061799301,-1.2203388616668078,-2.4590800297278883,1.4362232435181372,-0.8538704664629886,-0.8021753943505486,0
0.9441107323676567,0.32915655084322104,1.6964582202444303,-2.2228178210648983,-1.1622916482008077,-0.24730310829992797,1.602359653408532,-0.4729755240097462,0.9224437713238038,0.7352256035740442,1
-0.10354036900816221,0.5203926245593335,-0.01585513388758311,-3.5976868738331893,0.2819842426944233,-1.309479912671038,-4.760656792890875,2.876477234268513,-2.844770683209482,0.24335552157711973,0
2.3786522187044654,-0.3234369531427366,1.3741253925021604,-0.44357444535360147,1.0294399127439522,-1.1239504606169424,1.5565545453470575,-0.5419430610909968,2.446014692585779,-0.9503468227836481,0
0.7751910268495589,1.2694507234235926,-0.3498704033229377,0.7701058680607479,-0.64455293189099,-0.084789548339673,3.0178166285619645,-1.1219242522920485,2.8179160112156487,0.46357419084790225,0
0.1567764633878428,0.675595516064319,-0.2745882455510398,-0.9474213832888952,1.3074946412317412,-0.3057137816240757,0.1591901954715182,-0.26127512312251744,-0.17618188497686482,-0.19126112526004058,0
0.8021318825661836,-0.2532459471742025,-0.08659437663819446,0.5692468089536726,-0.6279767328966177,2.094682697326337,3.238006838485715,-2.5519452154097646,-0.10513791250173377,-0.3733775094903398,1
1.133326577016224,-2.00580622161407,1.2135529453935023,-1.184292683076746,0.7848997197486183,0.7175155137963938,0.9955520528113706,-1.5002092079361704,-1.1267778484248978,-1.1806798054089351,0
-2.489403275978544,0.22935042736273703,1.4937943478681257,-2.4658423172431787,-0.7832837788003133,-1.7864181144294498,-0.6934842493953141,2.7808577227723044,1.9268028952997105,4.392651701101372,1
0.4349960568250254,-0.4090685863233753,0.21996209981516307,0.4421452138583336,-0.5059063354307114,1.0431837479419643,1.9872563921022983,-1.3965915460649592,0.3129891049982876,-0.09046364787624742,1
0.7340248720499847,1.0690222891970598,-0.7120374862077322,-0.32856028139224436,-0.1961002821171336,1.4052433239167021,4.397313831999665,-3.1739435332170243,0.7401021528099931,-0.2514145997147524,1
0.9551201971237794,-0.417809221584259,-0.6887323175867517,2.5178511607751792,-1.9175646190215117,0.875861235967961,-0.972299356466839,1.2297761040280357,0.6685640716801822,0.1083199666738224,1
-0.1856809378479678,0.12892331254997774,1.969340336819593,-2.2127128986641234,0.5519363398830722,-1.5015838539132744,-1.257049802103389,-0.32304718065335436,-1.5193310736525851,-1.533623634897694,0
1.9245836831132912,0.8573713651756364,1.005326025666313,2.1781842311788338,0.4970819410032019,0.3929882043251225,-4.287518252673743,4.602263638058428,0.8355552810465412,1.291410463632117,0
-1.3521198069484353,-1.0889876118721935,-1.9398859788059604,-2.3053478948603514,0.05567430649672625,-2.0727298209780063,0.4586479183136536,3.2041842781499326,4.222397367291487,5.259466554653967,1
1.6498661348562993,-1.6234784747561903,-0.003236870733649335,0.2848692658942651,1.594102320009313,-2.211959332426379,-6.542178330329479,4.115352169305181,-1.0759162862499936,-1.8522393238212125,0
-1.5824371571374316,-1.1206755675459958,0.2347483784081829,-1.8653712382868601,-0.8800899873211465,-2.027430600286654,0.054019032106656914,-1.2661894084632999,-0.8039322367015258,-1.3054048262033637,0
0.7958312024058518,0.33432825353352447,-0.8635260630446725,1.7045061312137784,0.04638355791654349,2.209956242402095,1.7690676734413693,-1.3005703735877292,-0.1532731311563038,-0.15687374426148484,1
1.0441562169607863,-0.44893645002908195,-0.7830847248349347,1.1577608885327617,1.9484253341324134,2.1362971487265874,3.0371057739728453,-2.5094842509003596,-0.047115165790275304,-0.7451687789308652,1
1.0971205633098902,1.6442437428975856,-0.5676847280756565,0.3111214955931798,-0.6279460814439954,-1.509027107113072,-1.5649344799417966,1.4224881695532843,1.1809628351989818,-0.6643330508512326,1
-1.306967799501401,-0.45888347590577067,-2.8296823039074646,-4.515711086260201,0.5656617105651747,-1.4397561498866756,1.0127092135457483,0.13985957048303455,0.39572326638687716,2.2845937602802326,1
-1.7337970823554376,1.0109421080529812,-1.843401651810293,-1.1915450690850173,-0.1712125037821117,-1.497226329321271,-1.2561647686687412,0.7127020332765317,-0.4294205217285989,0.4319177410511373,1
2.7320520704264055,0.15846118511886256,0.9945909288357225,1.9850841990323738,0.9540976603759755,-0.3227320145244329,-1.3113543149958111,2.06132786706156,2.253308852274772,-0.2981153415124172,0
-1.8655274428998605,-1.567199936427171,0.913066469436057,-1.8109784417188588,1.832360509364944,1.2371141554626077,2.6913426805963594,-0.5081847715459069,0.5232617848856471,3.5829926929502136,1
-0.7810093599370429,-0.1707120012565216,0.8365348805804116,2.318520930315942,-0.9426029620135037,-1.938187388596485,-3.660195069756325,0.9201840162580059,-1.111755267341493,-2.954027889001134,0
-0.679354111974813,-0.22556247838096438,-0.4001376378530022,-5.076221972383601,-0.24193362930049625,-1.5487583245115628,-0.6472139013149316,-0.5256700358674284,-2.174113273438011,-0.3205468075138784,0
0.5706557984524689,-0.5649990232431683,-0.7199817377150125,0.7325925539947765,-0.5583904374523014,1.433533926120325,2.8543579706244717,-1.8796415117960197,0.6524457303297198,0.021015309119412847,1
0.21500441236116752,-0.49589815629597495,0.04130141786486448,1.5276366285436511,0.20396560091124497,-1.0886076605089408,0.8113388473983961,1.190385930786818,3.590822721620931,1.4115149001867822,0
-0.7833330459785443,-0.10475954895594994,-1.064953567532012,-0.26061595547082694,0.7510727195414566,0.009315454456968242,0.2053376072935751,0.9469875870041744,0.9311611070753802,1.9656422649295573,1
0.4920121304796973,-0.2526572157097547,0.434267269143753,-2.2434806976395145,0.25616301965282456,-0.7959339787306027,-0.09697026237702525,-1.3095688863663009,-1.594522690528296,-1.9237758693967622,0
1.330265740355548,-0.9221949631142771,-0.8098259570138625,0.7895270713867342,-1.3205892995098218,-0.4604158591005808,-1.8319995357676,1.1302751756425717,0.02330342670259755,-1.1005895302914583,0
2.7296450200762896,-0.18023570501649122,-1.0425125371315882,-2.606785972547455,1.5940284730672647,-1.8314310091798194,-5.39709628007494,2.19191311062252,-2.865668288319975,-3.1717291309177837,0
-2.5574474463580357,0.7068829212666524,0.6758664079374624,-1.1265121205263258,0.6015360185136042,0.18714088320625755,-0.6756461733020114,1.1616617110189138,-0.7216840825116135,2.681281210884848,1
0.6175946773713856,-0.9247893506054676,0.03741531071346355,1.0193518341313803,-0.48700055589077146,1.574475252908762,4.2891518331770095,-2.8878063463030514,1.260038262758179,-0.16122793473677197,1
-1.819080447058697,0.3684036250303284,-1.0852670583970272,0.5045757071127317,-0.1221853577687985,0.16879116481186296,0.4510240819115808,0.5152860076677815,0.687479854477512,1.9735682429053913,1
-0.1775615986298107,-0.45265911659782876,-0.3103254573286268,-3.1670088718784357,0.8528564394017648,-1.011782852534646,-2.331228194079344,2.1008380932045085,-0.9495693599139144,1.3496951967165736,0
3.8790243601580916,-0.5470738565215975,-0.16722796934892703,1.2215534830017654,-0.3741446410079085,-0.6621472021459006,-4.910206282341884,2.4371723572875683,-1.236509515648806,-3.462139582535131,0
2.222785388709425,0.9245536575733021,-0.5146974113162374,1.2721469934535208,-1.9836314728963822,1.2624295715549048,2.0583055709252256,-0.579060380951905,1.804652767390683,0.09240711832233715,1
-1.4137745071374137,-0.028348422059595108,-0.6483486790087554,2.9125811193395124,-0.21554187847022402,0.21051024847614408,-3.3662891738610528,3.162212211969595,0.023890962703506324,1.5093132570226504,1
0.14639931038325626,-2.1550069168997035,0.7588292682758264,-2.3099743922041513,-0.18092202765987037,-1.7669767037673334,-1.574929427118328,-0.04121177087944217,-1.3514595437508927,-1.6750466182906336,0
0.8346884715216665,1.2698139338097467,0.16711659922497588,0.40815315234370986,0.4798283715194892,0.42825671794676723,1.3404912614936775,-0.4283861455289867,1.116386769029623,0.23747336577061506,1
-1.1526349111605874,-0.20076493852699323,0.12738509982699775,-0.509501721006335,-1.311758544475317,-2.6487982575663547,-2.177088874083767,2.558312241622384,1.6783585159016288,1.240105796251541,1
-1.65115798499138,-0.9159978695561506,-0.052075163942980264,-3.6044679140473463,0.4188669269168215,-0.04960428326789468,-1.477258151473552,1.896578705586827,-1.4072708820705455,3.077558082698236,0
0.36822547995170185,-0.9574868582445993,0.7117343679998122,0.29948831833969536,0.7965943027229403,0.8708972907478156,2.9287375015625914,-2.043912254291843,0.7780894448202831,-0.16904165334376733,1
-0.5804787898264793,-1.0877357201232787,-0.5739021370441768,-3.9723135241324865,1.0273140059700046,-2.7617651381827146,0.39160077693414647,2.069402222782872,3.0430069041756305,3.36298141489581,1
1.4448907653165821,-0.7025136898233378,0.296290348483435,0.6050342693609179,-0.10909320827625384,-2.1770599137729723,-1.4922381586501365,0.13158135749983058,0.6120924251641644,-2.934094203310451,0
2.7641022199894763,-0.7041057461622038,-0.3895943705336476,1.254767151914193,0.7319427134575307,-0.4994074789751968,-0.13065733327401238,-1.3786714864117267,-0.09762722186453632,-3.9615151573613674,0
-1.5908360218641175,-0.14744890778052236,0.22757028281509753,-1.0750701467751733,-1.2832425671459746,-1.9994811346313455,-1.7387627051421841,2.6582438933773282,1.487989467083669,2.4053278744442874,1
-0.646767018252205,-1.4250143355638836,0.7610866056087316,-2.477028807648076,-0.16241108601822737,-1.913894696697071,-0.3571708920983556,0.11969137437376154,0.07090871752816597,-0.0013111750659382622,0
1.117175533353608,-1.5255799251838817,1.803648596287526,2.2238248473270423,-0.10552482732608953,0.4810640883741151,0.6942863076038379,0.14670637751976412,1.6739596307660136,-0.1119201490405297,1
0.38848207773029797,-1.1918156909863078,-0.8377590998621844,0.9674472663875335,-0.7585177963827971,2.281006173344143,4.032680700175754,-3.5051333735157053,-0.2727965370853338,-0.8184553721605085,1
-0.4591843549297745,-0.06276942449341091,-0.852086884120294,2.557259578115691,0.15514701868247027,-0.6390473198251246,-2.188877231725855,1.2459734687480668,0.10594209039906277,-0.8787999044590544,0
2.845952791773139,0.5050626662835506,0.9779352082870972,1.6627809716568145,-0.48959488244877264,-0.13453280967401704,-1.9216469540241887,2.86181155619549,2.152746502665262,0.3866658567131566,0
1.174388292866034,0.27908968505734144,0.1487734045010925,3.0795117331481756,0.8771101252519663,-0.8119819746789039,-3.4196904803215307,2.3462296919639862,0.5435001747597777,-1.4555884285167018,0
0.09955393574430627,2.641030778662475,1.229310691907974,3.2655797248145095,-0.36229010397795286,1.940813539485477,-1.7069432346417002,2.1386112961239343,0.05590509898634921,1.4222765447267944,1
-0.9922587150869677,0.41025906898077413,1.716358498799454,-0.9147034755958885,0.42355883701672115,-1.7604960549726882,0.9450172943643657,-1.7414068843385309,0.013866673246118899,-1.6119556016470649,0
-2.4596477771652965,-0.7238117978770413,0.5926980809082312,-2.0313464387474873,-0.1554891254723913,-1.9310807244937205,-1.3121531304033742,2.619503195786681,1.3273943712053167,3.4368896752793274,1
1.400641526983712,-0.2616635842307758,-0.6702333622134368,2.5659079697646545,2.112393328314427,-0.492793122181196,-3.112392765135227,2.717001165191143,0.9044994225330553,-0.5159948661014178,0
1.422269014562944,-0.12865248500536386,-0.3622729834926137,2.628707837666462,-0.8560969966212014,-1.6513282939184464,-0.2593295098045491,-0.5353866770683304,1.6842600063357471,-3.0631229567354703,0
1.3956874803739483,-0.8981012047997423,1.5883379572273506,1.5831800455540745,0.24873822972854492,1.484461985230742,0.8952468448499352,-0.5193106181010547,0.293031485661262,-0.4144726558522547,1
-1.9754827496546634,1.602610771879153,-0.14282304795941597,0.6661481975191657,0.259006159256651,1.6219375605123445,0.21187472242653146,1.1164883370567058,-0.020765768026509868,3.2562847309895173,1
-3.616471263459659,-1.2567680144595086,-0.7774176421991921,-1.0080341617855322,-0.3777659733923902,-1.8841488717861878,-0.7186388542890746,1.0641748000144107,0.46685991875581756,2.1311161979913518,1
0.4457585215256453,-0.2673010743900444,0.9528001076053968,-3.5306899495129858,-0.5358206557192421,0.18379504432475535,0.8436365921505559,-0.997590210216585,-1.4123732190817855,0.10546708359067224,0
1.047590607352723,-0.1236721460180847,-1.0717180793482237,1.316313377820427,0.8177972485357209,-0.672047545789951,-2.376015827535289,2.000160252216516,0.5906112452465784,-0.44773621139673425,0
0.08013775530773048,-2.1318067842521535,0.3113523830140507,1.100078840055709,-0.9014797888584318,-1.2327616089904605,-1.5621775167130127,0.7190897282825037,0.3036510580961832,-1.21449893757506,0
1.4999557089386122,-0.18077509273742426,-1.3592247772616144,-0.2657806184031486,-1.4053404471049296,0.2875443761385421,-0.16742956373003529,0.784893912209697,0.6605031117468745,0.38170879726426576,1
1.6367307040102554,-0.020998256334276225,0.23170061977835565,0.9009514712227317,-0.3990068502286412,1.1102154671086502,1.7264984194901525,-0.87896842838615,0.9526640367570578,-0.2918354946779656,1
-1.6933213014276758,-1.3633436074053245,1.4116720638553426,-3.279612644801419,0.3560225035862777,-1.7998928392662283,-2.688738238697052,1.8966043388522285,-1.3793636262524542,1.2084251771089862,0
1.9822557609763387,0.17420134235907095,-0.39385053612312304,-0.8656288222737397,0.041153126403164396,-2.859519979874313,-1.9370612585772096,1.3833679455544876,1.4903813121829914,-1.7645445071855252,1
1.9087980448601711,-0.46405062626332033,-0.47034770790953173,-1.832299976725522,0.4506078354157196,-1.3602900935014752,-4.011588265307568,1.0169727402131947,-2.7550951189869557,-3.1770356365242867,0
-0.39823305961236444,0.992107421151511,-0.22134816838867843,-2.3517063233053217,0.5519693633849005,-0.14149368420953756,1.2232584768494499,-1.133285382003713,-0.6364728146056282,0.23559514114675456,0
2.3549128933249923,0.024021027749844527,-0.85034709797423,3.0196999313661905,-0.3988563971108943,3.429518181220412,2.838346486841853,-2.3313086905010785,-0.05588734231807613,-1.2578334011252474,1
0.025899868254473657,0.15206265915339834,0.3878877170798863,-0.43041279247284336,-0.5836604573054179,0.7382663643859908,1.3357366751456328,-1.0691862616869647,-0.28470439924060065,0.0930890495330905,1
1.1665609953928078,-1.1057054754195994,0.8450430673104926,1.0854923221167823,1.6343692945319386,1.2452363195901333,1.4969234096433828,-0.6432381287586341,0.7927947449370956,0.08216637031838242,1
0.48741892209075877,-0.30681279609034245,-1.6258412685835972,-2.0414615162327068,0.8753302341145854,-0.20305694316268752,0.6585312919005198,0.7819469689631976,1.0726675470305693,1.8582113735810901,1
-0.5261175932788036,-1.4235351409702315,0.004370251582966527,2.9690080543138073,-0.4953646267899452,-0.9792151267388225,-2.5061536961024324,1.0588906421964852,-0.06081133076381984,-1.634210854361509,0
-0.8158232756620789,-1.2578405560053199,0.38858528903260314,0.6209227722373705,1.7462922006600914,0.9330297483031655,2.139081350099337,-1.7948046165380227,-0.0702704737567148,0.02528038264998611,1
2.2203176136480103,2.0851869683975806,-2.4309326470154935,-1.7896542252922552,-0.863364761768626,-2.4735755022009283,-0.5593956001711737,0.5449002548323327,1.6218556138170224,-1.4433908166920288,1
2.4288775587514206,0.2256709659631877,-0.1783643972134808,-0.7119568213407059,1.1574907312024982,-2.041136939096014,-2.7161793218457118,0.7947759066697838,-0.45982377916108574,-3.186134119908869,0
1.3720303323389564,0.5099747407083967,1.570295513321641,0.8239365342855003,-2.4596671470716576,-0.662137236237443,-0.9936271124750602,1.010674067677586,1.0310113205391418,-0.6464052116726358,0
-0.9620298998231536,-0.409692876293349,1.5556149614627257,-0.3966538048829429,-0.7078562474049283,-2.066730134404131,-0.555070479577357,-0.9488034408691624,-0.45253958686932294,-2.102181725095501,0
2.958085398928496,0.030439562394779483,-1.049949577930627,1.7371066380463607,0.15807289709124248,-0.0491000497986358,-0.10219222303538994,1.598831520800263,2.9137275133232086,0.18489751488357628,0
1.722356797170052,0.7745828158224525,-1.1242767035241603,2.634727206943216,-1.5423301975893509,-1.2355812171428944,-0.5314367711004688,0.16200464878898857,1.8594223281968865,-2.305998654833284,0
1.7763130194806074,1.1868537905048748,0.0917583267555199,1.3553575479653155,-0.6769702910612971,1.5063831453948753,1.5392767258651148,-0.5898238584699209,0.9446875436285646,-0.07128653143899188,1
1.1079269557934652,0.5632470008238349,0.6063001833470958,0.479838387353682,1.296638769919316,0.10164847315760084,1.0634249539633311,-0.13636700270438984,1.4360189794178715,0.10659168984217329,1
3.6662379277011956,-1.1195583744715538,-0.6166726850782285,1.6569239029053315,0.0231430125659436,0.2589580216015728,0.7741648365271964,1.57273577787761,3.7954441489248767,0.7129291201497897,0
0.8423471834750555,2.414950633712375,-1.1498229653074727,-2.6711621094934435,-1.4921519573133117,1.0552283940231253,3.4569891702624687,-1.2169028804708795,1.1123129073311615,2.046063838442348,1
-0.9450652162839795,0.642574289154662,-1.6983798596450652,-5.3905520145230215,-0.28892201256274863,-2.200577020414289,2.198637831845803,0.06257479079124384,1.9987533774879633,2.9365917202977303,1
1.9558943569150755,0.7294187242115334,1.2337872769596048,3.1450669622072747,-1.1937262442757581,1.9587920217817638,-1.0870362547713666,1.060345784967518,0.02144662696338251,-0.4330079147988208,1
-2.619854458271291,0.7511211907804813,-1.890260196687171,-0.9405662333309488,0.8188640655851059,-1.235189451794237,-0.7825180971793335,-0.20749983274567985,-1.151379557205118,0.05852442360287956,0
0.37789471702692934,0.0890737697140614,-0.38668632198399133,-3.2320787764405385,-0.8847348374730727,-3.017085181284516,-4.014651524676995,1.2003817300106014,-2.211264185654907,-2.499096829916363,0
4.54693323879043,2.000625932214334,-0.13558814302883332,-0.0960278890077868,1.0131898045103889,-1.042259660157216,1.3597178065212219,0.4445366354392939,3.818851477775338,-0.8940883688402171,0
-0.6180028369330823,-0.7391037499025365,0.19646875102926079,2.339845543666634,-0.9077566874743674,1.4685194203038128,-0.13648849159744472,2.1500398489492927,1.7051788078957875,3.2149184867148866,1
1.3657274973612432,0.7395234840549056,0.0006268318364188177,-1.1703480266431405,-0.06228182390564911,-1.27010308178022,-5.946977453523206,2.8575998867699255,-3.0075518348976793,-2.168186036805306,0
1.8602383946159229,1.4784876511486336,-0.17994065538414408,-0.7404069352630264,-2.398034810453,-2.1403563121757205,-0.21546171585424387,-0.8097390630552377,0.6665367952933343,-2.9749339054095247,1
1.8293658665441082,-0.5236746880555153,-2.0503721163607103,-0.4523397986015074,-0.9187853088777681,-1.0467855146948652,1.0679665729858796,0.553032201536146,2.834416770609394,0.45869478227235694,1
-0.36710749536683984,-0.7912495297675677,1.1104459441892987,-0.23175932246388598,0.4964009969786951,-0.9059648746663995,-3.615268951927747,3.136956806867051,-0.37770408919814424,1.0571090816067303,0
0.48626331136000334,-0.6515465769762155,0.7798745284307934,-4.518637930240139,-0.13815962286397315,-1.2031239846569812,0.4039632115858356,-1.3508646468883758,-1.6062920387199346,-1.130332844776162,0
1.2771322848216362,-0.21274001806560003,-0.8234340949567343,2.492156851497704,1.3009064535471864,-0.04950796800250501,-5.446636581692422,4.773015866982288,-0.018550362200232318,0.5693074380172873,0
3.5530015599404567,0.7294219383503361,1.1346860199275617,1.6093211773868534,0.6087368960918721,0.8155362280443919,0.8050471800496082,2.2720072471273247,4.097939647734444,2.020490451414333,0
0.9318937993049601,-1.0828340625830453,1.4673820105354922,-0.7199576780546146,2.9622138644205442,-1.5350798505616292,3.1734238389641747,-2.324140235804548,2.312110236780657,-1.3900901259021534,0
0.7140106170427634,0.04964376356751898,-0.21765189078506683,1.5372052539214098,-0.5532785728680706,-1.7678827644291444,-1.2372102013389017,-0.07355247410873722,0.5614076567893597,-2.6922461089764296,0
-0.02088171329493549,1.4646672588818006,0.9194291158384525,0.2259467187326888,0.7551027307933962,-1.6899194042259933,-0.9147703271424289,0.020277555471401976,0.31170198528449533,-1.540096043749792,0
-1.428939504843039,-0.5946297082533925,-0.1696798284682546,-1.2766944287291229,2.1435487613719655,-0.23809989248060914,2.349785159695252,0.30157639023547367,2.371317395002071,3.4290769867570257,0
-1.0674887531111907,-0.02876037551022778,0.3562005887321266,-3.36952020177946,0.015077038782823729,-1.9107939572334898,-3.4614928003626706,2.6328036225711906,-1.3040837224268975,1.2166742006829725,0
-1.932353331562128,-1.3816491097930366,0.3806464279451594,-2.426687377862536,0.45782402125066585,-2.4405714930097586,-1.4958600643633022,2.104422306552003,0.9385353490621525,2.1764496532277198,1
-2.108599511757437,0.7264777152506449,0.16938898316541598,-1.1775407727733285,1.274733007658071,-1.921886731959873,-0.5208893631849246,0.8838451691401171,0.8232280858507739,1.321223642655357,1
2.618763633387016,0.08831454946524162,-2.772838743096468,-0.8402118698416285,2.070253084867195,-2.232031593129859,-1.8270456282542271,0.9893507922053901,0.8981811250949701,-2.2778197893289702,0
-0.06256618626359023,-0.6974991904168614,-0.24448627059796935,-0.4539898832786786,-0.3560014137279139,-0.6483903907539744,-0.15833295913141124,0.34503563687626504,0.47670262952738307,0.21404975912542945,1
4.743762481722469,0.9270974788911364,-0.8650769226341175,-0.2606977203874188,-0.4582739153981058,-2.3433525883990365,-9.657535784460793,5.561663152496885,-2.5212299178384896,-4.04709349030122,0
2.148319315264846,0.4109161335930336,-1.3789165487173327,2.266061761993485,-1.9413731289826768,-1.2587249199242523,-4.159136987748103,2.905017735950158,0.5357501211439253,-1.798584784806647,0
1.7407646397982408,-0.4791070961969124,-0.6966096841922437,0.736644824585921,1.8978680757991242,1.6940745502353722,2.9335787292090925,-1.7728717673106877,0.9345765350955918,-0.2402705194566508,1
1.301351418320852,0.4395657746659394,-0.04820838564256086,-0.16474338160591584,0.017917738221916595,-1.8320767265137199,-0.7829418323411526,0.3186331190747679,1.0417793016865027,-1.6348981139023826,0
2.4582466192520056,-0.8274972855463505,-1.3867758626915752,2.6834726598286416,-0.5430364949296431,2.6241843855430775,3.1825271932498738,-2.215118115554527,0.9574828618133301,-1.1017061234056713,1
3.3666024672806105,-0.1090878971166739,0.9678122108045354,0.9590939418125849,-0.9223240562677364,-0.8144837748169348,-2.151883505444836,2.682844247967656,2.070461557699334,-0.4363530020672589,0
0.6412654873045935,1.3293639912144088,1.47553895416861,-0.3170476786199592,-1.1299276814200714,-0.6336018263638317,-0.5936335212122855,0.36849233284520777,0.20715503292544146,-0.5187911345293572,1
2.6100017585395063,-0.7269385975720276,-0.6083983130978005,0.27140504828799805,-2.7994488274364855,-0.6699018727058526,0.6917924027322182,0.5116394518894436,2.531181468752129,-0.3473887884140048,0
-1.3670339036036434,-0.6578858506873694,1.1959762233609808,0.6478046352174485,1.5891672432416373,0.12182219962656715,-0.7942080816291575,0.755299250306467,-0.29438720561339293,0.9301877518306976,1
-1.5191448649842694,-0.13255731964008563,-0.7349673486767199,-1.2785428976974502,0.5994639186251742,-3.051216695906051,-1.6954399719772804,0.5556624479990595,0.07996343219078028,-0.9186992533764602,1
-0.5717604721629375,-1.7104423501281598,-0.09774224079349929,-3.017004923327663,-1.1303667208654253,-0.8095292366402236,0.27512717054330665,1.909586822344604,1.6466980856982416,3.6185694155191004,1
-0.2983679042088303,0.6522280816096689,0.06902722349078531,0.40669221520455445,-0.4780865301973929,-0.4188303520758786,-0.8174227246613931,1.508044593298679,1.0228386459716552,1.2529634547499526,1
0.27993161521368926,0.27270840729127993,1.526312495686149,0.28498854157109044,-0.8668191285941451,-0.4297428158851506,-1.321633044982048,1.6726997172082934,0.714883811332099,0.7748074161056292,1
0.6273880948924473,1.9420780101652007,0.9665404149994133,2.371420436375179,1.4235909510202784,-1.3101101727811175,-2.6269208329868428,1.2650345334645565,0.30899700780472383,-2.0217782468957846,0
1.9262734352477127,0.8009535693011547,0.9817898365690693,-0.06338390395065319,-0.342004268275726,0.7341927657968574,5.298394078665242,-2.559506582562419,3.284931770927411,0.44351001533529955,1
-0.3255410596802135,-0.04465130112862316,0.09313295739232577,0.7998783674546363,-0.1636254487730873,0.08292996787575868,1.9508998551938237,-1.1949789649167974,1.150703397236971,0.04257682983138306,1
-1.010515965681765,-0.6236103906056415,-0.002852270673149132,-3.3526229723799306,-0.3685729093066381,-0.4581533129155235,-0.38692316290053536,0.4682502594615552,-1.0949763611627514,1.4835212249648921,0
0.14225650957894376,-1.027603143173384,-0.5303319007472351,1.8911725806526531,-0.33716055142808665,-1.3449617798627331,-1.8762222186802677,0.7117355780597594,0.328195959103462,-1.7815678763479084,0
1.5494771465187611,-1.1095303570559183,-1.7651210852192303,-0.9667402590439311,-0.4764778411540553,1.00439887671034,0.4955210053454473,1.3044039906822924,1.1758928688782502,2.1468011945000707,1
1.2931843832703283,1.5828800453236225,0.375182312451085,-0.3363800152195897,-0.5101250493637778,0.31654448347229436,1.4480604664146852,-1.2231915709285381,0.32872648000394267,-0.8643367205889267,0
1.3924130387113136,0.20758361209537735,1.8279434714648592,-1.0822194730545354,0.5403449145364171,-1.3574909247061653,-4.839687764179766,3.479038870769702,-0.9919113990608467,-0.4022450050260465,0
2.4401587438545254,-0.4239476620747896,-1.5786201484291058,1.9333630404536761,0.963870518999406,-0.31979039240360263,-1.969377973401634,2.625659287401982,1.9966258314773857,0.07211632751472477,0
2.708403426671954,-0.590297885171597,-0.5834437764610827,-2.131976289394906,0.13115144275044122,-0.7070696583054924,1.886530250129654,1.1672574284918094,3.7376126720013247,2.1645043143258977,1
1.3168691124576224,1.7067523547241472,-2.832571490783083,-1.8797487687125565,0.4449712931193825,-0.7234516239492872,-3.4908785881897306,1.976573226971207,-1.793533971643942,-0.8011407722143609,0
0.13944969799408669,-0.6122657653113872,1.267004998622063,1.0202886222643026,-0.4981271602150922,0.22765389471856734,-1.6221705896192522,0.6947160098289158,-0.8933921193599337,-0.6904750746718765,1
0.49673403143132366,-0.5238126045090208,1.8871389599922743,2.4656303248461855,0.46280645918185465,2.0769840508431727,1.304593147955629,-0.9749071752313555,-0.0352189638553877,-0.21104362775039906,1
2.57534068405855,0.19010629284927974,0.9156646964840696,4.428399233260152,0.6695342435560055,-0.1271972621654267,-3.837549494320712,3.5951741071575976,1.6790499084362616,-0.8406948734668142,0
-1.7785395433135007,1.252888995413658,0.0930212882214317,0.5606386551127254,0.9175992702596298,-0.569293054333458,-0.4992195200619252,0.2617552329986955,-0.0829117494180247,0.43725231250722557,0
1.8613115324274183,2.080692510430297,-0.010901131003714686,-1.3992106714594161,1.7855867024760725,-1.366777018943543,-1.2463445768992563,1.4652344042914656,1.027956054410391,-0.21259027197275035,0
4.431275990113359,-1.076939252665135,-1.4306993716118372,3.6083568450299124,0.10518365956392356,-0.7073102544317835,-0.7535254210867106,0.10421983562134718,2.145613956597209,-3.9703078102239875,0
1.823317807700815,-1.07085729555163,-0.23008476161135608,0.8039659456184889,2.097543915047065,1.4726429656069875,4.61768762786872,-2.5127019081560205,2.302590862154222,0.054790035659267475,1
2.385116664762865,0.767439127001189,0.9721281319000936,2.5429030737386302,1.151985565847456,2.9555276109235376,1.4183580536730327,-0.798001824723327,0.09392502969203531,-0.46222179357741167,1
-0.7174362600719442,0.04817330375311533,0.47796997759923515,-3.2175133170965715,-2.001736131354037,-2.186054265204252,-2.959682374757688,1.6042472852587137,-1.4543274751122963,-0.10851672136072274,0
-0.24237660744329648,1.3336697411479546,0.3368112723874649,3.3510280425767554,1.0841610169548659,-1.8201633334053224,-3.0174566620283914,0.5269654615727908,-0.3636850702885088,-3.422505021048155,0
1.0807230010091462,-0.42026305469107744,0.22246486234247298,1.214633400674002,1.165553450492999,-0.8323160428614391,-1.2221343216176126,1.0256473714557428,0.9887344784651451,-0.8515747697575662,0
1.354440614186174,-1.9062206815931022,0.35418909321495473,-1.370882975385724,0.4640646677051737,-0.6817508759063291,-1.7373088972476656,-0.9577250090179683,-2.6660093662988906,-3.482825213772272,0
-0.2844572306095521,1.1650994130651908,-0.28593314473347575,0.59098347730257,1.406260179174236,0.3453064956936506,1.749253198593594,-1.0249737605136715,0.8331967247193186,0.2465440992042028,1
1.3944425802698457,-1.7074329104488837,-0.9661420287898361,0.25404710816392895,-0.21343106519824123,-0.5175019618421568,-1.1945550759547576,1.6186365633691986,1.1182324405785475,0.22036081766412768,0
-3.749589098043265,0.7232459804171976,-0.2298904026480623,-2.289998343634394,-1.6322435893953684,-2.4657663830934125,-0.026587974723516598,1.5787900238465387,1.7191259209256677,3.603885834506714,1
-1.8921629432664169,1.1508019570579198,0.08208825049054352,-0.830342057641384,-0.7375824425574512,-1.3025978576246184,-0.4419614169543218,0.28263935135164575,0.007829672706437085,0.6177044276294686,1
-1.1672184049089975,0.7409003258682187,1.0051132244250869,-3.5703956459617023,0.39227475487539126,-0.14576778706485038,2.4666584066406676,-1.1608535523265098,0.12904353264946533,1.9860626027279096,1
-1.3462512227485472,0.6116357854983389,1.244147403639742,0.662437256021517,0.028666540368652703,1.860743599910608,2.3739596525484172,-2.6016196802644984,-1.438015922297239,-0.24269412817603656,1
-1.1327551370417623,0.4720825952742088,0.4519901009445182,-0.7111814570571539,-0.6753964869738631,-1.2081818600340366,-1.4337532416966114,2.334291309639287,1.1534859425403283,2.23400483554432,1
3.402344605768177,-0.0793261963762133,-0.02057942709086451,0.6430263788546282,1.606260380726673,-1.406895414091047,-0.741385253459468,1.0394552375409907,2.310890103772443,-1.677373872399273,0
-3.1897250346918415,1.5291861234707007,-0.27544846536480916,-0.00798480431797799,0.09647282113420927,-1.8570065976375307,-1.9419376409838844,2.000967987349174,0.48986248094198326,1.9038115117325274,1
2.0619233721527443,-0.12028871150379637,0.9907995001253634,2.3911877789039817,0.5726153920568272,-2.62952186554917,-1.3564645272308071,-0.5886954377614333,1.1633662672896394,-4.778068439372089,0
1.9482182145875515,-0.14006602627764192,1.0466483608417794,0.42069683179282613,-0.7619278440542826,0.08906514073793415,-0.8398535050867416,2.3036735526503183,1.97438437378335,1.4230827461460316,0
0.6235592160194992,0.8059371244868503,-0.9972512344570928,1.540871319943742,0.4667492341202872,2.090310299343116,2.757108971253464,-1.7573642150618263,0.4912052000285091,0.15191599210517245,1
-2.90684046733017,-0.20625010944675237,-1.0468561799564047,0.20299729421466384,-1.521833572450686,-1.3778185184840153,-1.452045523201596,1.8115242296441043,0.6412262380055631,2.0771539683922176,1
-2.8349919989329138,0.7101300294384755,-0.07604718898391674,-4.624332220604822,-0.19560276242776056,-2.934368626691109,-0.09658666451840137,1.2424074159417247,0.9866243891987758,3.009932497462436,1
4.874755214720121,0.906436867932051,1.937562720390904,2.7578056754392017,-0.43772557538684836,0.6068881558952333,-2.7758186379018897,1.0892776922328886,-0.33611758110520085,-3.821393500524145,0
0.7248188904950241,-1.2971955754332818,-0.8017604510188983,0.5788412806052196,-0.06760412435084459,0.20960490508407092,0.8101804260191988,-0.3151045617321159,0.8277118449139679,-0.15152178999695048,1
1.1572679129623231,-0.09086768085739949,-1.1203981119008073,-0.8933861164342358,0.9523204023308188,1.252368985248544,3.748820247829518,-2.4530059686815613,0.749512664941904,0.05020174337826397,1
3.222944558973293,-1.138946872057132,0.9053650058030519,1.4498732300248336,-1.2025685442481686,-0.45307034088215214,-0.12129092355537187,1.4458298572349149,2.9891879475235523,-0.2767835444800756,0
0.6919109987524186,-0.49116285903675344,1.3880868894563783,0.09275448060411717,0.9442163762851975,-0.012484740852704235,-0.21338452450391715,1.4424557198000842,1.4580228840161846,1.446076945699807,0
1.046065506816201,0.15105575691727147,-0.573195807468886,-2.231458930425471,1.1565280859800942,-1.3976074508919851,-0.6497066796046542,-0.3331490192100932,-0.6317928886499509,-1.5856609922750382,0
1.737478751469462,1.8164205713614432,1.1427586984161453,-1.3911699527109012,-0.281538610157381,0.38111664489426644,3.7847252695630664,-3.0345242041698572,0.786663084767018,-1.264077399823452,0
1.236744072603496,0.4875580051653644,2.9204904044206113,1.8756655804446378,0.17669053423017642,0.1255177461165553,-1.681851783909132,0.914639772104766,-0.08396115630343881,-1.2507740041554125,1
1.0720567530028333,0.8343402211571068,-0.7806882771074571,2.464945251604741,1.244102516156723,-1.9856701996387873,-3.6633849436288504,1.456945023928903,-0.03608519918231767,-3.1993777257637506,0
-0.48020510242594017,1.0283383769578813,-1.1007221996634915,-0.588108892873126,-0.22905672214168965,-1.1713077702517347,0.09358900314604301,-0.3726213991915073,0.26225674055395565,-0.5426508930960098,0
1.6525871138629014,0.46993623307939514,2.7169530343388417,2.6051053717119537,-1.922314187472833,2.1866685812448017,0.8899094698521375,-0.3270080326719558,0.4026488872552343,-0.2432254385983541,1
-0.8486937060395521,-0.29399520860356854,-0.8153172366678603,1.2642430003797467,0.8129231008899449,-1.5007630736179227,1.518088595724624,-2.109494590031588,0.9357688336996071,-2.1402106354396926,0
0.3990934086180187,-0.9573676317161598,-1.0797961458829073,1.8562869941952793,-0.5136493036810069,-0.4638160345007657,-2.549764198800957,0.7194933597008359,-1.043342753600502,-2.1086318461877975,1
1.8516317092364671,1.7184534155694289,1.5600385988583547,0.8749032748607323,-1.2172438936271344,-1.4243475737591818,-1.2488311462513955,0.8861419453005659,1.3082089765075529,-1.6224473199328944,0
2.382585604386128,0.0941154134992307,0.48441088120221254,1.7613672354488643,-1.1848400604750189,-1.9034034280434378,-7.931558973470776,5.162281934206588,-1.0900060579623179,-2.228154414827355,0
0.8308438982391897,-0.9721556533948422,-1.2421965946218991,1.8045776311087784,0.040818566389435304,2.1885206868575073,3.5456688458784646,-2.4532005510139827,0.7443111635617143,-0.2555577162028077,1
-1.2901245043201057,-2.333763907254147,0.6122769888067473,-0.576659310159411,0.7020504838600158,-1.8669363964970158,-1.3923504004927518,0.9195226901491412,0.23631825903024573,0.06313771003593414,1
0.5036487346978064,1.0790857713471862,0.04694216544975854,-0.5384564338909765,-1.1727683201250934,-0.760104293554338,1.7648454740995914,-0.6514881175710945,1.8267682979315842,0.2029961613349911,0
1.4132486538152602,0.9268837505549764,-0.08792649091714158,-0.8457539026808423,1.441954153562435,0.1999295803196427,2.847333755863792,-1.0536674640539545,2.0313859461920787,0.6211926945368034,1
-1.844150007326192,-0.480201725345037,-1.9286137303867605,0.8940057801727198,0.3655715546381378,-1.4869055738511325,-3.292716131911255,1.1047422984804158,-1.6123834526299698,-1.2830424528067987,0
0.6620950295932344,-0.30366577891320257,-0.5228941622933254,-2.5594867929225895,-1.427374967075064,-2.2547372457168997,-3.638320016763318,1.4602995624523318,-1.7628107224030507,-1.7973296797670542,0
0.618566003634903,-1.3065936064563095,1.0716639795447496,0.8588853992885933,1.3258207169727854,0.13691971006863113,1.2291038808836527,-0.4126281457742357,1.3389416386863868,0.031622282773420746,1
-3.0605527277290294,1.3170679130769716,-0.7192980317999896,-2.1305309235573215,-0.5928494752075841,0.03429538211475691,1.0685964568881898,0.7129315680916715,0.43206337172396203,4.0326929627401285,1
-4.784871505705212,-1.1635398405562185,-0.6254358019996236,-0.6918648788507564,1.0294670082259965,-2.7563335556001816,-1.4878784271370835,1.9047739433325845,0.953032333687207,2.764679080646793,1
0.39251385332997546,1.2760988288178194,0.45064293672396416,2.298329523906033,-0.11813638993902573,2.4394883464142154,2.065410561111936,-1.984071465914055,-0.5683717406914826,-0.7005086611717305,1
-1.166951936834907,0.4374746644216136,-0.4463327971520985,-2.2954564022044037,0.3762977791910654,-0.5616871219194743,3.3804037756389613,-0.7872188114912244,2.344726124946291,2.8072237709281875,0
-0.020113575453046817,-1.0432034011890876,0.19358699506569838,-1.1160233995960844,-1.4400225578501806,-1.9878712625032104,-1.9003084437317357,2.5146511309812216,1.4970499058185889,1.287523910602542,1
0.9229019247928398,1.5056888493420801,0.7624929335478066,-1.858845290976523,-0.27728332263761374,-0.303125318576151,0.2389747643026414,-0.5128297436879603,-0.5070519540099867,-0.6238877882725692,0
3.830733603166246,2.3905354771458587,-0.07784778154432369,0.7589289415501062,0.11277074508506787,-0.5042847346431711,1.1501062618570541,0.7404081031099905,3.6354163237959574,-0.29487864858410795,0
-0.6057586567818303,-1.146614981730292,0.9907993854841025,-0.554135567600607,-1.1563368995267436,-1.1359134079779742,-1.4657548815107733,2.2556701193287942,1.1627632398823706,1.82144465241095,1
0.6870110351974186,-1.8001838537040453,0.5865593133958481,-0.30201885942052564,-1.9935783824291238,-0.20983858657908694,-2.0226627122093856,1.404817835111008,-0.6515078827273919,-0.17616210083676623,0
1.75987827780508,0.20121297085981218,0.8956391411630628,0.4967638271837609,-0.03674030556591419,-1.6426142105655566,-2.0117796261127077,0.8915882155980187,0.44187491987255334,-2.234926368532533,0
1.6993612341962536,-0.8658042625918827,-0.7196651691755729,-0.9207283788339358,1.298344096105355,-0.4785530351705911,4.16728727138958,-1.8641948094713299,3.244485371161102,0.23754180765903574,1
1.7531644930185841,-0.4639180403218601,0.23722296403412438,-1.4356582085275136,-1.3712828902582723,-0.4472012058863629,-1.2697977923776134,0.22848124368418254,-1.0057578595721728,-1.5031039317953387,0
0.5970506819111531,-1.6220263782875344,0.04521571709750941,1.1810556068296048,-1.4606426996778186,0.5356865783180529,1.6227226810532085,-0.6960786434896904,1.3126600535102932,0.08010647607323851,1
-1.4281501890179404,0.4162768309522312,-0.7361222943903317,-0.4870091325114352,0.14248067306008824,-0.24977358383868598,0.2500011767238717,0.8834085208632255,0.8746734963640677,2.1887910382918463,1
0.3771388062282889,0.49813622664012625,-0.049429040207482726,0.10423769155968943,0.5076500985507231,-0.6100743912672338,-0.7809832100713737,0.02864381363303048,-0.2827867778598202,-1.1217198847471537,0
-0.83058140384604,-1.2030760107564613,-0.4873689446800402,-0.5673836717544996,0.16127459380310194,-1.1068152979879677,-0.5446513779392627,0.2067337400438477,0.011184009141160023,-0.09700382915951677,1
-0.3453788664463999,0.5387771269189496,-1.9608507978328928,1.6800246846094755,0.36096088772505125,-0.4367836684434002,-0.7058401880833834,0.5153842011946992,0.5950194513910493,-0.3420628394975698,0
-2.530432014356311,0.36807394657107784,-0.4839240117725786,1.4815985242172052,0.3934430472833983,1.0374582303783453,-0.26099816816027677,1.3708846301159288,0.3103137285047066,3.0186273222137032,1
3.1283360923067374,-2.136898129362142,0.3225604959975529,3.7031280477345465,-1.566801501069484,-1.0586873526258915,-5.433309216585739,4.11312682956742,0.9446349759211764,-2.0091636439092566,0
-2.2081955836034695,-0.7344400000857142,0.7089682397369979,-2.621641957743779,0.08505322082348757,-1.4258304646542515,1.8642360071892958,-0.046134539189544466,1.6585834407776192,2.749375388914815,1
0.706215659452573,-1.3302923563147366,-0.1842694730461071,0.047689631331981786,0.394373845392447,0.4886666382632774,2.439185383883662,-1.5026699539539106,1.0498188187258648,-0.11273795065983386,1
-0.8400839650880862,1.4712621252058147,-0.6024938689130366,-2.891018324852043,-0.4025269986067031,1.4650151350019898,5.193572378966636,-3.2159081845140163,0.2450914471723764,1.862096597859159,0
1.099126942014113,0.5547322169891947,-0.6826060722180601,1.734772248249079,-1.1466430836672743,1.2100012433554947,0.8703881608002042,0.02822611869737557,1.024134670864993,0.3211304115897651,1
1.9809721292709752,0.14320219249638214,-1.4885939779624031,2.2030989957093388,0.7870334719498473,-1.2388316361289007,-1.6282451906296362,1.138709205263811,1.520933121383022,-1.9291588670751358,0
0.6728591578681158,-0.07484063612659135,0.2661150248621453,2.134828812871195,0.2526563456989241,1.0688028878364917,-2.392809186992149,1.7650955392427505,-0.7526205821289302,-0.07120682769024556,1
-0.6343626652135494,-1.6067183342213327,-0.08613257450566396,-2.020467615044298,-1.500234043503258,-2.995571968764601,-1.6181274904018221,0.8836209225038995,0.39871649009975585,-0.6260922209265379,1
0.539795865199715,-0.5063856144965024,-1.5535572229478418,1.8521290482079813,0.48667668606921916,0.5581175122468567,0.23902806505790672,0.5084673925459324,1.1985196542702097,0.4109813532509988,1
0.48899495692246164,0.9935510273126569,-0.28720617978326923,1.3946263389294833,-1.8680628413076206,-2.4706470383676793,0.12362026589045784,-1.9002502881342185,0.6404173864963628,-4.19228929612327,0
1.29802297922743,-1.043243409174384,-0.324402919948115,0.8320800400228464,-0.26447378409691047,0.9445069682529353,2.1997749275295684,-1.4551410102230768,0.9149407586318395,-0.5615732911503338,1
2.7265443628916826,0.23463799594133422,1.7516744537778939,3.8497716412562686,1.8149139351663486,0.003275018875351865,-4.017147316819109,4.120299224863823,1.7420825356801477,-0.1393295010216424,0
0.06792866169262723,0.8803754230545769,0.6200049889007526,0.5833080600874319,-0.8772495699787377,-2.0612133050625774,-1.5268954472559753,-0.22686113691817167,-0.2153219873061356,-2.7159939996759532,0
0.774696858063154,-1.2855844352134582,0.4684153581887788,2.5988118295681937,-0.8498716714065278,-0.022840208199709,-2.456402703969367,2.575392161152918,1.0241667192278694,0.36922764175959005,0
0.09959017121355229,0.8059009431107838,0.08987912040214814,-1.184524427609798,-0.007968024861214118,-0.7388699114768055,2.3162710615261775,-0.7617798737202159,1.9933908957218303,0.9111148452698561,1
-0.5783070897874749,0.503237403877222,0.45022163322274883,-2.975429189323601,-0.43761802428654,-0.11095927928456006,2.553518834166825,-0.714774700499935,1.0235726986165345,2.250486311391637,0
-0.8259145586425742,1.7128217198660913,0.610546936630688,-4.386775543435654,0.04624906206550146,-0.9554595954105726,2.75177760681322,-0.4954014467951706,1.5255602280918819,2.8569742909491818,1
0.11198365553863154,0.03464843675968635,-0.38249466006302923,-1.52347440711659,0.49232306391234126,-0.37307917295510795,0.3468253388238062,0.6606116360326009,0.8212084273135443,1.3998587059647893,1
-0.40634578987968384,-0.039567825797951574,1.0187999801530154,-2.908849059223093,1.807419379422577,-1.289239101063596,1.5846356350878605,-1.9401579212331193,-0.4143412012442794,-0.912916480255287,0
0.6464601225866727,-1.6309532132923052,-1.4345623784678974,0.20673672890177242,-1.4442213202567409,-0.8821888405265254,-0.9785648327075794,1.0108725059067876,0.8139789373511471,-0.20328877328237838,0
0.21498991556422054,-0.051145631821634376,1.3151253352250993,0.6359387813475577,-1.0124939702036138,-0.5906653615014734,-1.1138561835804408,1.5119969024230762,1.020634844058424,0.6080163791040152,1
2.1306754018666894,-0.020473201969290162,-1.2575669298603165,-1.4425080146101976,0.920419303313525,-0.10017440689307555,0.5438717321900315,-1.2293512078351836,-0.6165243101651816,-1.9834429710649328,0
1.8012933561071294,-1.7171401030675408,0.5878038540094718,1.437867673087465,0.6705989393347973,1.1964828143511554,1.2955832286024687,1.6162331387911295,3.222395488759472,2.6249514034158747,0
-1.0854224223029805,0.6641168537444525,0.6102360060046633,0.12028845768322638,1.6407522582727576,0.48329429574923277,2.336956570120902,-2.0271387646042296,0.0012324581171924143,-0.052168053176444545,1
-0.19222138449867732,0.8797386742198852,-0.8990231137247617,0.7099921230262696,-1.8766951084609356,0.4611407276607602,-0.2889683401809231,0.5058922465545248,0.06950279652322011,0.5627889222507647,1
0.9076402177915457,-0.1883658466196552,-0.1154828963916312,0.25456508392334487,-0.26603725114374654,0.2938383738775914,1.6897445228183066,-0.8972251350925927,1.089555762095516,-0.1639785457485005,1
-0.9255387282568983,0.8127356647019062,1.1446614595996163,-0.953288610353919,-0.035662653621835405,-2.095801628217586,-4.139831046948254,3.060686618744719,-0.5690403633593508,0.45024265081740844,0
1.7277396441568222,0.38205067755333055,0.8223340695724903,-0.2483031669548651,0.2864986092893359,-2.5488124638946514,-4.2914855206855105,0.6144046106092662,-2.0629231801270036,-4.802191234677882,0
2.148824883777195,-0.10620869171899912,0.22060692295888165,2.0696778593006444,-0.16869103498212665,-0.11119929387594085,-0.5370076231861505,1.675303354878109,2.476292187056602,0.2058609285933886,0
-3.692058920002274,-1.8208879754571394,0.2907958072297566,-1.784489051429663,-1.2676402966468037,-1.3170410853772438,0.47041761487969874,0.466298115102849,0.4788500195000467,2.819236379868862,1
0.6897795559066011,-0.3258117824897338,1.4189040694751835,1.8107098964558035,0.5320288361173547,2.135649156843619,0.1956564706660488,-0.43863179700079014,-0.9888614196923462,-0.34253439246809897,1
1.055277442529468,-0.12044699536116532,-1.385534197789162,2.5692206980627494,0.09802958244366852,2.4882814144608507,1.7045533860384003,-1.2803674782867076,-0.032057921357744545,-0.4186823218346952,1
1.0331636180045285,-0.16405323275606953,0.4645627276650941,-0.26256451089700894,0.9883231156063628,-0.5922935821919717,-0.03985919901891512,0.04414202093143327,0.5850395428282305,-0.6783081953862842,0
-0.6521846293139268,0.11069057054688558,0.3880746732863844,0.6151797925575604,1.5584052226061689,1.2064369038514524,0.2776339286134057,0.497409533983024,0.011432788995422438,1.6210403488941394,1
0.6923790292293492,-0.2751234003385167,0.4589421583025453,-2.053321024053222,0.1149853683772765,-1.4052434630251482,-5.016976442350757,2.853582804109669,-2.3318507364496313,-0.8496483143485123,0
0.7083064616809125,0.4417404281684909,1.0596986858041393,-0.9418411695497453,-1.1430913688343682,-0.4572707596059926,1.8106687064973686,-1.030559902688175,1.158503703376426,-0.15668876622308614,1
-0.17439678492450716,-1.7220235808146194,-1.6721595136444953,2.723756664256718,-0.6468759020702652,0.4642794314479841,-0.6431565802193583,1.317369688562542,1.2551171124794054,0.8610692552720872,0
1.5088430061160985,-0.984427920527556,0.299287147941539,-1.6131810114963838,-0.05621681212847209,-1.3954818577420594,-2.21531689910317,0.20847367850114196,-1.5250441034473154,-2.5958442050922144,0
2.9272858871581047,1.0154528481746792,0.6435176776499427,1.605532013501422,-0.4310701409423293,-1.7264512034622932,-2.1295066279719763,1.3920178782625723,1.5727182275793097,-2.5474001407870217,0
0.32505544721102086,0.17597808900561476,-1.5066441222537537,3.103282631402126,-0.7348740666403528,2.3978605485220577,-0.6892060272041873,0.19671511662429464,-1.142820182609432,-0.26906835315498184,0
0.5823613309091569,0.5714296182464823,-0.9764265916915398,-3.3905404259643213,0.06753977906994638,-1.1490575622972932,-0.09535664473022422,1.7376072044641453,1.4280996352173945,2.4233025317504735,1
1.2714060004909382,0.10608271025834201,-0.07408266206618958,3.315042269690015,1.4237073100207738,-1.1999928901873282,-5.831897498721109,3.56603222246349,-0.5513685754994739,-2.1476472599409306,0
-3.0741940072535066,0.7080211958677365,1.9830425583505231,-0.32738941604026983,0.8637819031668581,-1.8366031530564575,-2.376072603548085,1.8631613733559576,-0.2564874580542167,1.3623988459011442,1
1.2079747720694602,-0.9180082651146999,-0.6555425358109414,2.6922641896824944,0.49910644197992277,-1.6726854107131905,-1.3110501629718467,0.07597879610544556,1.1049525940594602,-3.0519782565598526,0
4.184220399532705,0.14219313514130974,0.30038093695788537,3.5134609335621603,-0.04782984619791361,-0.46965579650533307,-2.058273512828121,2.6148803421902977,2.988554003016837,-1.3665733981406385,0
-0.3815678939742547,-0.1879293768007396,0.19816848318225402,-0.8848068771485863,0.06368945260736163,-0.6818888739070681,0.44048066527141405,0.4334881785132936,1.0442285255001362,1.119817006035077,1
0.17748474691291005,2.013698349534853,-1.0472740400910394,1.6422444724125138,-0.3419458118312522,1.2974212831038185,-1.0680275566405886,0.7899649673776026,-0.717548475287157,0.20537401881933645,1
-1.8575205071564644,-2.8658299342265896,-0.9605035349648755,-1.8809153978021738,1.4324072576377531,0.04089118593219254,2.3122847524930448,0.7702385616355134,2.282881659254227,4.538161562547672,1
0.9238974766355232,-0.20830815696970303,-1.0348148885745907,-3.4501216958880443,0.36972874103394227,-0.4919715802874217,-2.617467804077323,1.1264414275580399,-2.5230851651197206,-0.5218859122551293,0
0.5220853465785968,-2.233605245995567,-0.0868038020675589,-2.4349803750443546,-0.2747629760909964,-0.9174213979373739,-2.080878665266221,0.6875574424471229,-1.7651983728829523,-0.899968406257919,0
0.5603722287247864,-0.42958164559171663,-1.3580100590415056,1.3731368602914666,-0.5375102708450441,-1.3586630734481115,-2.1268859920027587,1.1182820396197077,0.3790085069270067,-1.5190735180614001,0
-0.42026513459803283,-0.6398126391918693,-0.15995088456830253,3.6628351459103334,-1.039524675720976,0.006879144926678515,-4.861805359014126,3.6190468951683576,-0.5511017978963724,0.05410318426656157,0
1.1860374779938625,-1.5424162038886688,-0.0076678020480680726,1.8458238321157159,0.16249851024908865,3.7196272210109655,3.7149536306514417,-3.2583400522291153,-0.9393318555513193,-0.7685496581257822,1
0.8071428541478931,-0.19464136458099254,1.3679694020252005,-0.9390075998256269,-0.3454547476179307,1.4086216776259062,7.223772757858982,-5.190080974726517,1.6695440050632415,-0.4589725637624757,1
0.6588252199102622,0.04851466221955901,-0.2157337077705497,0.342543399904226,-1.4098129026777428,1.7468909148616076,3.004970754617514,-2.386733780240645,-0.05887593899467247,-0.365369163198846,1
-2.8853827210925314,0.36457769602775814,-0.28151537927043885,0.6942734442339509,-1.543594188442038,-0.04925906191540075,-1.3594655346582876,2.173909589385235,0.32122637756761463,3.091623067886733,1
1.9264276335952633,-0.3805397280510515,-0.9948060936097859,-0.036842316794108765,-0.16609776301710188,1.2275590238137435,4.570851994288842,-2.8323298615522416,1.812024886524112,-0.3732424392143416,1
-0.27197670058390155,0.8275142147312098,-0.21756368625587086,1.8416356599109855,0.3317880317096099,0.1702682145488068,-2.0228610215730076,1.7664102890201319,0.01165379305469294,0.424749223433076,1
0.3438086554143407,1.0756934280298593,0.8120380720416848,0.4553663440058535,0.5684752117493578,0.8018209010203372,0.04516483029150346,1.4640332982633855,1.2231164055877448,2.131797702627613,1
-0.49351367027048276,-1.1216466229495925,0.1899139709201114,0.6334937871787988,-0.0657289443524329,-0.9181784324122271,-1.9673494883862475,1.2596688266045184,-0.1401002177566324,-0.27507767905907327,0
-0.5514145566925139,-0.1240606779362897,0.05507563831471145,-0.8430446409093884,-1.571395594482974,-0.4768603526836013,1.6152113129318098,-0.6838518227539561,1.0518104454970536,0.7559018039345555,1
0.34752612816047823,1.550278824078565,1.199590148993406,-1.1908575694552783,-1.4301015922497284,-2.692399632147397,-1.6396776559570418,-0.2263121628993705,-0.4665598491932519,-2.7700764337011017,0
2.0760397061638796,-0.10985363780509941,-1.1796394343446839,1.759760553824029,-1.2707564549216974,1.4713122132201184,2.083380247735227,-0.6377973156192971,1.7634480642432937,0.07063404111420182,1
0.9633554978424052,0.4213270695156009,-0.2254039937388813,2.240734363310832,0.07424958225086495,1.3928054028725136,2.729843061486058,-1.5631847641634145,1.519760854083757,-0.24740300705271395,1
0.7506287281783414,-0.3716610336843118,0.9691829873622679,-0.6898901823851946,0.7335184624712162,-1.410530027055483,-0.316303833460539,-0.9367571552790259,-0.3643680374058321,-2.384694769821847,0
-2.4412628687576055,-1.1476463988654357,-1.2179978405563514,-2.0099841072606006,-1.827128939574133,-1.9048391283710537,0.08260336381456436,0.9146344946883924,1.1464843334013417,2.281623961622956,1
0.896805031655728,-0.5625517736187333,-0.15165367203420396,0.036949200878790056,-1.1669881821406638,-1.5088102083336774,2.086353283789496,-1.6888611529758997,1.9807119934266115,-1.623757539111079,0
-1.4898263968212775,0.4870171564202809,1.074848721680636,-1.4600291172819833,-0.6985530493827176,-0.8012707004986143,1.1608077953331943,-0.7151608480736711,0.29309136837612493,0.8055471166146316,0
0.44800051082921843,0.8860273870113858,0.2942050199296082,2.7828924966160993,-0.9290649408936263,0.8773467836351942,-2.410160491745985,2.131185885789285,-0.06215005049012179,0.2903764962481279,1
0.2870200928130938,0.2577645534085519,0.01909671231209128,0.630623232927314,-0.9662583876600286,-0.24712201347928664,-2.7850450715701465,2.605207636695899,0.002288247647216357,0.7751321878264908,1
1.5334129875622002,0.2948435631526776,1.3494466825380171,1.7291377257024547,0.45104363374589096,2.1882171343173105,3.009752819675622,-2.055214434614199,0.680495401198165,-0.5061661402908916,1
-1.141959318794886,0.09900162758932099,-0.09211683792364958,1.439115398273267,0.13374294128699207,-0.9315523394052792,-1.2851827321574916,0.438477986447405,-0.05451291235245459,-0.7055537088961371,0
0.4573354274131505,-0.5229771004631462,-2.425189153677281,-0.07190922898541563,0.6955114932633333,-0.5576954269412062,-0.7956691834722815,2.2477290680290207,1.9176496853646086,1.9859334053101587,1
1.085328479172253,0.30638280074245927,0.34535686073450617,1.4344785586736148,0.010004445747878203,-0.45526925324946343,-2.331039070691562,1.4160372016911544,-0.07287318048857361,-1.179703271743396,0
3.0046337012314357,-1.3503178098315267,0.25325862226729384,1.295132441310368,0.42882255462666935,-0.4558371277990989,-1.1172912026050121,-0.6496422271304074,-0.4311241450307207,-3.9247401706724663,0
1.2387140076309513,0.07219952824971228,1.3324100584207152,0.41423717246128366,0.7050351073346284,0.791832685095341,-0.36729510178496894,0.38431643292883155,-0.16810026562761693,-0.18024094390791334,1
-1.4436456785097578,-0.08333147487540847,-1.6807878975523232,-0.9944424771864864,0.6219809940211398,-2.1289301193170154,-2.023293086338093,1.6277058243633717,0.25369639902056873,0.5689886447392439,1
-3.7234277017094586,0.7212779118743922,-0.7172063638014581,-4.212820603958208,-1.393146084046777,-2.18282515560941,1.4525162412895845,-0.398874606911209,0.4412297732745327,2.7439963798282374,1
0.8221861784163875,-0.44416742136371407,-0.6984224386906184,2.032993055691768,-1.1389482066999677,-0.6699551657786925,-2.7952795509751303,1.9502059526783448,0.27074960232460543,-0.9542647045448591,0
0.5137233134377777,0.07212825847578085,0.32179072243667456,-2.8309053235772677,-0.4548215505531764,-1.383755981374342,0.729281852503062,0.3087913204970668,1.2550426055774664,0.9476623721556379,1
0.41646715604795914,0.9545795811061782,0.3676972532248786,1.9282899783461716,0.0008573342459645112,-0.15485133767949133,-3.716854167319277,3.4731270245506565,0.279767895403113,0.8092370868044088,0
1.2298704227596158,-1.4387297499463698,-1.1306119239505787,0.7715586513664495,-1.289516719300908,1.081015638597163,4.089831632514642,-2.0709816634128075,2.29812369560495,0.34780683400839674,1
-0.5647626370157779,0.6251956600097754,0.8254715419951355,-1.7156050898642916,0.48402347708498744,-2.2147175097588625,-0.16284598242321677,0.5497639608765079,1.2650566037722533,0.4054568333449605,1
-2.042874546593378,1.2155068050230795,-1.0537907973425453,-0.8178970273616719,-0.5662575689260696,-1.6201249250656133,-0.10644087361047733,0.6818151565044166,1.011762716709504,1.4068114088800552,1
-0.26341322812188017,0.05446036929644432,0.86151388816879,0.14826372389684184,0.21555000064529165,-1.0478358932758958,0.34965193559374413,-0.455494599357944,0.700991385297993,-0.6780747903826684,0
0.16137403396246242,-1.3286435742272604,-0.8635221330147131,0.1558663646286832,-1.6571763603015677,-0.29607297897297324,0.6340060236218451,-0.04595975371702188,0.9935522035284642,0.24601026107811924,1
-1.0225769615272668,-1.43639540914514,-0.008039255121611723,-1.4927865636840534,-1.4671263296585115,0.41489475206103377,1.6907633916328582,0.2841362291520946,1.1278162878152107,2.953715442017067,1
1.3569960785452808,0.7003694696476837,-0.3974591697846353,-0.08469133891481528,-0.47370913813461124,-3.249658412948081,-6.557101183377167,2.7575538296430437,-1.9348473564212028,-3.957105965633905,0
2.267573278266589,1.6619297703472755,-0.6386898406438029,-1.8767515653724356,0.4544055593214179,-1.4096960864695427,-6.155859630587853,3.480555564337693,-2.5475549443265155,-1.816277838413456,0
0.6766449303937104,-0.2680557684270527,1.2192579890966468,1.4623034252542488,-1.5489796616692089,1.7102248798888775,-0.8376874888436642,0.31071018929603,-1.2089352294302143,-0.29059352790157245,1
1.1350281130797943,-1.2715590702992374,0.7848093094573921,0.46104677427972096,0.692857874596972,0.7375658706275499,4.650602480907964,-2.885345255291643,2.2129676618854637,-0.31374511665987415,1
-0.3819814438127622,-0.6949127775561155,1.4094266295635078,-2.097980715275254,1.0404926377298214,0.14317853878563547,2.7665831321584085,-2.2202096454368387,-0.11288390465150955,0.12381235867653756,0
-0.8092029573532136,0.16358911436627577,-0.7004041846681613,2.821929568114091,-0.6148279504490115,-0.731813315562675,-2.4547058065979366,1.3074226968042695,-0.04888903655386834,-0.9573278584219785,0
2.4329483360821564,0.8096282780621594,-0.9434615786943489,0.7349076230386804,-0.7804042777105111,0.2574222574941407,1.2188001735767724,1.060345536288603,3.14362700775154,1.2451130338994036,0
0.8779226978060236,-0.8443312450806665,0.051502719973320316,-1.6098239446718832,-0.44444133933559726,-1.0824193893021066,-3.6281783605843985,1.3029598321704174,-2.384742078307313,-1.8611528611344952,0
1.961581196677114,-0.6545419810780835,0.3223703997275838,-0.11821359650912944,-0.8576946679325813,-1.5535027731214175,-4.21017601191216,2.412958532830103,-0.7416894869368429,-1.951651756506712,0
3.4088805219503944,0.23648694614658164,0.026911724141361133,0.604139379509799,0.16221150474248305,-1.6687050790354367,3.2172309719545686,-1.9185983354211351,3.9519651575996178,-2.4286747760429317,0
-0.13158807324649202,-0.27856809862348714,0.9121147771056591,-2.194309290723165,0.3150902334695747,-0.9004468131226668,0.010663418538438081,0.8484483089459669,0.7185445651626889,1.4364864514128495,1
1.3269747071698532,-0.6935685095180287,-1.1457382830520515,-1.3335419488740028,-1.24198535994816,-2.160033735890237,-0.4430535210413266,-0.32396701861400845,0.5804366544906885,-2.085912065311073,0
2.4100880369871924,-0.9445876907683202,2.3138872734260305,0.7385551294209236,-0.31249134783963395,-2.8804934751503413,-6.691077235536349,3.645753530003555,-0.8900613077400943,-3.4203771809865238,0
1.703281624894753,-1.1036947701542872,0.7864785189607976,3.054521370191023,0.37145905395101597,-2.9493915631852268,-7.134774952403771,5.236730051750131,0.9986120049623939,-1.8567921647444943,0
2.3430388625942666,-0.28763746103701304,-0.1256653852725217,0.5191036504877985,1.4254332795296318,-1.229953471372188,-0.7564239835448657,0.9694937818266133,1.7960602212724166,-1.14780337726089,0
1.164647116224371,-0.7594573199836635,-0.7954994046001439,-0.15001066120990236,0.32830717562133405,-2.106310858967581,-6.4880721796267595,3.665045208140791,-1.8345598852908749,-2.03219495992003,0
1.7455256244862243,0.33996379075691296,0.05113416662288371,1.0561509161884302,-1.0582486265279207,-1.0050830242845683,0.6715270534569421,-1.8801229677830098,0.36474477369732505,-3.6069932874754738,0
-0.2657859851787263,0.12987066726514784,-1.5958579799665258,-4.663006618110685,1.3698045451925922,-1.964901269254296,1.0588630391181797,-0.9567617029522391,-0.11002987623487726,0.0864940138162785,1
1.2843254698087008,-0.771791009002435,-0.09920049916946326,-1.4717380589781115,-0.34226026490642114,-0.631962793378362,-0.7526234831032623,-0.16282916097201938,-0.8054549926074211,-1.4274828500091037,0
-0.9628370889991729,0.1433897463604586,0.7814746188612576,1.8037650286115239,0.8331604940258077,-1.4052477389734184,-2.8224813192521103,0.9614043552301763,-0.7407917557235679,-1.7113649259094417,0
0.1942580945620419,-0.7134700492892669,1.6554330809031192,-2.9853592017057187,-0.8434854962770777,-0.7206839853625562,-0.7388989731779806,0.21412764836584286,-1.148394441822779,0.007994603819168932,0
1.9997832973827339,0.8133559522149549,-0.06501382277805628,-2.213039535231501,0.5999416089408499,-1.365004098280103,-4.421544692387285,2.3993145215963656,-1.9060358152573835,-1.5605501885620596,0
2.545714393187678,-0.881293733690008,0.5819938044171737,0.12060359494853601,0.48936498527543776,-0.5441758356981418,-2.7901157704052633,0.8010901703566983,-1.3163718311851813,-2.8780236368581393,0
-0.24316142836307386,-0.1288008287892548,2.487200767392342,2.572270908192409,-0.22000744910587589,0.9527179465342476,-1.600959822142298,1.0064084293878879,-0.5992408868996906,-0.1330272084685445,1
0.7911539988946967,0.3437152742537163,-0.2509477943413519,-2.6582245546475054,1.3979189145917652,-1.9338456354513451,-0.8109260889239125,1.2394950696208413,0.9972376737781378,0.47486336460644796,1
2.1801121414571596,0.923178305622918,0.8498886462208913,-2.288180664239581,-1.422260182210169,-1.6759279737253943,-6.79636209125605,3.2869862715319376,-3.455966967613556,-2.6126877240162174,0
0.4128981960678373,0.18669796459422633,0.14955959763717236,-1.0813214028485347,-1.1469285123354318,-2.0683356504225014,-3.123240962164702,1.5138217583471743,-0.7667399112617167,-1.4430997631020326,0
1.448567140810617,-1.5937258559551035,-0.4089991792265975,1.2336977915964398,-1.5294277200326896,0.7217901540382196,3.441796940454854,-1.6475111537792708,2.4861395262939796,-0.011761308952141824,1
0.7928887665638464,-1.314048843156099,-0.798778722698252,-1.7231654538512213,-1.5791616134224458,-3.7299424905916494,-1.377248935663112,1.7120021154341276,2.5242076790921457,-0.36626523332353045,1
1.6275663166759138,0.7897857458625657,0.5359644092424989,-1.4576717101820715,-1.0638849116799036,0.7841816162546551,-2.4994202914614863,0.9869862696060464,-2.579667484321675,-0.9339084300148658,0
-0.7132144895037362,0.624742026481505,0.9589501074502397,0.17603812822601705,-1.250474143603487,-0.6964141020383725,-3.4368770351278286,2.6320796433065405,-0.7831357023870806,0.6691021757923258,0
0.30976574467449214,-1.0053349058597516,0.9618958986902391,1.912554359807259,-0.13746376973901273,0.0007073210142959363,-0.08630335021851424,0.7172637802192237,1.426743146500903,0.2800153975169546,1
-0.7792651789740037,-1.2844508622826205,0.3713790976173894,2.075921332209953,-0.26164355290069913,2.766657663005998,1.3841140280248332,-1.9670593603958917,-1.9297987146526006,-0.4893185196740821,1
0.5557725952932662,0.32656143033812945,1.2824920372746025,0.5102628004640979,0.3766353761798157,0.2861414038141391,1.217053463370649,-0.16753867045802084,1.3244305858936618,0.5467543849332667,1
0.8153665753333581,-0.9113172654620733,-1.9745417840113808,-0.03163377374123044,0.7401173216811205,-0.9329184356713669,-1.4612991196877234,1.8466565051572457,1.1178481623288947,0.49214615190194005,1
1.7359439643055157,2.11268738714391,0.8425924426888154,0.15732392767609293,1.297753711787242,0.6813790878842636,4.125949608292984,-1.9409884583695036,2.662238457615312,0.2930225470492516,1
3.3555887750138353,-1.0000807425869997,1.213008142942167,2.6494738752898166,-0.2870858663221182,-1.205390405615366,-5.6923206959169415,4.149717468747987,0.45779016281794616,-2.0933384704856643,0
0.8556708582271504,0.9520165453293079,-0.12245281353774572,0.8435297307783955,-0.1814742023560683,-2.093958614921842,-0.8257430860591269,-0.37487596710032345,0.7380191350515246,-2.7835797078045768,0
-1.4342152663470502,-0.4785905516305926,1.2031555599366837,-2.435386363775895,0.5088348945408068,0.027336468898337296,2.137174467812561,-1.5804299696708277,-0.4535674892612087,1.029829284822396,1
0.8227735765656521,0.22003100406939308,0.3255604071093235,0.38694600764192333,-1.1366876164461543,1.0595540752630717,3.1448094996324603,-1.846147053236961,1.2286044759643755,0.12531095017928431,1
1.6811138037753777,1.3705086531082344,-0.7482709979740649,-0.22835317865717708,0.6189276135952376,-1.3681846738370322,-1.0837297249867188,1.0133578313270217,1.1382932094844405,-0.9085850101703714,0
-0.09050345632769341,-2.017902276462043,-2.5172303766303354,-0.6970626815682908,0.3108127360499551,-1.1785655916693802,-1.0095174975028331,0.16287384259251347,-0.38803540351811494,-0.9365799772931382,0
-1.4350424368496424,-0.030578532411292016,2.0612454684605774,1.2793671776490707,0.8232475017125183,0.6637559373788602,-1.6322523125468,0.4396610382842465,-1.765822102725307,-0.14287247653943227,1
2.3348656685256284,0.9149082035567687,-1.138854967307,0.8667830808417774,0.47438303898169265,2.3924860983458576,4.367125178378546,-2.9111264932464085,1.0603281303842311,-0.6038153259444644,1
0.651001878216732,-1.1404457867700528,-0.43807285678130725,3.1437820886286376,-1.5821880508751418,-2.456770954308036,-4.839019009727118,1.3987642421492597,-0.9371803382689796,-4.474505479343579,0
-1.4953795034089903,-0.33017857477018797,1.0420069943602674,-1.6087754027011458,-0.24768145809650083,-1.7409623283735196,-1.711865652780118,1.8836208500567813,0.34675700152461,1.5470264821572461,1
3.035069393193643,1.76232165216181,-1.519634186517625,1.0674389648657656,-0.3586388907881295,-0.08299892075675808,-2.308822949753562,0.5202134092810657,-0.9351950916530551,-3.1392664822058998,0
0.7919658999349026,-0.1248559071075058,0.7515334211533271,-2.1645159021597364,-1.8299038611633953,-0.33430655726277414,-0.5185381170819013,-0.03718397727926415,-1.000787363506772,-0.4953907769202911,0
-1.1818766578856328,0.33403512895649146,0.5156143007854291,-3.048729601735832,-1.648057003398717,-0.8466507159577333,2.0487137153373474,-1.1509993402623206,0.3730406423479993,1.2091992311928936,1
3.4067995297213396,-0.2680077425053572,-0.8741035628626731,-0.8187026476709482,-0.42993197092420804,-1.1380423161996895,1.2619051907253935,0.18815916320129422,2.9779934047414445,-0.6193147787620747,0
-1.4053096364602975,-1.2900524924491579,-0.38542130616181514,-2.7174805734537646,-0.1429443645388315,-1.80807620512996,0.32539150924585697,1.6829358920570838,2.1289567850269764,3.266013161389082,1
1.8208716436514896,1.3554955328750073,2.043042243470318,0.3063798707049812,0.6076317593481398,-0.2575686677824527,1.371272821939565,0.08060689070819604,2.382944927328374,0.2121613272594828,1
-0.3682278435449515,1.108841419071706,0.80633201905893,-0.04423340635651729,0.5992716708727502,-1.9903653784343809,-1.4794453283877962,-0.13535712897966623,-0.4534088129127569,-2.136723167631622,0
-0.021339232038380285,0.26343776865072016,0.185392640516553,-2.9530878081812517,-0.06675917817732932,-0.6651138632200793,1.1262694042674728,1.1240856148343312,1.8499608135218693,3.0388826399763618,1
0.22524569476517897,0.9594099968570928,-0.6466556335942929,-0.16064591767761205,-1.1234717190204166,-2.3230306012318045,-2.2830788736402607,1.033725808543779,0.18349956354429597,-1.6232074159547196,0
-2.8033767953013564,-0.5540843202239443,-0.8685133873043879,-0.18880456013661462,1.6737197674826467,-0.09313875433565288,0.6691107733564533,1.1913207005242417,1.3465788637668779,3.669208404003653,1
1.391930262673171,-1.085695731996642,0.5517911190550536,1.2425497116567916,0.06111730269761683,-1.5446433770811743,-6.446998499032796,3.741531132447617,-1.5568455165325639,-2.121064954616759,0
-0.4147945397173405,0.9982391058303398,1.2567705974733345,-1.2000234664545875,-0.2980841033181589,0.3310448326383648,1.4829266103353818,-0.8468975776465011,0.029235629937577556,0.7778465355133436,1
-1.0423268598811872,-0.3448460335875565,-0.9840314172504463,-1.8359842929823835,0.5212773722162125,-0.8400265198760404,0.11322926783173698,-0.08835668378569284,-0.2610016113268614,0.6133905920630688,0
-0.03670670158226863,-0.5218957376082406,1.0866608278509824,-0.78505007767841,-1.1800090873473532,-2.2359281202552306,-0.879616905233035,-0.6390371950949254,-0.30440650349519016,-2.3941108963483275,0
-1.7514443365531283,-0.6103998335406896,-0.16696642234871384,2.0795902729047775,1.5975461699369529,0.47368552721131774,-3.5221858108556723,1.8264850955207974,-2.1243354281893247,0.0047470730077686,1
0.6655441361793815,-0.05542664775446476,1.411296865959639,1.487489438303474,1.1158472749366464,1.6700140339249323,2.376665176678844,-1.6871184353696256,0.4318067462351447,-0.27032857402480304,1
-0.20079273959227995,-0.7856072811244635,-1.564894919035778,-4.959460818164329,-1.788388927204346,-0.6235524662159208,1.0968435197427768,-0.6192694730951167,-0.8098438568194885,1.2029742074727718,0
3.914196792504268,1.529668274287631,0.8936480961224382,0.023118102120911033,0.4274382280833858,-2.1051298242011987,1.721044681261055,-1.1146907246844382,3.3019745121953252,-2.913602896697971,0
2.002613244744042,-0.4883670868558086,0.35892050887264293,0.7761463612480791,0.6632184207404347,1.3860053345345817,4.217257418349217,-2.696698345972618,1.749598105052785,-0.6734497337649553,1
1.6771767566647848,-0.6842979794038673,-1.8155792897895147,-2.7770153660973604,-0.7753675845865745,1.9415358266231393,4.909547936067324,-3.13618514549941,0.27808411383257736,0.6291740589466134,1
-1.1852119843074806,0.011132592717344245,0.5295254443280599,2.688442865376352,0.8562414122965504,-0.9683495877368289,-4.341023222302493,2.2290508480196456,-1.2116422408381018,-1.2063407503288262,0
-0.6701778932741873,1.4089107574829256,0.4592428063793111,1.3226802023036275,-0.7207847968099884,-0.5459845191968002,-1.928789386398222,1.4035488046494211,-0.009432121967631879,0.030415740068556248,0
0.28594984618995134,2.244058511936747,0.07308213092744939,-1.9221967051128244,1.2082567326532243,-3.1623813343793734,-5.671043677686768,3.161100380210946,-1.4989512973978476,-1.5704403528884763,0
-0.04853093447648171,1.8042551370778928,-1.1964282051012067,-0.047455648425604346,0.6875477146212243,-0.2796540184105947,-2.0133981010516195,2.0792614694717804,0.03366016712400344,1.048046768334144,0
0.6495475571352476,-0.70616220682207,0.10164708294847297,-1.6160771601129773,0.3102185252548131,-3.230696871554407,-5.915508322641554,2.824797998091099,-1.8783292411578425,-2.5443439860651953,0
3.461472841047093,-1.6223406408284906,-1.4338636526151392,0.2433980509911975,-0.6892325721353322,-1.4061787182413366,-5.7149686091534235,2.945258580312797,-1.5362062797352012,-3.3165514577346715,0
-1.46466044543123,-0.41072888997746465,1.1047763680558182,-3.608461248563412,2.021714986154262,-0.9066891625268118,2.0979306468942944,-0.09387109111786818,1.297457698306167,2.9860895555240066,1
2.421206925472331,0.09136775910665185,-0.9115585553391796,3.507215749005967,0.8105361148297376,-2.263798268212348,-2.8647420426749868,0.742441037340654,1.0447443180874196,-4.557778609708077,0
0.5267297792674626,-0.10398329868709742,0.9175108270821316,-1.7875819568216653,-0.4561010078113793,-2.8660728154659942,-6.8177647837184745,3.4904857033486585,-2.5834852006376083,-2.1483070188966455,0
0.6297354245035629,1.2495376393526856,1.2664270376268931,1.4720321617044356,-1.0221012939641378,0.18248481627073265,-2.8373083059597857,2.029541044345839,-0.5826830468389519,-0.2783832301769449,1
-1.4115977013034013,0.813938574523824,-0.25120281285935886,-1.3449895381718204,0.08273792225487876,-0.39672663238262384,-0.35875043339891216,1.0374919733432093,0.13321282925700473,2.0172548226444813,1
-2.3722558902393236,-0.8451669978400385,-1.8630468568224754,2.1887225514417894,-0.241152492261653,-2.6739597695466566,-4.461123100238196,0.2504483336329554,-2.5948714500279064,-4.069127328650956,0
1.0976750094608712,-0.8930786006049823,-0.3298838851601831,0.06923527349982106,0.28398781971254555,-0.4518985424261803,0.6553573360395428,0.33263905685410156,1.7133581068775658,0.27695944822906365,1
2.7539913856250955,-0.1990496153407668,0.9491235890461854,3.6112276074503713,0.6956595442991098,-2.056916020176776,-6.192978265054634,3.45821058382743,0.01768114950267674,-3.8013987236756193,0
-0.7808548906434074,-0.06556392602974538,-0.716225009423016,-2.954796160858992,0.925017468122467,-1.6503455501015885,-1.010320021573853,-0.5481108982647642,-1.7740493117111407,-1.204568671168934,0
0.1280409289880331,0.9390519244075611,-0.85287820987419,1.296059681949589,-0.9549853534635654,1.4697609298692755,3.7857180010275537,-2.193547855100895,1.4708596489056045,0.4958899411159442,1
2.771665501453118,-1.0177329400894606,0.36376990672783033,0.3400236091488188,-0.6847161543480678,0.5043973220990672,-1.7572113810771566,3.6557184883815963,2.1810743007334263,2.284477987149393,0
-0.8246985865920698,-0.12231037606927596,0.1425038986720126,-1.1036552859613327,0.26389251849658063,-2.386353401629,-0.5565239070730233,0.9590508980102799,1.53348719472972,0.5320097528436227,1
-0.8027408206377102,1.0681132885028883,0.9117999464107457,-1.2599275790926554,1.966990882370666,-2.7303672323133483,-1.5756016970704432,1.443267514847291,1.0734399905448069,0.19469074153281873,1
0.23247222006549018,1.3483754483380468,-0.7974605228064238,0.7466565782423127,-1.657932993720959,-0.03575440146309172,0.06078008031462528,0.8245802355218391,1.283060929202423,0.8800175644495449,0
0.8329057816633828,-0.02529319310900609,-0.7854119933226567,1.4238164535488,-1.4634361560181446,1.6886214746067534,2.143798342657384,-1.6328927824867043,0.22327854037792128,-0.45940690211163393,1
-0.24450498881438187,-0.0627278789796975,0.9360986445775823,0.9770667666399173,2.516646555793866,-1.7475597453447858,-2.497382601251248,1.979847987221162,0.8039823240017214,-0.3019908941695894,1
2.461500118919661,1.232647504381844,-0.032442661893587,1.4021278309626766,1.5800187623238664,3.485155089660794,6.954952455207647,-4.510713212085075,1.7754544631699094,-0.29722871952925856,1
0.6465422088883638,2.4320269751801242,0.03922723036183155,-2.6028926301097823,0.7936207477280433,-0.3896986996502867,-0.1537033441511694,0.2597096924948663,-0.4306068323103578,0.40065859717974167,0
-1.5799648407388158,0.6242691543408252,1.14488162369814,-0.9715782117069209,0.5318540204738004,-1.8788041217531677,-3.634885713551909,1.3988165627332512,-2.0371101364081867,-0.9966719062192951,0
2.7107030217683086,-1.4376025361115554,-0.4630462600250518,-0.4947435407036802,1.2362351239265392,0.011023621065620604,5.194152104119869,-1.9757281057939289,4.333089585186824,0.5737824136164028,1
1.7155031897217956,0.691184158377242,-1.491739307541365,0.8686111430818548,-0.07949794586859955,-2.668689593233645,-2.319533590203236,0.3385541739227048,0.4074202348987451,-3.7846174976849913,0
-0.3483334756133759,-0.9110710862795801,1.6306189801163626,-0.9658548371948961,-0.6580058510221363,-2.5765342172801757,-1.288183181081609,-0.7688173005729855,-0.7927056148908385,-2.875439553790435,1
0.8960137312659172,0.5284618918237096,-0.9750607254204126,0.6419496975076857,0.27726029436616295,0.39794714857351354,1.0541374136407773,-0.17832345565921637,1.1718905149526015,0.23110173550409796,1
0.6194607144237576,-0.1252776371125806,-0.2526026876211592,1.6153828532855814,0.3827396187084526,-0.20930508892843613,-1.3934895818942286,1.7287800683596983,1.099444119918568,0.3727249547902935,0
0.6691884699405484,-2.105580831204928,-1.5757242629982147,1.0841705784916105,2.129155862409928,0.3714436369457623,-0.6109072768809864,0.9299764414647718,0.5479667310041969,0.3037312042048593,1
1.5063804738441013,1.0665016591810415,-0.251766827070369,-0.7040353140762634,-0.23844566714956222,0.3503542300349174,3.385720529057396,-0.2662075411734228,3.4267994330826363,2.1727152865991166,0
0.21231934641570505,1.3047743340434088,0.9373459780957001,-1.883063618524051,-1.5296924370016545,0.3148359512325476,-0.9034328478620632,2.576349324725922,0.7567949826560637,3.305894564318399,0
0.07925888490367627,-1.0713387501580618,0.01768327004313995,-4.932039164322093,0.8378411043858961,-1.7618543823567285,-5.156981484242288,2.1931426637801072,-4.12269833466733,-1.0008459359654984,0
-2.1516931054529334,0.030585296202751112,0.546289716908982,0.36833004591118956,0.7832561840454081,-2.5444552536016514,-1.6877821993638895,2.923017404740395,2.6312435771079725,2.501668609100062,1
3.444342807597853,-0.974532704094733,1.0838206418312581,1.6468760439359946,-0.0278968936700094,-1.7543279874777444,-4.127014962627216,2.772912889108344,0.8773498028613967,-2.659634236610419,0
1.8908417792804282,-0.186647937741589,-0.8452490036570655,0.010810590271376319,-0.09622822848319072,0.9465830732903263,5.048755066425292,-2.6775224804725974,2.7379767190769986,0.1487941288350708,1
1.1295663702905332,0.04798272044661219,2.0001525124929094,3.7229350749828245,0.5154576979248359,-1.1305892253133605,-0.2010115377071399,-0.33249350874324923,1.9113044332000924,-2.6399147226179482,0
1.5282785536485162,-0.20992298972844026,-0.9665753971147637,0.09040477935823477,-1.1106135266653414,-2.1147264478607077,-5.556788137592903,2.9356340730594503,-1.3457626254960178,-2.479188175696684,0
0.5600512856424114,0.39157170388508683,0.24617043036257155,0.0119379960738355,-0.3410022181445496,-0.8334995204298316,0.4165017285789878,-0.29257589726528344,0.9286437462053141,-0.6811296093122198,0
-0.35935412909376985,0.0860224250408956,0.5475362192819941,1.6195031786335872,0.13162068898893264,-2.431621561157119,-4.2274110073304785,1.0998181705773187,-1.3676690895198944,-3.4452280371830972,0
-1.1177786567472299,1.1627105936059665,-0.8560084859461911,-0.25495188987584194,1.3127283711385471,-2.117578127047822,-0.42007205051583774,-0.2076189117342233,0.5251142492955915,-0.9296235294138102,1
-0.4488273469997459,-0.8301641222853287,1.9660342824646067,-1.6337768730719606,0.24749590391802714,-1.6751080605635316,-3.0582265235050574,1.3152207346289808,-1.5973290665918403,-0.9207769808150562,0
3.4972486766140443,0.5083650441335016,-1.3156669929208955,-0.13652070302150776,-0.9718983104405119,-0.6684116239164124,-3.7362567891680967,1.201295071932242,-1.7641745789025087,-3.6174988556096497,0
1.9205247208040386,0.3466063404724999,-0.5611180472569117,4.215265292715984,-1.2980084860916576,-1.7134247315374664,-4.713756727852527,2.3107506188154163,0.2928617183554091,-3.690401319673864,0
-0.23042817095007795,-0.5365572838111947,0.20136082868448554,0.7952723198458176,0.5737354822298656,1.0534181934336595,-0.24876085547297794,2.170495125793715,1.4246558032433652,3.167784523414613,0
-3.486278979322216,0.9619013805140025,-0.27640248323800076,-0.13448349367977808,-1.3598998531241966,-3.0123955657570347,-2.172617379853613,3.0564710427596418,2.0654081404535347,2.8637112370140683,1
-1.0361484942294643,2.6009423272071777,-1.0374281551427578,0.2613341581149684,-0.1346938671506559,-2.4381383777947336,-2.8651389419703017,1.447986605278516,-0.1047793777343431,-1.078280300432096,1
-0.4114144955862937,0.5536555308075164,1.1037289539515915,0.36195108843467916,1.9456675025532757,0.36767583734134135,-0.8058326939000651,1.8311853192704572,0.7428455042956031,2.1160171896825255,0
0.6490982188741107,-0.010901197099380455,-0.2856085173890448,0.819062460456476,-0.5495377985779493,-1.8241013858707613,-1.3031611398301917,0.06847179557697036,0.39369543815047525,-2.35995610291534,0
0.3673562157834246,-0.3125523090219542,1.2796484346719947,-0.031829018013136645,-0.03823850767809254,-0.9170309147957766,-1.443847907403505,1.2763379017034335,0.4294684180183712,-0.055188831982706216,0
1.2888131869168853,0.4779993874469378,-0.3375665886361984,-2.1776446365892137,0.4422573396945423,0.7029547485214505,1.288081610028821,-1.078988191987964,-0.6762776215162007,-0.16729842166581288,0
1.7839088178513256,1.7190358336358966,1.8774480359594623,-0.8024234064185938,-0.7685009532997439,0.5862612040908735,0.7274043850201589,0.4133314209722099,0.9434723940684786,0.7705958734556919,1
1.4149625301444964,-0.6284090639621739,1.681588375924964,0.4495552483138001,0.7935841176691436,-0.16815696920888645,-0.9319954699919321,1.5036831942779907,1.1165074866763656,0.37882090387826384,1
1.7808111668062356,0.0460850135404643,-1.3764734410914066,2.5879800268924242,-0.3938585671692143,3.596961204458115,3.4614454721009977,-2.893961587826319,-0.3457666090008289,-1.024419036116877,1
-1.4869629457246347,-0.3486100788429641,-0.43962476653438176,-1.3137145401538086,-1.238494019014307,-1.4927044489437002,0.6146735805998719,0.6490698822316939,1.653775828323687,1.8953203622259924,1
-0.5812820227501743,-0.025213046997475976,-0.14129889580556862,-2.6650753923205253,-0.1833849837729115,-1.7139796714890796,0.273361144734311,1.6899552155617703,2.218479556986926,2.8416460904620005,1
1.5391051809613272,0.8303669550428232,-0.7389766845937729,-3.9056084732930123,-0.7452172837276045,-0.0026112911769945457,1.4889555805485362,-2.5232824497236854,-2.0023905063199425,-1.98881074732117,0
-0.15134588344279876,-2.0153048996367526,0.7348312768652014,-2.8741578089822095,1.522696973515837,-1.5676541822995778,-3.2237502277804486,1.456242632660129,-2.1109429589259774,-0.6569934403143263,0
-0.2269203209816164,-0.607147676627312,0.9784597999849344,-3.459467303675473,-0.10872911346889559,-1.537289079440883,-0.16636398840631925,-1.9194128520854705,-2.37363341827193,-2.4771368521010997,0
-1.6819355508030744,-0.9144619914712221,-0.5517426457515363,-1.6826846138635654,0.10972728830430939,-2.220151880491351,-0.6482936550508673,2.3335798833663577,2.3162681254920585,3.0178941560362493,1
2.4109757536275596,-0.002570863685376058,0.4111456975296016,1.2620794341199475,-0.003604518113449724,-0.9471767599776816,-3.7108220333424744,1.2135117250295968,-1.2497293675381536,-3.506574996680002,0
-1.2361465575590815,-1.540820838239643,0.2324286038002629,-2.69453550294456,0.7150431070145676,-1.2088566252592818,-0.5942987921821847,0.7390215788145675,-0.3008827013162625,1.3056345168559007,1
3.1900495764593013,0.9295289063494676,1.555338239475078,0.3526276835831248,-0.3161792525756171,-0.09533383252970562,-3.3599378568547125,0.4979077529733974,-2.3805888100447152,-3.9943928420905777,0
0.17570917056672652,1.5959797350372649,0.930037197223281,-0.2808484895923603,-1.0485724682482491,-0.38957370990947926,-5.531128561107028,4.73982989838947,-1.1820759168534305,1.5673185439633222,0
0.4975207317540161,1.4701027817186962,-1.522950449385224,-0.05609025304121351,1.5735429200497177,-1.1263873045350254,-0.9156547679780415,0.782848727289613,0.6988873427471172,-0.4274958098981592,0
-1.9641740733099389,-0.287736460733591,1.0121121187164135,-1.6554765778549128,0.4280144757658992,-2.6219234289951676,-1.004502007079429,1.5037908009699699,1.2909892985913878,1.5127458696921317,1
0.06905980905798492,-0.21417610337056878,0.5304587899390387,1.5201510953478308,-0.6226729773168778,1.5169690259109396,-1.5196053014718598,0.8759773033910034,-1.3789684921935517,0.10765353385556621,1
0.7645756951232291,-1.5371212226942688,-0.0034211511349828503,-2.258122367049366,-2.0161918230225315,-0.8755334663481092,-0.2803333820686645,-1.077059031095041,-1.4455361170110856,-1.9280307183779122,0
-0.8893519369147875,-0.8508863000277902,0.8292921113418817,1.3570777474574196,-1.6318705831329816,-0.9241945451504131,-4.722569074094834,2.8828972532185224,-1.4272028049992116,-0.4201872706653128,0
1.0348354377454647,1.1863432356827102,0.8188063521069772,0.4069798474272467,-0.25579127846400995,-0.999702514938389,-0.7667475971861091,0.7548355058445697,1.0430399450820265,-0.6708342128432382,0
1.4546232697946881,1.7040464798219168,0.18341945902120274,0.44515601886696954,-1.398826660161565,-2.608052236017995,-2.2124580356610104,0.24384154214480658,0.1685185666152601,-3.5573197850993035,0
-2.0898555475493312,-0.051627452021667186,-0.11381055231939148,-1.2177026498719243,-1.6980919577970242,-0.9063626090087319,0.2677237522631116,0.8245507753198869,0.897245715495053,2.363344554756672,1
1.0294541984971675,-0.755416300249058,-0.8954583137194013,3.1574729997280286,0.3532230675468552,-0.8828563715789889,-1.4736256904432772,0.7502154704126618,1.1614325294763777,-1.9482752071427505,0
3.162574367889728,0.030062963183246534,-1.2454902051189494,2.9659651512887635,-0.187894223288639,-0.7871290599558043,-4.800284242651781,3.461720207416657,0.5252317121841947,-2.0749414224327296,0
3.359878829428056,-0.5775648464288357,-0.6271309945281689,-3.221622783017682,-1.1000953409680636,-0.8199733289108154,2.681196704950262,-1.296188977514285,1.9223266725899886,-0.6696567756222329,1
-1.2075117410808012,0.6401133507918124,-1.7394074657461145,-3.4793096166700797,1.4193462322275132,-2.1124447503130415,1.818131501142582,0.21602287396420006,2.304650155553243,2.49780630230981,1
2.8434489854456384,-0.8174050744048971,0.1817766247947565,-1.5003134119731794,1.8243495331622963,-2.0565316169458194,2.5033776743747165,-1.763093582964327,2.6729073352893895,-2.18139679744851,0
-1.2363490589177908,-0.9347817066872002,1.403154849034468,1.5306078437861723,0.42652289832243134,-1.9216453857901854,-2.406846603411821,2.397860207283429,1.4447002545047476,0.6445587927530063,1
0.9255346646958577,-0.6645818159304667,-1.6130781536758105,1.0014228500506903,-0.4447625813337491,0.7485256559784604,2.482630525558594,-1.3234354429369244,1.4969728536309002,-0.06836956254523611,1
0.2688022648564131,-1.3837935308890936,1.2258790482242037,-1.682873569443256,-2.1099078362694663,0.04306339096102341,-2.0887212240019837,1.098096653174653,-1.843462779667253,0.008877621012673354,0
-1.1291804030114068,1.2231052939763496,0.0870546368075889,1.8134624380888287,0.18917808231135325,-1.528832049908592,-4.466414876772421,2.0751442273536242,-1.4089331594582362,-1.5738394408759215,0
-0.4532517205734543,1.2091198099505955,-0.9125400174205731,2.6596811234757656,-0.9245598282041674,0.0688207546829882,-3.1046552797649554,2.6046546149165124,-0.01944343380769742,0.48245478175711815,0
-1.6703729523530324,1.8181588366757873,0.6812343199949997,2.562015895126763,0.22054890689522208,-1.9666859873915041,-4.41684963256324,1.0470929672119607,-1.9417976299856394,-3.0680844142729207,0
0.6289577720654116,0.594794706576607,2.421465132961808,2.4293695868510463,0.3124849981973039,1.0212584367316409,-1.5236140405349616,1.2828525806987026,-0.12429566029181394,-0.05333349091999072,1
0.5763241255688087,-0.7615715270929277,1.721103239138698,0.7707445989129054,-1.2749591283821455,0.005879463794959183,-0.5702948055588051,0.5883325552216552,0.37414717955616805,-0.16532527510311373,1
1.4637796648781367,0.4561661270135527,-0.6763657556359388,3.566859729849239,-0.6535504696058138,-1.377282854347923,-5.160720831857355,3.7519135518188436,0.6796828547149578,-1.535441250112538,0
-1.878132319403138,0.35303638356506645,-0.06742899634275008,-0.8672780522697,-0.7461437035383703,-0.5834855513755486,-0.1921516757274567,2.304905145618789,1.8463659390537561,3.964208665038618,1
-0.2267390868422523,-0.9752177936179999,-0.4775447923350288,-0.09013648655698048,-1.9617708151754156,0.4619453985722968,2.7786402482581845,-1.508963176062451,1.1825913333707772,0.6703996021215863,0
-0.6802956027637455,0.1332382865864439,0.386769903030794,-3.0787750239154956,-0.8624217197354466,0.2383147129598524,2.3554343415868835,-2.0426650963286077,-0.903249082491604,0.4513128369750645,0
2.9128020885886245,1.550636238255454,-1.396729446763195,2.7575318944269718,-0.34100666379425365,-0.3292712993808885,-3.97842096935334,2.6778545224410175,0.17548481813471128,-2.0723801802522845,0
4.564706750546341,1.056661949261027,2.361890703170213,2.939606582477513,0.0361827294430916,-0.5705626547550564,-2.405313902080595,3.0342005693200074,2.977807636570713,-1.1747527804661477,0
1.4082563547576366,1.0313160619334916,0.7432521056230499,1.185290611504405,-0.0713906357151618,0.8240415544587184,1.3686846759620515,-0.9515150454224681,0.7332227750074274,-0.786345384901841,1
0.5756780336580536,-0.8910505172076293,1.560552959916954,-0.35878235789660806,0.8748708753092173,-1.2473707797722557,1.3327736608899652,0.19689003845144026,2.6591249077586037,0.7171379200965948,1
0.2509947102907316,-0.9007384366187103,2.1041792751167683,-0.3591599329422417,-0.01807591335572484,-2.162386651750551,-3.896205013662859,2.47646719570776,-0.35197877027384505,-0.9228187380746233,0
2.3350038897965493,1.575681897225293,0.7022043139226125,2.5415850069748664,0.9561290412932573,-2.4486599062017635,-6.26354821488949,2.628817281366054,-1.126612950701316,-4.70184818961465,0
-2.6761955013351537,-0.3776228215973046,-0.6348391242889239,-3.878094843052917,-0.5593494798043172,0.05161707906369184,2.370429447350019,-1.0907070471640892,-0.5216403147065494,2.9217415662978197,0
0.20251699229426157,-0.8366223496618795,1.7865771239787347,0.938391271531949,-0.3910497259790923,1.3076926301546887,-0.24285470882933408,0.09368883540782091,-0.7589442228896703,0.13099032432003538,1
1.0194249263015593,-0.039523846164824177,0.36019813633321623,0.46595995092109466,-1.8197386399121749,-0.24583536411693396,0.7387530422346045,0.05248594919605898,1.4934818017784353,-0.014755034664548378,1
-2.649432611122073,0.312079553784244,0.730303746639179,-0.44371602157597356,0.34513930965405826,0.11018742057429498,0.1686780921448838,1.6358527883951526,1.0253926176553168,3.9232876232328,1
2.6958240360597516,1.6653588124305174,2.0952885111185133,0.5174881891688261,1.0803706831781659,-1.1376779311674445,-2.853163462366652,0.7423161018032594,-0.8253466866519272,-3.4443468051922013,0
-1.2873496436281555,1.2510329684557555,-1.1729056357417236,0.8063245748892649,-1.3099830361559428,1.1431624162976535,0.05288444342285276,0.6472942507712791,-0.12043086851631668,1.8768041673395472,1
-0.974239409167482,0.131956147396246,-1.96725566380081,-1.4590432732280463,1.5904816260728583,0.8258512064953079,1.0152062471849574,-0.4930701884298423,-0.7337599962788266,1.4183406201502944,1
1.454211035523629,0.22159801813674082,1.050281993397764,1.4950473659884156,0.10789969826743621,2.6015691363500064,3.9174545018478253,-2.5737894957616643,0.7676981114951827,-0.15661038124181567,1
-0.8415343826448531,1.0537353176489332,0.8274648012495125,1.1196151190558794,1.352802149680511,-1.166682725543027,-3.630362327644071,2.9094325659045515,-0.04651824998879095,0.5097653486473266,0
-2.047751622490116,-0.9057337111173013,1.6542305182799522,-1.2784881930772318,0.34144262276440296,-2.6949478742548436,-1.175093128286535,2.914486347318732,2.734450347258771,3.244416752821038,1
0.5552021275469756,1.6149059259718217,1.2293691835821718,0.6294012083014996,-1.1441161886235383,0.5258947263973752,0.8230342995150509,-0.09870986982022145,0.8106334135476708,0.36828946990658645,1
1.9271698708465732,-0.01784640979348933,-1.4256840815724963,-1.856427575303651,-0.2953819846892018,-2.2533614172759275,-0.5279606103280442,-0.008263445242423728,0.8266050397813837,-1.928749519076403,0
0.8954322313052541,-0.06010294181646917,0.19010406145054135,-3.6830765406963675,-0.5551012746191685,-1.2131034235742248,-5.312616719618356,3.1450293165805117,-3.067733437739603,-0.30748227128572514,0
-3.8064051055351493,-1.334828583078318,0.20551907288371393,-1.9442984263008967,-0.4545017008435902,-0.7927098194513154,0.41302732577943424,0.4899418027119542,-0.03863494060855288,3.1228603620853197,1
2.9749449831699133,0.0987039684153378,-1.235447832122853,0.7816728950996148,-1.1920782645758172,2.2128845156211017,4.726808335122196,-2.722691418621606,1.918959205523635,-0.40208711090326843,1
-0.04411541294759913,0.3367229815964999,1.262226753925343,1.3119977303442583,3.229829126809528,2.5462276722371673,3.4792672417929724,-2.915646496973558,-0.4648597340699192,-0.24021591376360002,1
1.5686641925172506,0.6353644611714051,1.2704333556647733,0.44762698229859643,0.4898951064096436,0.7925617138445198,3.6185126469341116,-1.8190384214422122,2.19410526127149,0.07464363079584338,1
2.3551742735992702,0.8565701137640472,0.9592674586726858,-1.824968893637445,1.184700008269008,-2.014538875167931,-3.974612358171873,0.7245227019638081,-2.422218399598627,-4.056806726061593,0
-1.2339836731533376,0.8297338809873693,-0.4725339852820247,1.351346305366036,-1.1929104792665814,-1.587134667421294,-2.3459210235141086,1.5058531232076953,0.2737268046948833,-0.3588625669547298,1
1.9330508208064736,0.4345363395234831,1.2184322813768975,-2.1294712594020604,0.3303788177616823,0.33403155235376736,-1.1342106919029837,-0.6399136857280381,-2.548821213804681,-2.1763183586458594,0
1.1498419926353793,-1.2293574806183247,0.10543922618137079,0.16851351356481437,0.5803191772595504,-0.7888754654301466,0.4312652606003384,0.1977184960088365,1.6168797765747518,-0.30271020452846464,0
1.0974124050062513,-2.4047437965298086,0.015914963050670444,0.8354971392707602,-0.2506906561965594,3.3909797455886093,4.651225847475086,-4.190221322845314,-0.9859825362252224,-1.0822298302852722,1
-0.9079219811812949,0.4025194432442333,0.6496059135003164,-0.45811272221561095,-0.03836330690595214,-3.5345846930751823,-5.23239024365944,2.9327729227398,-0.6926617799409942,-1.434114983712629,0
-1.4670484795907655,0.651477246707511,0.16999604147217434,-0.4198620337785324,0.06116488315665739,-1.9922079796768375,-1.8429356556747316,1.425802163004993,0.3563480287009344,0.3690422949563732,1
0.6922336699291332,0.9404565783741969,-1.0454545078799107,1.5653350526490477,-0.9967184101416476,1.4309221470745133,0.8357387608957745,-0.8668970631620401,-0.2667439749613376,-0.6152081153649358,1
2.361529710323131,0.758839056359829,-0.20984211000905195,1.9762657111378799,0.01590761982389131,-2.0537273046007227,-3.8890064745609467,1.8813911994826267,0.31674744582921943,-3.359377459338587,0
0.5605347907745346,0.33593539139645895,0.18654182120262447,0.7459220877489218,-0.7494624633831906,-0.6122086503273861,0.4917182910134454,0.12648887807609088,1.5571497773105183,-0.12453786895570977,0
3.2464454414301813,-0.15372666069731275,0.9411618657467511,-2.683012546684953,-1.1883818721560526,-0.8447063170405967,-3.168886497845389,0.39271616974565315,-2.8259468666932657,-3.544627715836944,0
0.9707036653882753,0.9909961797249501,-0.5941201885449019,-1.7509698454900393,-0.37600315706297405,-0.6485011902484108,0.9997045526551438,0.31336465557922866,1.5289423939060267,0.9978598459602528,0
-0.2801314616254882,0.16118492225185851,-0.5529049383707991,1.5675207011603982,-0.48640551982541314,-0.19566285836337383,-0.05788798794394155,0.45115520443847457,1.0636149985199839,0.23580995763295787,0
0.6539364575957995,-0.3487016354401247,-0.4652991634843355,2.9477319175192624,-1.570125281645645,-0.8967741288574214,-2.0221761129448894,1.7354262558865625,1.4011758419398377,-0.8198055898192506,0
3.929349824940884,-0.4719921726233347,-0.3836219320035151,0.980792556132867,0.25800099766949486,0.09358648399093172,-4.8923408801278665,2.6911397538869872,-1.592754565488093,-2.735303136923452,0
-2.0659129170968793,0.007121368815214101,1.0777585841183233,-0.05269043611179347,0.11998438383813205,0.04184350275332438,-0.2592766520064787,-0.24920819693936314,-1.0882609696367238,0.4965615911466237,1
0.8630266162020863,2.4065258685822086,-2.3905578050202423,-0.5386423908306633,0.3994491421961073,-1.062456345139067,-0.3674380545671243,1.4179649033252175,1.8439090933698767,0.9057844407441282,1
4.163013596758865,-0.5097897289597362,-1.1079252261948622,-0.5813550049657839,0.7540140713944891,-1.2806319161961701,2.0077850983588394,-0.1986838561206543,3.8006023990394144,-1.005499400495489,0
-1.2744098392832286,-0.07964197820578524,0.23016620357939316,-1.7216579885531846,0.8254141182487367,-0.45773023661725676,-1.833570885643119,1.2766750463269603,-1.3680544666309815,1.056442355555748,0
0.10818729556446516,0.889217016047867,-0.5554109870163402,-1.9210735717401228,0.9276188906152871,0.5920259723332615,2.334866753190398,0.558357322352333,2.1225248159330325,3.516869566159577,1
-2.5785806509349287,0.08358674262930688,-0.30805367307068693,-0.4688473442502181,1.198369010406861,-1.6245891046091232,-0.43411925191439554,1.5364666367871438,1.5315121903709161,2.4892641245061555,1
-2.967792263128684,-0.15195789555783176,0.3387748238996087,-2.0160334511944384,-0.035047612322013685,-4.695421305112088,-3.0408009938793983,2.588590249509976,1.2629702552576032,0.9534584428575114,1
1.2989886129808057,-0.7997641277878986,1.7134380090505723,1.6057258103148884,1.3354317289695847,1.7812334586986047,1.1376571915243034,-0.9800221123270569,-0.14292607423342085,-0.6748640176643692,1
-0.7576849683989827,0.32568309383772637,-0.07341422739246924,0.27694998679377547,-0.21115898007514328,1.6281792340675527,1.5432343976873937,0.8994198495005233,1.4124010301042345,3.611797645144183,1
-2.3696897321877284,-0.48351258853658513,1.189675198185023,0.6596549189319834,1.4542000122758232,-1.0681959468851052,-2.7765924889343734,2.297733596636066,-0.30527807510661975,1.3358641965911568,1
1.4652065618049273,-0.4621951832629567,-1.7213539671940445,0.0021372152316295745,-1.97181516773194,0.2567804224084196,3.9508337418878052,-2.1663032582805446,2.423456688222548,-0.17924160795768135,1
2.9559720089509653,1.4445480754794222,1.5783366953387015,2.8127914588563847,-0.13212487511416424,-1.0970769509577858,-4.985334017191558,4.160256518273485,1.1641626736378257,-1.2520803568934853,0
0.598353305879535,0.07638440758894635,0.9747256009057284,1.6985276159965665,1.9588100681422542,-0.38541517206067333,-2.660102843711473,2.587939776037109,0.6990339725597877,0.372549779740452,1
0.5624626702083915,0.917710524560253,-1.9267095965809427,-1.694013050120542,-0.39837213707773766,-0.44086658448078975,-2.3423222122794374,1.1212469525396707,-1.684817955298327,-0.5321773844796508,0
2.6407316702947994,-0.36056673178985454,-1.2117769192049808,-0.19694242215969981,0.5326311343770632,1.9130908890553233,7.783190374726804,-4.537495726649298,3.3144515736683813,0.043431818301900245,1
0.2774036072008602,0.8983342466106601,-0.4545289723907412,-3.729450215453441,-0.10614639482332917,0.5563987424445909,1.7697029697096143,-1.3382166184527562,-1.0968670621721437,0.7378147682340113,0
0.03019018873270818,-1.5865276436576432,-1.5659687963468298,-2.328452601433751,0.7815181527137038,-2.0939411357382647,-5.785554957304308,3.2885871704352834,-2.503564470797845,-0.8069895469011663,0
-0.1275816704583499,0.7407256829826417,1.1072942573856106,1.8370348415014137,-0.9311880324535422,-2.093750494134524,-1.4793886345748577,-0.4859195076263758,0.013763262791986253,-3.2709528466434405,0
0.17909087787553268,0.9909616123926529,1.081948177713248,-2.2643721830869565,0.9251642928846124,0.43525931727725564,1.1265651282131517,-1.5630202504846755,-1.4552961410815024,-0.5165954212111088,0
0.17145012508081592,0.5048666322952801,0.17154505056332062,-1.8160112627794072,0.9099641374112959,-2.913489130183949,-4.796317006923195,2.3243333982892436,-1.5392607549580508,-1.83241667209294,0
1.2028191748026895,-0.6469530541180206,-0.3251592339758745,0.7221406116344544,1.5559537240668089,-2.1631374293715204,-3.1605610046962522,1.2006224859298626,-0.21056274772648753,-2.8112019777669133,0
0.6648460950735049,-0.1980248989587013,0.354690986039357,0.14577862247595674,-0.15802448008628092,-1.3974782669894439,0.287417616571229,0.8534058865396636,2.4642292545147995,0.4766778067295479,1
0.7268796680406067,1.215429813686056,0.3964597130409407,-3.5714203206775226,-1.0603097838015614,-1.3322202509400904,-3.7921257215375173,1.4590847103328455,-2.9870891989517765,-1.3165584757064384,0
1.5955056513937413,0.6990808867441777,-1.6750808004617643,4.445160435528496,-1.7973349779332692,-2.1134640315012634,-4.978646461300518,2.2406617844815027,0.2243249201036267,-4.085687831040197,0
-1.5955390270899015,1.3527998456957198,0.0075029744816880765,-1.7633795183936565,-0.2364146302786353,-0.7605906458736968,1.2304250739153075,-0.2048972815651815,0.7347795394804906,1.7260651246361216,1
2.0231449028293786,0.3588285326452703,-0.8186210871641832,-2.1099285589877876,-0.2123489140343474,-2.272108207002173,-4.613035479020486,1.6336797456158598,-2.2005464246459745,-3.2194752920571776,0
2.8050109848978675,-0.08974533601511399,1.2620904960258454,1.9155029388024996,-0.03218056512901509,-1.207958065331833,-1.3270605879425028,1.2184606782670138,2.010992390789599,-1.8818938457118664,0
0.6246546839602272,-0.3620983942919553,-0.06493122827130599,-0.7271580272808683,1.0991722973503169,0.9797662756834107,1.2989485567531514,0.2710687081657689,0.9139726218946733,1.8060526008066011,1
0.6967865566871194,-0.3033469188198543,-0.14595299782903404,1.2420297137050746,-0.4271030163021271,0.35292709680050427,-0.12197688202988433,0.555819091298523,0.7978121026723848,0.1494944642118151,1
4.339495636681404,0.07819513169342533,-0.7619866461208319,1.5396408315019032,1.6380555983709402,-1.5919023190478363,-0.5730763852000844,0.8421144272493472,2.987740625974834,-2.584202183373081,0
0.21655953541813422,0.04039012677854469,-0.5426969874043752,-3.423510211879536,1.213032502217007,-0.6738361912094053,1.46177623639174,-0.8366798629654102,0.08657620432118573,0.5966170229361815,1
1.4602528062130107,0.7454953375768243,-2.339231900406873,-1.818731026216825,-1.4203351327654734,-0.5041509166130755,2.17454823681776,-1.1156077077878308,1.3717663752462248,-0.13032288615825321,1
0.928679307954918,0.284621047537073,1.7381467583261392,2.3429397407751673,-0.10190237177542805,-0.4541893692218524,-2.1433742581316255,1.9407844801553602,0.9859340018554025,-0.43593692489865865,0
0.7614956725130226,1.239733307978622,-0.34475201767868985,0.6444402484038481,-1.7168575228553693,1.229000409826326,2.446140452428119,-1.5975353552420453,0.6423390919929073,-0.10472594287112183,1
2.194268983965756,0.4186801288643035,-0.20535722387881458,3.046459950694863,1.4297307261923515,2.418546735225052,2.4169895410415227,-1.0407428878103548,1.5264997132362754,-0.18397221766389224,1
0.24384833375863546,-0.5739354126827827,-0.6802958350592943,0.22628581125845926,-0.3901281909734498,1.094781453743996,3.351672928756345,-2.280359001765394,0.7936812105194591,0.049233264977081026,1
-1.5718165797832497,0.012588933245220358,-0.9549533108150229,1.1215899638920264,0.3227016673129792,0.057592568767540264,-1.100903582680522,0.3541912765988613,-0.8857675463448758,0.05645884679334613,1
1.4482599707883548,-1.9452516969612503,-1.476197440705909,2.443059816392535,-2.298935839162718,-1.88985282095862,-0.8615055837245452,-0.25430399028556216,1.4018593868182854,-3.2671704220227866,0
4.026092762414564,-0.47876251908483464,2.4390231871773165,1.9818865358790956,0.37736436613524704,0.8310310886789507,0.8112245650555732,2.1905912564573162,4.25761415647832,1.5855700197657712,0
0.41520952926397126,-0.09414252420741283,0.7497863441084922,-0.6080807153054284,-0.706063863983191,-2.0788046423413187,-0.525713111909269,0.4355305180986765,1.2697512705005585,-0.7912284377145385,1
-2.4102320317544867,0.6740247108298125,-1.762816222176216,0.28502279743259584,-1.601440052477868,-1.0652588404835281,-1.0201759894952707,1.6580248768898294,0.8896470729410758,2.104168910272216,1
-0.4306601503095222,-0.6651943684645465,0.8635893559200984,0.47039072141646177,-0.6519497788555446,-0.7326995530736728,-0.9517443041483789,1.6845874446319495,1.2788121015692182,1.2981742452555158,1
1.6502063206892945,-0.04581104431808029,-0.06329525886579862,-0.038570107108374274,0.5608080651609907,0.8626167034932533,0.7459231578298894,0.33789667946874447,0.9327011526440765,0.6713235096916043,1
2.4789303118432877,1.0182204292344588,-0.4330493147383709,0.2190836583826814,1.3075338803175378,2.5974157892623135,0.47448138761478253,0.9938039328277178,0.3002080269644035,1.600848183732614,1
-2.189342978039632,-0.031515059180472246,0.14776694946647423,-3.6250819978063604,-0.9351449983886685,-1.4859442651464807,-0.19002604871568024,1.368358583807273,0.45334147081955034,3.138181175364691,1
-2.723226272182245,1.396863893052305,0.4709130635579519,0.35693810940617343,1.388824414144988,-2.258518279286035,-2.493008203451044,1.7632954011169413,0.1559924966965378,0.589750881936495,1
2.510738004536258,0.5923584078044751,-0.8478509736907655,1.1708943291326739,1.1827590192195223,0.767086235109019,1.305670194319266,0.22337545804090086,2.1748343427185017,0.2204827124615889,1
0.22435857550990168,-1.4424544578939948,1.2692806778651264,-3.9686023663026413,0.5107098709589695,-1.4085925053709984,-1.5687760985972086,-0.21361712878129357,-2.387137106737492,-1.3734874580960688,0
-0.6662104804788365,-0.27401631381909686,-0.5576555790986524,1.683034034341014,-0.1788746048480557,-0.8598218060059983,0.15170693551082215,-0.5016054957055629,0.7618857151174906,-1.025465414641003,0
1.9495454835391608,-1.218776233189182,-0.6999094117674,-0.10225618832820393,1.9139128463736548,0.21950547056591496,0.7883737257912864,-1.3179132934496343,-0.21193966906682637,-2.007431546708175,0
-1.8679793116387438,-0.4197113365134019,1.579819244832888,-3.871872843256385,1.6716284579131035,-2.123588073078454,-1.6985938844019348,0.748952550198513,-1.4570155151244197,0.5799193378858323,0
1.935289379288006,-0.5058456692529554,-0.9684127137100002,-0.5539691382897738,-0.31136924127099364,-0.13061213274785555,1.6039037457271137,0.5192556575993199,2.717377795033575,1.2440421670578095,0
0.27036700206078557,0.7687444546116228,-0.3362224142095311,0.2045248644424803,0.5467493539641234,-0.5275706352705356,0.1615387719272498,0.5427097025116594,1.279786113771384,0.48605846846049966,1
-2.387687231324618,0.9485542996542414,-0.6431357920283707,-1.812210925564024,-1.0371946977668485,-2.6924438429573825,-0.7988481452955792,0.57570040338766,0.4586385686783373,0.6228847281264123,1
0.984055301661238,-1.528341582162881,0.5591949907086667,-4.3006992426361705,-1.1157803568259743,-0.406364411511265,-4.565493680549896,2.80959743097139,-3.3701469469176835,0.3368317152891607,0
-0.24963817166440827,-1.171304595544942,-1.2314681704286847,0.5521842287847345,-0.24408563855855206,-1.7489550959272764,-3.454429545701054,3.459751001178044,1.0871179005038516,1.03104633199234,0
1.0901023086762982,-0.8168960881781395,1.2485911362493523,-1.3228747452818057,-0.14534531448773885,-1.7335853818867826,-0.012399797960743654,-0.26467677490692876,0.7657781022732978,-1.3272949552202589,0
1.109104795718326,1.518026291570467,-0.8526449096356515,-4.120554534953899,1.208658108376434,-1.7978647635889027,0.5797580560212987,-0.764868947923528,-0.061183235011949555,-0.8268877985025366,0
1.0178755163956255,-0.12678330663866985,2.15073068849605,-1.377952403665631,0.4286371027612596,-2.619398355533976,-0.407814378529731,1.6311944824912483,2.9030982793541344,0.6427534938392887,1
0.15160725305069245,-1.4935237650839297,-0.6034000328390805,0.5471890160811423,-0.26338968781213823,0.010784071644146964,0.304260541808739,0.44857476058260226,1.0438994643278359,0.6811142941144304,1
3.992162664063871,-0.36072481995861383,0.13176187600038997,-0.41600586655374017,1.0922907020247334,-0.38506997345058125,-0.8209044734923899,-0.7639914997269339,-0.6674894079957373,-3.854150157848703,0
-0.9857600749985045,0.8764153664646398,0.5341144682972696,0.8715152428263344,0.31291798890117156,0.4843676483853381,-1.6665927238539804,2.320260540136351,0.2336667039878474,2.2504752123699916,0
2.2946932369137754,-0.9687747384090089,1.7896989895963833,-1.4124186298949022,-1.3506627611656268,0.39414672272359197,0.4772895797989584,2.218014043923067,2.5661900149745165,2.8838149591797357,0
4.814101330214578,0.6763817197037947,0.16916687482853096,2.8451341292375987,0.5988996097207662,-1.519098793829761,-4.441825035594197,2.35359823782977,0.6711350870326662,-4.416746368154715,0
-0.9581308178927586,0.4341420240093177,0.250921497770598,-3.250428608439355,-1.7706561716636915,-1.1824994909454447,1.4387052921595886,0.18451814145066903,1.2885947885448366,2.3314697714319355,1
-0.03373120335222102,0.2729141152332561,-0.47499368715749835,-2.2071313967934723,-0.12528987130810787,-1.585763698927643,0.12134660032262148,0.15940742680719255,0.658472271869669,0.23604249885428258,1
-0.5228074089747037,-0.2826092674912256,0.16260534505003804,0.2509663906854075,-1.8527095348652787,-1.461205537000193,-2.778594981976838,1.2266869369958142,-0.8468062126848652,-1.1518085767157038,0
2.3893222959616667,-1.6550168940722543,-0.08674444724533177,1.1982425521003315,0.525545680190085,0.337224726432765,2.2783881318913672,-0.408315337675042,2.933965745598387,0.0658545587012953,1
0.4732782853820465,0.42883829780528115,-0.2828072651121267,1.3693003149809104,-0.15772244506990077,0.7733792552247127,0.0082941413341412,0.31336956280216555,0.37721187534068545,0.18453704721563813,1
-0.22637509595391703,1.5052386894064136,-1.3113538919198857,1.7257645185943953,-1.8615435281616473,-1.7750689495028544,-2.037806922560445,0.32255114176512467,-0.08770575645904866,-2.4208276422789874,0
1.0654489771549582,-0.1319367148937541,-0.08106186188457366,3.5697462707940346,-2.0657020978301204,0.6637437605676164,-2.1817182464604534,2.9074863925337384,1.5998269002949868,0.9706682827092139,0
-0.17680826124928728,0.7218202312280553,-0.5761545513551488,2.1341624802819377,-2.7022422583615797,2.3567931664346466,0.3441818953793698,1.038536561067988,0.4669648635334488,2.2950814082311792,1
2.307322869195421,0.0327476475294002,-1.5476155133595542,1.925553428007561,0.6053785558135218,0.7478156042626298,-1.4740204049152408,3.2010527915092637,2.331628191981993,1.8316901421490883,0
-0.3695714490356026,0.037676204708587735,-1.0667675546846611,2.5794634438620356,0.2361841552978902,-0.699906471617505,-5.506673567109255,3.568054684995385,-1.2054906524901616,-0.6324416512615985,0
0.15971096017794484,-1.436742238258311,0.25867908548323615,-1.2914838322123057,0.6705966261110702,-0.1615960611209174,1.217115775521453,-0.3128101136069601,0.7463994555316862,0.813748247172692,0
0.6481520100006803,-0.043022322964259174,-0.5582410564333905,1.5528988503770038,0.5791253871425066,0.017798246029666842,-0.4582909108089886,0.15280062758441537,0.34829860779844335,-0.9049971736456256,0
1.1405324775588654,2.178416208037873,-0.3906286427666739,-1.9479721289021088,0.14138067630132475,-1.2983765158940237,-4.660781588776706,2.1549493813429135,-2.5852248286596327,-1.7180017980227682,0
1.5784430573548205,-0.1868153704650658,-0.6459105588325199,-1.6370329597667284,-1.3502180969120867,-1.0697890261412883,1.2575517239764613,-0.8826594873293565,1.0805798456482372,-0.9571754024447354,1
1.057657623281887,0.5415324964554455,-0.7716545938719451,1.6710083276074101,-0.5205491170534167,0.7855064393877086,0.41915864623454463,0.19032142201623925,0.9588635240366619,0.0076606097295102,1
-1.3501463977279613,0.9283449745581417,0.022401588039713274,4.2225389443176375,0.05234312465149099,-0.35619546959774473,-1.2844574748869897,0.23277140859991285,0.2881911351034845,-1.3533387211360075,0
-0.6637450418677688,-0.7577050013726064,-1.6701781924162264,3.0714804162558123,-0.4174489690553193,-1.352066970954619,-1.8475199513248413,0.14056938908053107,0.02318211768493872,-2.45113832254759,0
0.7478145496713486,0.4343624898395662,1.3938584729693488,0.28196258816997,0.8866387211137388,1.8047406751259802,3.359746503321819,-2.6424955919605804,0.036814682367073304,-0.4150894995654062,1
-0.1819128852334908,0.14342186871507598,-1.2064103339541288,0.7144134208205155,-0.2940473139662285,-0.29475937481574666,-0.6672101432938725,1.0500631764064237,0.7683578411364891,0.6618675654646795,0
2.367360970049534,-1.108121964109171,-1.8842162685219725,2.1218360715486706,0.6067846469543371,0.0459897619294416,-0.704102957868086,1.973330344302341,2.5477371447879666,0.4179448990929867,0
-0.6673075608453398,-0.47627302276737804,0.8058934603321255,-0.13586957483058404,0.21221912837602613,-0.3825219117285932,-0.25815471733207684,1.0742228200275044,0.8980564849617059,1.4792047336488194,0
3.2592012800172996,0.027586351623552368,0.9266967343836623,2.1571678384122115,-0.19587438650316466,-1.3688832810916167,-5.369127218762696,3.1949732186331476,-0.24661411493776209,-3.0356574843042834,0
0.16749497604979513,0.4546889519536365,0.6948161429230939,1.6914043351926429,-1.0300758824810878,1.0711520886285757,-1.5373319802527499,1.241455984684538,-0.6015384320287434,0.31897322144224166,1
-0.7483326232405973,-0.1679160596677682,-0.5072841646663382,-0.05278457666827929,0.7771389479869385,0.3783637692988735,-1.0547698598972124,1.8467457318550728,0.2337645138324631,2.1991934086498737,1
-0.60088902062626,0.7110339802617263,-1.0714193917120802,1.5287107823407546,1.9172103890413,-3.2542547891740714,-3.496185377674196,-0.31779847772522096,-1.4798189377372282,-4.98379964458593,0
1.2150067984303843,0.15195187794363502,-0.17202404701473895,-0.3985406833746922,0.5392101339846195,0.4440702317961669,3.3137444177286373,-3.689741223663689,-0.2327974220251462,-2.5548604944613955,0
3.2903594195655326,-0.07860980175325702,0.8039292795848746,0.7259132438291489,0.07087187047536225,-2.665235876488211,-1.6353148285972054,0.44222187962257253,1.6099488720735153,-3.794361744352639,0
-2.108725240628254,0.55396892568194,0.33762153050386134,-5.027506054126487,-0.02668113383841335,-0.8534572178891109,1.8778913462722706,0.6144681353439767,1.0644907855181267,4.489724510831128,1
-1.4513646262633548,0.10069073885990747,0.05524351057590904,-3.725532449041604,0.6433077805035644,-3.378820049612082,1.9961720358346728,0.12925391696434252,3.212929928587728,2.1811309137687758,1
-2.593471797238114,-0.14292023225737802,0.20726875313021484,-0.7065647528883475,0.48514309564823804,-3.3055829798182206,-3.564526731719418,2.3918478522676034,-0.002113104908117558,0.2864233684490938,1
-1.3406260015101097,-0.12251423984480558,-0.9863860712965885,1.2994041084862045,0.01841918618654087,0.12583772999860954,-1.9074616458788987,1.8943072022384375,-0.14112740039908367,1.36225988782191,0
1.705034706878794,-1.1791732187363086,1.5912231997682411,1.1377300316616754,-0.4477896183634996,0.08381951125990028,-0.5832832460642726,-0.5447667502192208,-0.474979040251704,-2.3855384773791397,0
0.8140070610020345,1.2266461317191177,0.658548553730445,-2.7386437807185455,1.1942945702200611,-0.7303764336464584,-3.05502876565583,2.056304297454343,-1.6429739516893422,0.1625329449403936,0
1.889622267451335,0.7056312338051302,-0.8196567616334733,0.6610343888212651,0.3213331813140992,-2.0791087082454274,-7.678693246908259,4.243380318688155,-2.1466776037368254,-2.8324486799297697,0
-1.4878438849540827,-0.34772356153097006,1.0641839529286203,-2.008046841688568,2.1150516821422025,-1.9885260884826388,-2.3683669047648173,1.9248842543492288,-0.3234730229037912,1.0209305005452278,0
3.3564037178057586,-0.11710405608922823,0.3648287889421647,0.39556647706134873,0.5387409256759493,0.8942592494797126,6.255015413265997,-2.865447946500166,4.446772360532812,0.08773954177422227,1
-0.3855358683101142,1.5075674538069848,2.3613010227878575,-1.0715436534742637,0.025567818794591177,-0.46561713506402813,1.136645849814014,-0.6373842373622113,0.4981515771747539,0.3799026923330422,1
1.03436834084515,-1.8491844262661106,0.7872676660296659,1.5176602030803292,0.2121639462900121,1.2085176344825825,-0.8353891656838576,0.3836756858990371,-0.6529847184648954,-0.5942183841078806,1
2.1394088795744324,0.559432845408076,-1.3560122715994256,0.41122311422198066,-0.2400873199671996,-2.225975640784508,-1.6481128302630539,0.5507153352940761,0.9954108972256555,-2.807756908335719,0
1.2072108723710329,1.0515810454264938,0.8920478034272733,2.7744752989238397,0.5809622947236015,-1.3636321531478721,-0.9748814978768846,0.21853662093699444,1.4376788827236742,-2.447311574712974,0
-1.5990013450213598,-1.2944235058983073,-1.5043210930877229,-0.7543212681981324,0.29376808097944007,-0.1436820993970106,0.8154122604400867,1.4637917419928508,1.9057821934643493,3.6939454654499846,1
-0.08575755974640287,1.8934523228245186,1.3688845853099327,0.7945393476642018,-0.9093696726362216,-1.546092694965798,-4.585269828673081,3.00787721802302,-0.6984132191320316,-0.6505235898434718,0
2.2254672509526374,1.2810763920911812,0.9870843417498008,-0.9024838895588809,-0.7339942788786429,-1.1195102094170812,-6.51478974135125,2.8326404966692564,-3.4950965668210543,-3.1392087271427584,0
0.02826137948987517,-1.1751619961278839,0.434971472673564,-4.80631712706134,-0.12910270847372343,-1.414478039411172,-0.10587741301758717,-0.7114138468989768,-1.5822349025726439,-0.47229718568167683,0
